name,lat,lon,province,population,feature_code,geonameid
a coruna,43.37126,-8.4188,Coruna,246146,ADM3,6357300
a guarda,41.90403,-8.87225,Pontevedra,10453,ADM3,6360225
a mezquita,42.01419,-7.05048,Ourense,1304,ADM3,6359866
a veiga,42.27249,-6.93966,Ourense,886,ADM3,6359899
ababuj,40.55147,-0.82612,Teruel,73,ADM3,6361427
abades,40.90873,-4.26981,Segovia,882,ADM3,6360747
abadia,40.28169,-6.00658,Caceres,330,ADM3,6356698
abadin,43.3798,-7.50625,Lugo,2760,ADM3,6359165
abadino,43.13371,-2.61892,Bizkaia,7385,ADM3,6362353
abaigar,42.64887,-2.14111,Navarra,101,ADM3,6359550
abajas,42.6236,-3.57948,Burgos,29,ADM3,6356331
abalcisqueta,43.04744,-2.10532,Gipuzkoa,0,PPLA3,3131131
abalos,42.56635,-2.70349,La Rioja,357,ADM3,6358991
abaltzisketa,43.05116,-2.11038,Gipuzkoa,324,ADM3,6358093
abanades,40.88537,-2.47238,Guadalajara,70,ADM3,6357806
abanilla,38.21591,-1.05451,Murcia,6063,ADM3,6359506
abanto,41.13384,-1.67899,Zaragoza,78,ADM3,6363004
abanto y ciervana,43.31667,-3.08333,Bizkaia,9708,ADM3,3131115
abaran,38.25343,-1.32133,Murcia,13030,ADM3,6359507
abarca de campos,42.06042,-4.84208,Palencia,39,ADM3,6359980
abarzuza/abartzuza,42.75904,-2.03905,Navarra,548,ADM3,6359551
abaurregaina/abaurrea alta,42.90351,-1.19167,Navarra,133,ADM3,6359552
abaurrepea/abaurrea baja,42.9041,-1.23117,Navarra,39,ADM3,6359553
abegondo,43.21849,-8.28901,Coruna,5709,ADM3,6357271
abejar,41.80009,-2.7808,Soria,367,ADM3,6361061
abejuela,39.90598,-0.86738,Teruel,62,ADM3,6361428
abella de la conca,42.17108,1.11642,Lleida,174,ADM3,6358761
abengibre,39.21526,-1.54843,Albacete,888,ADM3,6355293
abenojar,38.86892,-4.437,Ciudad Real,1579,ADM3,6357095
aberin,42.62092,-1.99285,Navarra,392,ADM3,6359554
abertura,39.27436,-5.80014,Caceres,432,ADM3,6356699
abezames,41.63894,-5.42686,Zamora,78,ADM3,6362449
abia de la obispalia,40.05406,-2.3658,Cuenca,81,ADM3,6357362
abia de las torres,42.4385,-4.42007,Palencia,180,ADM3,6359981
abiego,42.14361,-0.06881,Huesca,259,ADM3,6358256
abizanda,42.25572,0.18311,Huesca,162,ADM3,6358257
abla,37.15566,-2.76444,Almeria,1465,ADM3,6355518
ablanque,40.89606,-2.21492,Guadalajara,100,ADM3,6357807
ablitas,41.96961,-1.59313,Navarra,2663,ADM3,6359555
abrera,41.51604,1.90175,Barcelona,11870,ADM3,6356039
abrucena,37.15126,-2.8162,Almeria,1360,ADM3,6355519
abusejo,40.71472,-6.13284,Salamanca,233,ADM3,6360259
"acebeda, la",41.09302,-3.62014,Madrid,65,ADM3,6359227
acebedo,43.03529,-5.12525,Leon,256,ADM3,6358552
acebo,40.21439,-6.70916,Caceres,648,ADM3,6356700
"acebron, el",39.90816,-2.98075,Cuenca,266,ADM3,6357363
acedera,39.08012,-5.5919,Badajoz,810,ADM3,6355867
acehuche,39.79843,-6.6413,Caceres,846,ADM3,6356701
aceituna,40.13808,-6.28943,Caceres,626,ADM3,6356702
acered,41.16437,-1.60079,Zaragoza,131,ADM3,6362696
aceuchal,38.67122,-6.49635,Badajoz,5702,ADM3,6355868
adahuesca,42.20907,-0.02378,Huesca,196,ADM3,6358258
adalia,41.64381,-5.1263,Valladolid,57,ADM3,6362129
adamuz,38.03511,-4.5274,Cordoba,4446,ADM3,6357196
adanero,40.94239,-4.59522,Avila,266,ADM3,6355619
adeje,28.12633,-16.74332,Santa Cruz de Tenerife,46894,ADM3,6360619
ademuz,40.07506,-1.22341,Valencia,1258,ADM3,6361866
adios,42.69779,-1.73417,Navarra,189,ADM3,6359556
adobes,40.67246,-1.66744,Guadalajara,53,ADM3,6357808
ador,38.91641,-0.21947,Valencia,1440,ADM3,6361867
adra,36.76592,-3.0547,Almeria,24626,ADM3,6355520
adrada de haza,41.59777,-3.82069,Burgos,243,ADM3,6356332
adrada de piron,41.06308,-4.05222,Segovia,45,ADM3,6360748
"adrada, la",40.30783,-4.65527,Avila,2704,ADM3,6355620
adradas,41.33996,-2.48342,Soria,70,ADM3,6361062
adrados,41.36782,-4.10786,Segovia,170,ADM3,6360749
adsubia,38.85201,-0.16648,Alicante,749,ADM3,6355377
aduna,43.21481,-2.05475,Gipuzkoa,452,ADM3,6358094
agaete,28.10363,-15.69431,Las Palmas,5767,ADM3,6360171
agallas,40.41899,-6.42694,Salamanca,152,ADM3,6360260
ager,42.01169,0.76296,Lleida,593,ADM3,6358762
agolada,42.79254,-8.0504,Pontevedra,2803,ADM3,6360222
agon,41.84957,-1.4413,Zaragoza,146,ADM3,6362697
agoncillo,42.43622,-2.27884,La Rioja,1164,ADM3,6358992
agost,38.44858,-0.61758,Alicante,4791,ADM3,6355378
agramunt,41.80332,1.07083,Lleida,5633,ADM3,6358763
agreda,41.86137,-1.89357,Soria,3177,ADM3,6361063
agres,38.78738,-0.51236,Alicante,598,ADM3,6355379
agron,37.0136,-3.82064,Granada,342,ADM3,6357639
aguadulce,37.25069,-4.97988,Sevilla,2165,ADM3,6360956
aguaron,41.33282,-1.29812,Zaragoza,631,ADM3,6362698
aguas candidas,42.73254,-3.4968,Burgos,65,ADM3,6356333
aguasal,41.30409,-4.62636,Valladolid,29,ADM3,6362130
aguaton,40.66845,-1.22497,Teruel,18,ADM3,6361429
aguaviva,40.82203,-0.19909,Teruel,562,ADM3,6361430
agudo,39.02143,-4.80986,Ciudad Real,1854,ADM3,6357096
agueero,42.30781,-0.85306,Huesca,142,ADM3,6358259
agueimes,27.89145,-15.44071,Las Palmas,29912,ADM3,6360172
aguilafuente,41.24757,-4.08655,Segovia,679,ADM3,6360750
aguilar,37.51476,-4.65717,Cordoba,13509,PPLA3,2522335
aguilar de bureba,42.59082,-3.33377,Burgos,66,ADM3,6356334
aguilar de campoo,42.79292,-4.2597,Palencia,7203,ADM3,6359982
aguilar de campos,41.97627,-5.19669,Valladolid,314,ADM3,6362131
aguilar de codes,42.61168,-2.38345,Navarra,102,ADM3,6359557
aguilar de la frontera,37.50346,-4.66026,Cordoba,13701,ADM3,6357197
aguilar de segarra,41.72974,1.61586,Barcelona,250,ADM3,6356040
aguilar del alfambra,40.58947,-0.8135,Teruel,82,ADM3,6361431
aguilar del rio alhama,41.95368,-1.9926,La Rioja,546,ADM3,6358993
aguilas,37.44703,-1.55921,Murcia,35031,ADM3,6359508
aguilon,41.29192,-1.02744,Zaragoza,235,ADM3,6362699
aguimes,27.90539,-15.44609,Las Palmas,28924,PPLA3,2522325
agullana,42.39224,2.8467,Girona,858,ADM3,6534002
agullent,38.84231,-0.55328,Valencia,2465,ADM3,6361869
agulo,28.18842,-17.19532,Santa Cruz de Tenerife,1164,ADM3,6534180
ahigal,40.16516,-6.2,Caceres,1462,ADM3,6356703
ahigal de los aceiteros,40.86236,-6.76039,Salamanca,138,ADM3,6360261
ahigal de villarino,41.16553,-6.37303,Salamanca,37,ADM3,6360262
ahillones,38.24745,-5.89255,Badajoz,998,ADM3,6355869
aia,43.24511,-2.15243,Gipuzkoa,2026,ADM3,6358107
aibar/oibar,42.59332,-1.35363,Navarra,875,ADM3,6359558
aielo de malferit,38.8867,-0.60153,Valencia,4743,ADM3,6361907
aielo de rugat,38.88098,-0.34485,Valencia,190,ADM3,6361908
aiguafreda,41.76657,2.25228,Barcelona,2478,ADM3,6356050
aiguamurcia,41.36299,1.424,Tarragona,906,ADM3,6361244
aiguaviva,41.93289,2.77505,Girona,774,ADM3,6534003
aiguees,38.50918,-0.36232,Alicante,1105,ADM3,6355380
ain,39.89216,-0.34336,Castello,140,ADM3,6356961
ainsa-sobrarbe,42.32688,0.07127,Huesca,7293,ADM3,6358453
ainzon,41.7887,-1.52377,Zaragoza,1043,ADM3,6362700
aisa,42.71922,-0.58998,Huesca,326,ADM3,6358260
aitona,41.48031,0.47605,Lleida,2603,ADM3,6358795
aizarnazabal,43.26541,-2.23283,Gipuzkoa,766,ADM3,6358095
ajalvir,40.52909,-3.47658,Madrid,4559,ADM3,6359228
ajamil,42.16705,-2.48752,La Rioja,83,PPLA3,3130752
ajamil de cameros,42.15863,-2.44131,La Rioja,79,ADM3,6358994
ajangiz,43.30297,-2.66586,Bizkaia,457,ADM3,6362445
ajofrin,39.72871,-3.98381,Toledo,2288,ADM3,6361662
alacon,41.05331,-0.70769,Teruel,204,ADM3,6361432
aladren,41.24303,-1.15487,Zaragoza,62,ADM3,6362701
alaejos,41.30737,-5.2175,Valladolid,1494,ADM3,6362132
alagon,41.76865,-1.1242,Zaragoza,7167,ADM3,6362702
alagon del rio,39.96855,-6.3166,Caceres,841,ADM3,7577096
alaior,39.91296,4.14708,Illes Balears,9610,ADM3,6533928
alajar,37.83944,-6.65079,Huelva,803,ADM3,6358177
alajero,28.04992,-17.24586,Santa Cruz de Tenerife,2039,ADM3,6534181
alameda,37.232,-4.66519,Malaga,5504,ADM3,6359406
"alameda de gardon, la",40.64164,-6.7622,Salamanca,104,ADM3,6360263
alameda de la sagra,40.00669,-3.806,Toledo,3511,ADM3,6361663
alameda del valle,40.92046,-3.84824,Madrid,243,ADM3,6359229
alamedilla,37.59868,-3.22353,Granada,673,ADM3,6357640
"alamedilla, la",40.45701,-6.80654,Salamanca,162,ADM3,6360264
alamillo,38.68762,-4.80388,Ciudad Real,517,ADM3,6357097
alaminos,40.8806,-2.72199,Guadalajara,70,ADM3,6357809
"alamo, el",40.23284,-3.9873,Madrid,8701,ADM3,6359230
alange,38.73566,-6.28791,Badajoz,1971,ADM3,6355870
alanis,38.02801,-5.64318,Sevilla,1858,ADM3,6360957
alaquas,39.45634,-0.46091,Valencia,30202,ADM3,6361870
alar del rey,42.6771,-4.30443,Palencia,1031,ADM3,6359983
alaraz,40.72243,-5.32294,Salamanca,537,ADM3,6360265
alarba,41.20584,-1.61236,Zaragoza,93,ADM3,6362703
alarcon,39.5057,-2.07713,Cuenca,186,ADM3,6357364
alarilla,40.84943,-3.1054,Guadalajara,123,ADM3,6357810
alaro,39.70405,2.7898,Illes Balears,5508,ADM3,6533927
alas i cerc,42.33661,1.52186,Lleida,376,ADM3,6358765
alatoz,39.082,-1.37081,Albacete,599,ADM3,6355294
alba,40.61645,-1.35822,Teruel,186,ADM3,6361433
alba de cerrato,41.79761,-4.3597,Palencia,87,ADM3,6359984
alba de tormes,40.82922,-5.5085,Salamanca,5382,ADM3,6360266
alba de yeltes,40.67458,-6.32948,Salamanca,248,ADM3,6360267
albacete,38.97386,-1.85307,Albacete,172472,ADM3,6355295
albaida,38.85398,-0.52591,Valencia,6162,ADM3,6361871
albaida del aljarafe,37.43588,-6.17372,Sevilla,2987,ADM3,6360958
albal,39.39173,-0.40736,Valencia,15721,ADM3,6361872
albala,39.26313,-6.21366,Caceres,773,ADM3,6356704
albaladejo,38.61297,-2.78961,Ciudad Real,1483,ADM3,6357098
albaladejo del cuende,39.8138,-2.24575,Cuenca,322,ADM3,6357365
albalat de la ribera,39.21848,-0.37388,Valencia,3545,ADM3,6361873
albalat dels sorells,39.54599,-0.34063,Valencia,3911,ADM3,6361874
albalat dels tarongers,39.68288,-0.35585,Valencia,1149,ADM3,6361875
albalate de cinca,41.74086,0.16598,Huesca,1080,ADM3,6358261
albalate de las nogueras,40.36758,-2.29145,Cuenca,312,ADM3,6357366
albalate de zorita,40.29328,-2.84742,Guadalajara,1089,ADM3,6357811
albalate del arzobispo,41.11363,-0.58158,Teruel,1933,ADM3,6361434
albalatillo,41.73799,-0.15031,Huesca,220,ADM3,6358262
albanchez,37.28666,-2.15997,Almeria,774,ADM3,6355521
albanchez de magina,37.79127,-3.4667,Jaen,1233,ADM3,6358456
albanya,42.30448,2.72135,Girona,153,ADM3,6534004
albares,40.31399,-3.03817,Guadalajara,551,ADM3,6357812
albarracin,40.36329,-1.54087,Teruel,998,ADM3,6361435
albarreal de tajo,39.88702,-4.21994,Toledo,743,ADM3,6361664
albatana,38.5724,-1.50588,Albacete,782,ADM3,6355296
albatarrec,41.56721,0.6085,Lleida,2251,ADM3,6358767
albatera,38.21847,-0.89699,Alicante,11936,ADM3,6355381
albelda,41.8488,0.49963,Huesca,728,ADM3,6358263
albelda de iregua,42.36521,-2.47056,La Rioja,3394,ADM3,6358995
albendea,40.47229,-2.39655,Cuenca,161,ADM3,6357367
albendiego,41.22597,-3.0527,Guadalajara,42,ADM3,6357813
albentosa,40.08736,-0.73465,Teruel,290,ADM3,6361436
"alberca de zancara, la",39.51299,-2.49836,Cuenca,1962,ADM3,6357368
"alberca, la",40.48624,-6.12945,Salamanca,1192,ADM3,6360268
"albergueria de arganan, la",40.4225,-6.79709,Salamanca,141,ADM3,6360269
alberic,39.11879,-0.51863,Valencia,11288,ADM3,6361876
alberite,42.4001,-2.4096,La Rioja,2690,ADM3,6358996
alberite de san juan,41.80884,-1.46084,Zaragoza,84,ADM3,6362704
albero alto,42.05348,-0.34627,Huesca,123,ADM3,6358264
albero bajo,42.02615,-0.38304,Huesca,109,ADM3,6358265
alberuela de tubo,41.89716,-0.23188,Huesca,270,ADM3,6358266
albesa,41.7619,0.66986,Lleida,1584,ADM3,6358768
albeta,41.82508,-1.50207,Zaragoza,141,ADM3,6362705
albillos,42.27667,-3.79045,Burgos,218,ADM3,6356335
albinyana,41.24188,1.49536,Tarragona,2718,ADM3,6361245
albiztur,43.12865,-2.14387,Gipuzkoa,316,ADM3,6358096
albocasser,40.3954,0.0315,Castello,1422,ADM3,6356962
alboloduy,37.06595,-2.62118,Almeria,674,ADM3,6355522
albolote,37.29344,-3.65562,Granada,18088,ADM3,6357641
albondon,36.84478,-3.20996,Granada,889,ADM3,6357642
albons,42.11007,3.08161,Girona,714,ADM3,6534005
alborache,39.3822,-0.75656,Valencia,1268,ADM3,6361877
alboraya,39.50453,-0.33802,Valencia,23228,ADM3,6361878
alborea,39.29477,-1.37254,Albacete,849,ADM3,6355297
alborge,41.33951,-0.35351,Zaragoza,102,ADM3,6362706
albornos,40.83155,-4.87867,Avila,218,ADM3,6355621
albox,37.38434,-2.13959,Almeria,10821,ADM3,6355523
albudeite,38.03846,-1.37427,Murcia,1361,ADM3,6359509
albuixech,39.54415,-0.32173,Valencia,3958,ADM3,6361879
albunan,37.23378,-3.14104,Granada,430,ADM3,6357643
albunol,36.78249,-3.18122,Granada,6587,ADM3,6357644
albunuelas,36.91932,-3.68129,Granada,920,ADM3,6357645
alburquerque,39.23266,-6.94665,Badajoz,5587,ADM3,6355871
alcabon,40.00007,-4.37166,Toledo,756,ADM3,6361665
alcadozo,38.66248,-2.05668,Albacete,723,ADM3,6355298
alcaine,40.95181,-0.70665,Teruel,39,ADM3,6361437
alcala de ebro,41.81572,-1.18589,Zaragoza,284,ADM3,6362707
alcala de guadaira,37.27456,-5.81642,Sevilla,73675,ADM3,6360959
alcala de gurrea,42.06624,-0.68416,Huesca,285,ADM3,6358267
alcala de henares,40.4994,-3.34017,Madrid,203924,ADM3,6359231
alcala de la selva,40.35689,-0.69776,Teruel,496,ADM3,6361438
alcala de la vega,40.02534,-1.52496,Cuenca,128,ADM3,6357369
alcala de los gazules,36.42734,-5.71226,Cadiz,5500,ADM3,6356916
alcala de moncayo,41.79823,-1.6858,Zaragoza,193,ADM3,6362708
alcala de xivert,40.25798,0.26891,Castello,8218,ADM3,6356963
alcala del jucar,39.19313,-1.43017,Albacete,1346,ADM3,6355299
alcala del obispo,42.08273,-0.27886,Huesca,368,ADM3,6358268
alcala del rio,37.55265,-5.96481,Sevilla,11513,ADM3,6360960
alcala del valle,36.92548,-5.14632,Cadiz,5262,ADM3,6356917
alcala la real,37.46587,-3.94738,Jaen,22870,ADM3,6358457
alcalali,38.74824,-0.03312,Alicante,1433,ADM3,6355382
alcampell,41.88285,0.42949,Huesca,650,ADM3,6358269
alcanadre,42.4043,-2.15174,La Rioja,748,ADM3,6358997
alcanar,40.54329,0.48065,Tarragona,10658,ADM3,6361247
alcanices,41.69476,-6.3584,Zamora,1207,ADM3,6362450
alcaniz,41.05017,-0.19124,Teruel,15947,ADM3,6361439
alcanizo,39.90802,-5.11449,Toledo,319,ADM3,6361666
alcano,41.4753,0.62721,Lleida,239,ADM3,6358770
alcantara,39.72319,-6.8622,Caceres,1619,ADM3,6356705
alcantarilla,37.97727,-1.22963,Murcia,41381,ADM3,6359510
alcantera de xuquer,39.06594,-0.55551,Valencia,1361,ADM3,6361881
alcantud,40.53572,-2.32762,Cuenca,82,ADM3,6357370
alcaracejos,38.38204,-4.97131,Cordoba,1545,ADM3,6357198
alcaraz,38.68524,-2.52205,Albacete,1597,ADM3,6355300
alcarras,41.60067,0.46822,Lleida,10018,ADM3,6358771
alcasser,39.37798,-0.4471,Valencia,9544,ADM3,6361880
alcaucin,36.90438,-4.13017,Malaga,2817,ADM3,6359407
alcaudete,37.59692,-4.10775,Jaen,11139,ADM3,6358458
alcaudete de la jara,39.77685,-4.85117,Toledo,2057,ADM3,6361667
alcazar de san juan,39.27877,-3.26386,Ciudad Real,31992,ADM3,6357099
alcazar del rey,40.05543,-2.8095,Cuenca,193,ADM3,6357371
alcazaren,41.38475,-4.67381,Valladolid,733,ADM3,6362133
"alcazares, los",37.7521,-0.85073,Murcia,16251,ADM3,6359549
alcoba,39.30494,-4.40732,Ciudad Real,727,ADM3,6357100
alcobendas,40.53615,-3.62913,Madrid,116037,ADM3,6359232
alcocer,40.45659,-2.5809,Guadalajara,334,ADM3,6357814
alcocer de planes,38.78858,-0.40343,Alicante,233,ADM3,6355383
alcocero de mola,42.47184,-3.35623,Burgos,32,ADM3,6356336
alcohujate,40.43676,-2.58967,Cuenca,45,ADM3,6357372
alcolea,36.93131,-3.01237,Almeria,895,ADM3,6355524
alcolea de calatrava,38.97402,-4.10811,Ciudad Real,1593,ADM3,6357101
alcolea de cinca,41.7342,0.06216,Huesca,1127,ADM3,6358270
alcolea de las penas,41.21408,-2.78069,Guadalajara,15,ADM3,6357815
alcolea de tajo,39.81123,-5.12725,Toledo,916,ADM3,6361668
alcolea del pinar,40.98955,-2.48127,Guadalajara,397,ADM3,6357816
alcolea del rio,37.63403,-5.64431,Sevilla,3424,ADM3,6360961
alcoleja,38.66992,-0.32382,Alicante,204,ADM3,6355384
alcoletge,41.65258,0.69573,Lleida,3594,ADM3,6358772
alcollarin,39.20795,-5.71462,Caceres,249,ADM3,6356706
alconaba,41.73392,-2.40383,Soria,190,ADM3,6361064
alconada,40.90733,-5.36697,Salamanca,164,ADM3,6360270
alconada de maderuelo,41.45358,-3.49318,Segovia,34,ADM3,6360751
alconchel,38.51405,-7.17464,Badajoz,1873,ADM3,6355872
alconchel de ariza,41.2176,-2.09075,Zaragoza,78,ADM3,6362709
alconchel de la estrella,39.72555,-2.59784,Cuenca,128,ADM3,6357373
alconera,38.39846,-6.47478,Badajoz,744,ADM3,6355873
alcontar,37.31516,-2.62088,Almeria,624,ADM3,6355525
"alcora, l'",40.06202,-0.216,Castello,10821,ADM3,6356964
alcorcon,40.34923,-3.82847,Madrid,169308,ADM3,6359233
alcorisa,40.92783,-0.35186,Teruel,3243,ADM3,6361440
alcoroches,40.62828,-1.75142,Guadalajara,162,ADM3,6357817
alcover,41.26925,1.16649,Tarragona,5143,ADM3,6361248
alcoy,38.68388,-0.51902,Alicante,60837,ADM3,6355385
alcubierre,41.78826,-0.45238,Huesca,401,ADM3,6358271
alcubilla de avellaneda,41.71417,-3.29502,Soria,161,ADM3,6361065
alcubilla de las penas,41.27934,-2.51096,Soria,72,ADM3,6361066
alcubilla de nogales,42.13493,-5.91086,Zamora,145,ADM3,6362451
alcubillas,38.75791,-3.14126,Ciudad Real,562,ADM3,6357102
alcublas,39.80629,-0.68912,Valencia,767,ADM3,6361883
alcudia,39.85263,3.11917,Illes Balears,19586,ADM3,6533929
"alcudia de crespins, l'",38.97264,-0.60219,Valencia,5304,ADM3,6361885
alcudia de monteagud,37.24224,-2.25065,Almeria,151,ADM3,6355526
alcudia de veo,39.9237,-0.34817,Castello,221,ADM3,6356965
"alcudia, l'",39.19281,-0.52396,Valencia,11437,ADM3,6361884
alcuescar,39.16095,-6.22443,Caceres,2904,ADM3,6356707
aldaia,39.46469,-0.46168,Valencia,30874,ADM3,6361886
aldea de san miguel,41.44578,-4.61152,Valladolid,235,ADM3,6362134
"aldea de san nicolas, la",27.96753,-15.8006,Las Palmas,8633,ADM3,6360190
aldea del cano,39.28707,-6.30964,Caceres,701,ADM3,6356709
aldea del fresno,40.30642,-4.21754,Madrid,2559,ADM3,6359234
aldea del obispo,40.71194,-6.79354,Salamanca,361,ADM3,6360273
"aldea del obispo, la",39.57898,-5.9169,Caceres,337,ADM3,6356710
aldea del rey,38.7193,-3.86676,Ciudad Real,1944,ADM3,6357103
aldea en cabo,40.19251,-4.46872,Toledo,218,ADM3,6361669
aldea real,41.185,-4.17867,Segovia,343,ADM3,6360757
aldeacentenera,39.52703,-5.62778,Caceres,710,ADM3,6356708
aldeacipreste,40.37816,-5.89594,Salamanca,135,ADM3,6360271
aldeadavila de la ribera,41.21433,-6.6444,Salamanca,1364,ADM3,6360272
aldealafuente,41.64481,-2.33059,Soria,98,ADM3,6361067
aldealcorvo,41.25042,-3.79421,Segovia,28,ADM3,6360752
aldealengua,40.98635,-5.54467,Salamanca,654,ADM3,6360274
aldealengua de pedraza,41.05293,-3.80723,Segovia,97,ADM3,6360753
aldealengua de santa maria,41.46794,-3.46026,Segovia,76,ADM3,6360754
aldealices,41.91535,-2.29277,Soria,25,ADM3,6361068
aldealpozo,41.78984,-2.19488,Soria,27,ADM3,6361069
aldealsenor,41.88537,-2.30846,Soria,43,ADM3,6361070
aldeamayor de san martin,41.53328,-4.63977,Valladolid,4560,ADM3,6362135
aldeanueva de barbarroya,39.73805,-5.02074,Toledo,650,ADM3,6361670
aldeanueva de ebro,42.22914,-1.90955,La Rioja,2815,ADM3,6358998
aldeanueva de figueroa,41.16423,-5.53479,Salamanca,288,ADM3,6360275
aldeanueva de guadalajara,40.69086,-3.05283,Guadalajara,104,ADM3,6357818
aldeanueva de la serrezuela,41.46199,-3.77419,Segovia,52,ADM3,6360755
aldeanueva de la sierra,40.61442,-6.09585,Salamanca,130,ADM3,6360276
aldeanueva de la vera,40.13776,-5.70674,Caceres,2190,ADM3,6356711
aldeanueva de san bartolome,39.64723,-5.10735,Toledo,504,ADM3,6361671
aldeanueva de santa cruz,40.37587,-5.42613,Avila,136,ADM3,6355622
aldeanueva del camino,40.25497,-5.92739,Caceres,799,ADM3,6356712
aldeanueva del codonal,41.08695,-4.52366,Segovia,146,ADM3,6360756
aldeaquemada,38.40155,-3.3632,Jaen,550,ADM3,6358459
aldearrodrigo,41.11335,-5.80524,Salamanca,165,ADM3,6360277
aldearrubia,41.00407,-5.49283,Salamanca,525,ADM3,6360278
aldeaseca,41.04462,-4.80059,Avila,273,ADM3,6355623
aldeaseca de alba,40.81614,-5.44987,Salamanca,89,ADM3,6360279
aldeaseca de la frontera,40.94295,-5.21455,Salamanca,312,ADM3,6360280
aldeasona,41.47651,-4.0566,Segovia,67,ADM3,6360758
aldeatejada,40.90918,-5.71325,Salamanca,1499,ADM3,6360281
aldeavieja de tormes,40.57587,-5.62569,Salamanca,105,ADM3,6360282
aldehorno,41.51542,-3.78007,Segovia,57,ADM3,6360759
aldehuela de jerte,40.01602,-6.23934,Caceres,380,ADM3,6356713
aldehuela de la boveda,40.84251,-6.06647,Salamanca,300,ADM3,6360283
aldehuela de liestos,41.05767,-1.71732,Zaragoza,49,ADM3,6362710
aldehuela de perianez,41.80704,-2.32879,Soria,50,ADM3,6361071
aldehuela de yeltes,40.65288,-6.24656,Salamanca,217,ADM3,6360284
aldehuela del codonal,41.05309,-4.53496,Segovia,32,ADM3,6360760
"aldehuelas, las",42.00598,-2.36914,Soria,84,ADM3,6361072
aldeire,37.1681,-3.07647,Granada,670,ADM3,6357646
aldeonte,41.32117,-3.71541,Segovia,63,ADM3,6360761
aldover,40.86588,0.47092,Tarragona,901,ADM3,6361249
aledo,37.78465,-1.63443,Murcia,1022,ADM3,6359511
alegia,43.09843,-2.09503,Gipuzkoa,1771,ADM3,6358097
alegria de oria,43.10097,-2.09637,Gipuzkoa,0,PPLA3,3130427
alegria-dulantzi,42.82585,-2.50897,Araba / Alava,2869,ADM3,6355243
alella,41.49451,2.29322,Barcelona,9610,ADM3,6356041
alentisque,41.40123,-2.34387,Soria,34,ADM3,6361073
alerre,42.16475,-0.48035,Huesca,224,ADM3,6358272
alesanco,42.42393,-2.81877,La Rioja,541,ADM3,6358999
aleson,42.40763,-2.67069,La Rioja,109,ADM3,6359000
alfacar,37.24813,-3.55432,Granada,5513,ADM3,6357647
alfafar,39.40972,-0.36898,Valencia,20852,ADM3,6361887
alfafara,38.78063,-0.5734,Alicante,419,ADM3,6355386
alfajarin,41.6231,-0.67567,Zaragoza,2415,ADM3,6362711
alfambra,40.53029,-1.03353,Teruel,485,ADM3,6361441
alfamen,41.4611,-1.21364,Zaragoza,1494,ADM3,6362712
alfantega,41.83099,0.1497,Huesca,125,ADM3,6358273
alfara de algimia,39.76667,-0.35,Valencia,487,PPLA3,2522053
alfara de carles,40.83401,0.33406,Tarragona,399,ADM3,6361251
alfara de la baronia,39.77153,-0.35224,Valencia,570,ADM3,6361889
alfara del patriarca,39.53973,-0.3799,Valencia,3182,ADM3,6361890
alfaraz de sayago,41.22048,-5.96462,Zamora,168,ADM3,6362452
alfarnate,36.98889,-4.25423,Malaga,1300,ADM3,6359408
alfarnatejo,36.96602,-4.26353,Malaga,532,ADM3,6359409
alfaro,42.15962,-1.82434,La Rioja,9851,ADM3,6359001
alfarp,39.28354,-0.53154,Valencia,1579,ADM3,6361891
alfarras,41.82931,0.56554,Lleida,2778,ADM3,6358773
alfarrasi,38.90879,-0.4999,Valencia,1303,ADM3,6361892
alfauir,38.93358,-0.24384,Valencia,427,ADM3,6361888
alfes,41.50651,0.634,Lleida,281,ADM3,6358774
alfondeguilla,39.83413,-0.27381,Castello,872,ADM3,6356966
alforja,41.2059,0.95248,Tarragona,2024,ADM3,6361252
alforque,41.34856,-0.38724,Zaragoza,62,ADM3,6362713
alfoz,43.53333,-7.43333,Lugo,2009,ADM3,3130392
alfoz de bricia,42.90051,-3.8761,Burgos,87,ADM3,6356337
alfoz de lloredo,43.39068,-4.17346,Cantabria,2514,ADM3,6360648
alfoz de quintanaduenas,42.40858,-3.74544,Burgos,1994,ADM3,6356696
alfoz de santa gadea,42.94467,-3.9448,Burgos,114,ADM3,6356338
algadefe,42.20733,-5.56769,Leon,303,ADM3,6358553
algaida,39.55822,2.89395,Illes Balears,5367,ADM3,6533930
algamitas,37.02513,-5.15144,Sevilla,1326,ADM3,6360963
algar,36.65818,-5.64166,Cadiz,1467,ADM3,6356918
algar de mesa,41.14522,-1.9535,Guadalajara,68,ADM3,6357819
algar de palancia,39.77797,-0.36299,Valencia,555,ADM3,6361893
algarinejo,37.27092,-4.19156,Granada,3029,ADM3,6357648
algarra,40.0249,-1.44383,Cuenca,20,ADM3,6357374
algarrobo,36.76073,-4.04506,Malaga,6584,ADM3,6359410
algatocin,36.5751,-5.28317,Malaga,887,ADM3,6359411
algeciras,36.10549,-5.45284,Cadiz,116917,ADM3,6356919
algemesi,39.21346,-0.41664,Valencia,28358,ADM3,6361894
algerri,41.83096,0.62911,Lleida,424,ADM3,6358775
algete,40.61498,-3.53328,Madrid,20473,ADM3,6359235
algimia de alfara,39.74396,-0.39233,Valencia,1048,ADM3,6361895
algimia de almonacid,39.91573,-0.4197,Castello,312,ADM3,6356967
alginet,39.26393,-0.46973,Valencia,13379,ADM3,6361896
algodonales,36.87921,-5.43102,Cadiz,5768,ADM3,6356920
algodre,41.57412,-5.59741,Zamora,172,ADM3,6362453
algora,40.94831,-2.67333,Guadalajara,103,ADM3,6357820
algorfa,38.06655,-0.77543,Alicante,4755,ADM3,6355388
alguaire,41.73779,0.57861,Lleida,2986,ADM3,6358776
alguazas,38.05501,-1.25918,Murcia,9525,ADM3,6359512
alguena,38.35281,-0.99899,Alicante,1527,ADM3,6355389
alhabia,36.99123,-2.56365,Almeria,680,ADM3,6355527
alhama de almeria,36.95601,-2.57386,Almeria,3847,ADM3,6355528
alhama de aragon,41.2951,-1.90013,Zaragoza,1124,ADM3,6362714
alhama de granada,37.01796,-3.96003,Granada,6214,ADM3,6357649
alhama de murcia,37.85735,-1.38508,Murcia,21657,ADM3,6359513
alhambra,38.94243,-3.03357,Ciudad Real,1097,ADM3,6357104
alhaurin de la torre,36.67188,-4.56797,Malaga,37446,ADM3,6359412
alhaurin el grande,36.64239,-4.69079,Malaga,24074,ADM3,6359413
alhendin,37.06801,-3.7013,Granada,7746,ADM3,6357650
alhondiga,40.51589,-2.83218,Guadalajara,205,ADM3,6357821
alia,39.43929,-5.16633,Caceres,964,ADM3,6356714
aliaga,40.68462,-0.67562,Teruel,366,ADM3,6361442
aliaguilla,39.7524,-1.31913,Cuenca,751,ADM3,6357375
alicante,38.35323,-0.48134,Alicante,334678,ADM3,6355390
alicun,36.9524,-2.60257,Almeria,267,ADM3,6355529
alicun de ortega,37.60926,-3.15579,Granada,500,ADM3,6357651
alija del infantado,42.15559,-5.83299,Leon,798,ADM3,6358554
alins,42.58453,1.35697,Lleida,306,ADM3,6358777
alio,41.2982,1.3115,Tarragona,504,ADM3,6361253
alique,40.59027,-2.65019,Guadalajara,23,ADM3,6357822
aliseda,39.40997,-6.69086,Caceres,2013,ADM3,6356715
aliud,41.65562,-2.24576,Soria,26,ADM3,6361074
aljaraque,37.27984,-7.01918,Huelva,19245,ADM3,6358178
aljucen,39.05756,-6.33256,Badajoz,248,ADM3,6355874
alkiza,43.17382,-2.1073,Gipuzkoa,371,ADM3,6358098
allande,43.23947,-6.70435,Asturias,1939,ADM3,6359909
allariz,42.1979,-7.81693,Ourense,6059,ADM3,6362998
allepuz,40.46988,-0.67916,Teruel,123,ADM3,6361446
aller,43.11873,-5.58393,Asturias,12136,ADM3,6359910
allin/allin,42.70929,-2.07559,Navarra,854,ADM3,6359560
allo,42.53678,-1.99911,Navarra,1050,ADM3,6359561
alloza,40.96765,-0.54874,Teruel,556,ADM3,6361447
allueva,40.98088,-1.04151,Teruel,31,ADM3,6361448
almacelles,41.73451,0.4573,Lleida,6896,ADM3,6358778
almachar,36.80167,-4.21992,Malaga,1904,ADM3,6359414
almaden,38.79453,-4.74544,Ciudad Real,6034,ADM3,6357105
almaden de la plata,37.83034,-6.03365,Sevilla,1553,ADM3,6360964
almadenejos,38.77446,-4.6621,Ciudad Real,500,ADM3,6357106
almadrones,40.89865,-2.76085,Guadalajara,90,ADM3,6357823
almagro,38.89279,-3.73602,Ciudad Real,9132,ADM3,6357107
almajano,41.84639,-2.33618,Soria,222,ADM3,6361075
almaluez,41.32323,-2.25614,Soria,181,ADM3,6361076
almansa,38.83324,-1.12445,Albacete,25374,ADM3,6355301
almanza,42.67726,-5.01386,Leon,623,ADM3,6358555
almaraz,39.80843,-5.66953,Caceres,1558,ADM3,6356716
almaraz de duero,41.48727,-5.90388,Zamora,405,ADM3,6362454
"almarcha, la",39.68718,-2.39618,Cuenca,516,ADM3,6357376
almargen,37.0238,-5.01441,Malaga,2157,ADM3,6359415
almarza,41.94235,-2.46791,Soria,645,ADM3,6361077
almarza de cameros,42.22618,-2.59055,La Rioja,17,ADM3,6359002
almassera,39.51532,-0.3487,Valencia,7295,ADM3,6361897
almatret,41.33897,0.39607,Lleida,354,ADM3,6358779
almazan,41.50284,-2.53581,Soria,5861,ADM3,6361078
almazora/almassora,39.95327,-0.07116,Castello,26137,ADM3,6356968
almazul,41.56527,-2.15722,Soria,97,ADM3,6361079
almedijar,39.87003,-0.40093,Castello,297,ADM3,6356969
almedina,38.62457,-2.96272,Ciudad Real,652,ADM3,6357108
almedinilla,37.44515,-4.06024,Cordoba,2523,ADM3,6357199
almegijar,36.90115,-3.28417,Granada,413,ADM3,6357652
almeida de sayago,41.26465,-6.0447,Zamora,561,ADM3,6362455
almenar,41.78365,0.54525,Lleida,3653,ADM3,6358780
almenar de soria,41.68325,-2.13928,Soria,265,ADM3,6361080
almenara,39.74993,-0.22771,Castello,6112,ADM3,6356970
almenara de adaja,41.20715,-4.67998,Valladolid,29,ADM3,6362136
almenara de tormes,41.07186,-5.82363,Salamanca,286,ADM3,6360285
almendra,41.2362,-6.33153,Salamanca,183,ADM3,6362999
almendral,38.60901,-6.84127,Badajoz,1286,ADM3,6355875
almendral de la canada,40.19199,-4.74957,Toledo,361,ADM3,6361672
almendralejo,38.7165,-6.40131,Badajoz,34694,ADM3,6355876
"almendro, el",37.57438,-7.37613,Huelva,859,ADM3,6358179
almendros,39.85536,-2.86446,Cuenca,295,ADM3,6357377
almensilla,37.30658,-6.11103,Sevilla,5776,ADM3,6360965
almeria,36.87557,-2.3423,Almeria,191443,ADM3,6355530
almisera,38.92473,-0.27927,Valencia,314,ADM3,6361898
almochuel,41.28406,-0.55164,Zaragoza,29,ADM3,6362715
almocita,36.97573,-2.80798,Almeria,188,ADM3,6355531
almodovar del campo,38.65024,-4.47323,Ciudad Real,6685,ADM3,6357109
almodovar del pinar,39.72774,-1.90992,Cuenca,452,ADM3,6357378
almodovar del rio,37.8336,-5.0167,Cordoba,8000,ADM3,6357200
almogia,36.83629,-4.53326,Malaga,4195,ADM3,6359416
almoguera,40.2944,-2.96648,Guadalajara,1471,ADM3,6357824
almohaja,40.60265,-1.4309,Teruel,10,ADM3,6361443
almoharin,39.14942,-6.05374,Caceres,1966,ADM3,6356717
almoines,38.94757,-0.17881,Valencia,2398,ADM3,6361899
"almolda, la",41.54426,-0.23868,Zaragoza,611,ADM3,6362716
almonacid de la cuba,41.27706,-0.78654,Zaragoza,252,ADM3,6362717
almonacid de la sierra,41.41139,-1.32846,Zaragoza,781,ADM3,6362718
almonacid de toledo,39.79754,-3.84305,Toledo,881,ADM3,6361673
almonacid de zorita,40.34545,-2.85462,Guadalajara,789,ADM3,6357825
almonacid del marquesado,39.81744,-2.77849,Cuenca,469,ADM3,6357379
almonaster la real,37.80014,-6.76487,Huelva,1824,ADM3,6358180
almonte,37.25314,-6.51963,Huelva,22609,ADM3,6358181
almoradi,38.09719,-0.79365,Alicante,19601,ADM3,6355391
almorox,40.24949,-4.38399,Toledo,2444,ADM3,6361674
almoster,41.20011,1.10112,Tarragona,1384,ADM3,6361254
almudaina,38.7687,-0.36139,Alicante,129,ADM3,6355392
almudevar,42.06353,-0.58483,Huesca,2462,ADM3,6358274
almunecar,36.75715,-3.72581,Granada,27703,ADM3,6357653
"almunia de dona godina, la",41.47743,-1.37405,Zaragoza,7792,ADM3,6362719
almunia de san juan,41.95013,0.23714,Huesca,664,ADM3,6358275
almuniente,41.93828,-0.42849,Huesca,448,ADM3,6358276
almuradiel,38.47014,-3.48403,Ciudad Real,892,ADM3,6357110
almussafes,39.29734,-0.40947,Valencia,8523,ADM3,6361900
alobras,40.18533,-1.38224,Teruel,63,ADM3,6361444
alocen,40.57096,-2.73138,Guadalajara,173,ADM3,6357826
alonsotegi,43.22532,-2.98041,Bizkaia,2845,ADM3,6362446
alora,36.83668,-4.70378,Malaga,13399,ADM3,6359417
alos de balaguer,41.92487,0.9535,Lleida,134,ADM3,6358781
alosno,37.55262,-7.05164,Huelva,4231,ADM3,6358182
alovera,40.59052,-3.24669,Guadalajara,12150,ADM3,6357827
alozaina,36.73832,-4.86413,Malaga,2230,ADM3,6359418
alp,42.35447,1.94573,Girona,1745,ADM3,6357595
alpandeire,36.64641,-5.22326,Malaga,274,ADM3,6359419
alpanseque,41.27441,-2.69517,Soria,82,ADM3,6361081
alpartir,41.39933,-1.37501,Zaragoza,579,ADM3,6362720
alpedrete,40.66191,-4.0189,Madrid,14364,ADM3,6359236
alpenes,40.80524,-1.0775,Teruel,27,ADM3,6361445
alpens,42.11758,2.09702,Barcelona,304,ADM3,6356042
alpera,38.97601,-1.25947,Albacete,2417,ADM3,6355302
alpicat,41.66787,0.56714,Lleida,6387,ADM3,6358782
alpuente,39.9245,-1.03273,Valencia,754,ADM3,6361901
alpujarra de la sierra,36.99713,-3.13128,Granada,1132,ADM3,6357796
"alqueria d'asnar, l'",38.77024,-0.41883,Alicante,515,ADM3,6355393
"alqueria de la comtessa, l'",38.93748,-0.153,Valencia,1508,ADM3,6361902
alquerias del nino perdido,39.8946,-0.12954,Castello,4509,ADM3,6357093
alquezar,42.18804,0.01406,Huesca,328,ADM3,6358277
alquife,37.19397,-3.10852,Granada,712,ADM3,6357654
alquiza,43.17263,-2.10923,Gipuzkoa,0,PPLA3,3130246
alsodux,37.01877,-2.56431,Almeria,149,ADM3,6355532
alt aneu,42.67742,1.06655,Lleida,439,ADM3,6358783
altable,42.59989,-3.07731,Burgos,48,ADM3,6356339
altafulla,41.15488,1.38422,Tarragona,5838,ADM3,6361255
altarejos,39.92365,-2.38883,Cuenca,231,ADM3,6357380
altea,38.59836,-0.0521,Alicante,24298,ADM3,6355394
altorricon,41.78896,0.40982,Huesca,1504,ADM3,6358278
"altos, los",42.80961,-3.66133,Burgos,199,ADM3,6356340
altsasu/alsasua,42.89458,-2.17083,Navarra,7691,ADM3,6359559
altura,39.82945,-0.56118,Castello,3866,ADM3,6356971
altzaga,43.06706,-2.15205,Gipuzkoa,162,ADM3,6358175
alustante,40.61358,-1.63964,Guadalajara,225,ADM3,6357828
alzaga,43.06468,-2.154,Gipuzkoa,0,PPLA3,3130213
alzira,39.13695,-0.45078,Valencia,44941,ADM3,6361882
alzo,43.0936,-2.06791,Gipuzkoa,411,ADM3,3130210
amavida,40.57687,-5.05507,Avila,176,ADM3,6355625
amayuelas de arriba,42.22342,-4.48279,Palencia,38,ADM3,6359985
ambel,41.76919,-1.62278,Zaragoza,254,ADM3,6362721
ambite,40.34255,-3.172,Madrid,601,ADM3,6359237
amer,42.01155,2.60396,Girona,2277,ADM3,6534007
ames,42.88418,-8.64033,Coruna,29331,ADM3,6357272
amescoa baja,42.77112,-2.12914,Navarra,791,ADM3,6359562
ameyugo,42.65864,-3.0626,Burgos,100,ADM3,6356341
amezketa,43.0577,-2.06836,Gipuzkoa,976,ADM3,6358099
amezqueta,43.04813,-2.08541,Gipuzkoa,0,PPLA3,3130148
amieva,43.25024,-5.09101,Asturias,803,ADM3,6359911
amoeiro,42.40406,-7.94064,Ourense,2278,ADM3,6359820
amorebieta,43.21667,-2.73333,Bizkaia,17842,PPLA3,3130137
amorebieta-etxano,43.21986,-2.70601,Bizkaia,18513,ADM3,6362354
amoroto,43.32393,-2.50289,Bizkaia,405,ADM3,6362355
amposta,40.70888,0.57781,Tarragona,22637,ADM3,6361257
ampudia,41.89852,-4.7699,Palencia,628,ADM3,6359986
ampuero,43.33312,-3.41677,Cantabria,4281,ADM3,6360649
amurrio,43.00542,-2.97435,Araba / Alava,10114,ADM3,6355244
amusco,42.13943,-4.43087,Palencia,438,ADM3,6359987
amusquillo,41.75062,-4.29018,Valladolid,119,ADM3,6362137
anadon,40.987,-0.96964,Teruel,35,ADM3,6361449
anana,42.82068,-2.99465,Araba / Alava,166,ADM3,6355277
anaya,40.99182,-4.31235,Segovia,136,ADM3,6360762
anaya de alba,40.73462,-5.48696,Salamanca,228,ADM3,6360286
anchuelo,40.46883,-3.27659,Madrid,1272,ADM3,6359238
anchuras,39.42169,-4.82963,Ciudad Real,349,ADM3,6357111
ancin,42.66047,-2.18885,Navarra,396,PPLA3,3130092
ancin / antzin,42.66868,-2.18755,Navarra,374,ADM3,6359563
andavias,41.59244,-5.85064,Zamora,478,ADM3,6362456
andilla,39.82862,-0.79168,Valencia,405,ADM3,6361903
andoain,43.21941,-2.02091,Gipuzkoa,14646,ADM3,6358100
andorra,41.02125,-0.41223,Teruel,7223,ADM3,6361450
andosilla,42.37996,-1.95305,Navarra,2950,ADM3,6359564
andratx,39.57467,2.41884,Illes Balears,12149,ADM3,6356030
andujar,38.17695,-4.10369,Jaen,39008,ADM3,6358460
ane,41.03857,-4.28708,Segovia,107,ADM3,6360763
anento,41.06792,-1.33096,Zaragoza,112,ADM3,6362722
angles,41.944,2.63225,Girona,5719,ADM3,6534008
anglesola,41.66915,1.05905,Lleida,1367,ADM3,6358785
angon,41.07126,-2.86195,Guadalajara,17,ADM3,6357829
anguciana,42.57541,-2.90637,La Rioja,471,ADM3,6359003
anguees,42.0826,-0.1495,Huesca,419,ADM3,6358279
angues,42.11109,-0.15298,Huesca,419,PPLA3,3130021
anguiano,42.25097,-2.79837,La Rioja,546,ADM3,6359004
anguita,41.00171,-2.35243,Guadalajara,215,ADM3,6357830
anguix,41.75287,-3.92406,Burgos,133,ADM3,6356342
anievas,43.20774,-4.00035,Cantabria,351,ADM3,6360650
aninon,41.46778,-1.70504,Zaragoza,683,ADM3,6362723
anna,39.01158,-0.64139,Valencia,2737,ADM3,6361904
anoeta,43.17011,-2.06952,Gipuzkoa,1830,ADM3,6358101
anon de moncayo,41.76595,-1.74725,Zaragoza,213,ADM3,6362724
anora,38.4111,-4.90128,Cordoba,1556,ADM3,6357201
anorbe,42.63541,-1.7282,Navarra,586,ADM3,6359567
anover de tajo,39.97567,-3.76502,Toledo,5413,ADM3,6361675
anover de tormes,41.135,-5.91542,Salamanca,96,ADM3,6360287
anquela del ducado,40.96512,-2.14265,Guadalajara,85,ADM3,6357831
anquela del pedregal,40.72799,-1.74104,Guadalajara,23,ADM3,6357832
anso,42.78066,-0.82171,Huesca,409,ADM3,6358280
ansoain / antsoain,42.83586,-1.64045,Navarra,10938,ADM3,6359565
antas,37.25959,-1.96846,Almeria,3312,ADM3,6362991
antas de ulla,42.81429,-7.89814,Lugo,2219,ADM3,3129963
antella,39.08611,-0.60446,Valencia,1409,ADM3,6361905
antequera,37.05489,-4.59283,Malaga,41827,ADM3,6359420
antigua,28.35436,-13.91724,Las Palmas,11172,ADM3,6360173
"antigua, la",42.17896,-5.67318,Leon,455,ADM3,6358556
antiguedad,41.94681,-4.12058,Palencia,400,PPLA3,3129955
antigueedad,41.93053,-4.08531,Palencia,404,ADM3,6359988
antillon,42.02646,-0.16607,Huesca,127,ADM3,6358281
antzuola,43.10414,-2.36998,Gipuzkoa,2177,ADM3,6358102
anue,42.97895,-1.58368,Navarra,455,ADM3,6359566
anzuola,43.09725,-2.37998,Gipuzkoa,0,PPLA3,3129938
aoiz/agoitz,42.78439,-1.35933,Navarra,2640,ADM3,6359568
arabayona de mogica,41.05049,-5.38542,Salamanca,433,ADM3,6360288
aracena,37.85609,-6.57306,Huelva,7814,ADM3,6358183
arafo,28.35056,-16.43324,Santa Cruz de Tenerife,5507,ADM3,6360620
araguees del puerto,42.72155,-0.65774,Huesca,128,ADM3,6358282
aragues del puerto,42.70641,-0.66999,Huesca,143,PPLA3,3129897
arahal,37.18635,-5.55492,Sevilla,19513,ADM3,6360966
arahuetes,41.14987,-3.85921,Segovia,43,ADM3,6360764
araitz,43.03467,-2.00255,Navarra,568,ADM3,6359569
arakaldo,43.15195,-2.92933,Bizkaia,126,ADM3,6362356
arakil,42.91899,-1.84797,Navarra,952,ADM3,6359574
arama,43.06084,-2.16515,Gipuzkoa,200,ADM3,6358103
aramaio,43.039,-2.60173,Araba / Alava,1513,ADM3,6355245
aranarache,42.77979,-2.22924,Navarra,82,PPLA3,3129882
aranarache / aranaratxe,42.76943,-2.23039,Navarra,87,ADM3,6359570
arancon,41.78293,-2.25082,Soria,95,ADM3,6361082
aranda de duero,41.69215,-3.68365,Burgos,33459,ADM3,6356343
aranda de moncayo,41.59802,-1.78847,Zaragoza,117,ADM3,6362725
arandiga,41.51423,-1.49956,Zaragoza,264,ADM3,6362726
arandilla,41.72568,-3.4183,Burgos,177,ADM3,6356344
arandilla del arroyo,40.51143,-2.37256,Cuenca,20,ADM3,6357381
aranga,43.21074,-8.02789,Coruna,2072,ADM3,6357273
aranguren,42.77889,-1.57726,Navarra,8092,ADM3,6359572
aranjuez,40.0202,-3.65907,Madrid,59037,ADM3,6359239
arano,43.20575,-1.88845,Navarra,121,ADM3,6359573
arantza,43.19602,-1.73529,Navarra,645,ADM3,6359571
arantzazu,43.15148,-2.79263,Bizkaia,360,ADM3,6362357
aranuel,40.08643,-0.48406,Castello,196,ADM3,6356972
aranzueque,40.48887,-3.07948,Guadalajara,463,ADM3,6357833
arapiles,40.89443,-5.6475,Salamanca,612,ADM3,6360289
aras,42.57003,-2.35489,Navarra,185,ADM3,6359575
aras de los olmos,39.93767,-1.16006,Valencia,420,ADM3,6361906
arauzo de miel,41.87108,-3.36659,Burgos,368,ADM3,6356345
arauzo de salce,41.81742,-3.40029,Burgos,70,ADM3,6356346
arauzo de torre,41.79543,-3.42194,Burgos,90,ADM3,6356347
arbancon,40.98396,-3.15356,Guadalajara,181,ADM3,6357834
arbeca,41.54335,0.94218,Lleida,2081,ADM3,6358786
arbeteta,40.68292,-2.40067,Guadalajara,46,ADM3,6357835
arbizu,42.93182,-2.03983,Navarra,1093,ADM3,6359576
arbo,42.12586,-8.31517,Pontevedra,3191,ADM3,6360205
arboleas,37.34852,-2.08197,Almeria,4990,ADM3,6355533
arboli,41.23899,0.96372,Tarragona,129,ADM3,6361258
arbucies,41.83185,2.48684,Girona,6741,ADM3,6357596
arcas del villar,39.95555,-2.09164,Cuenca,1414,ADM3,6357590
arce/artzi,42.88578,-1.3522,Navarra,260,ADM3,6359577
arcediano,41.10338,-5.55856,Salamanca,107,ADM3,6360290
arcenillas,41.46673,-5.69581,Zamora,406,ADM3,6362457
archena,38.11668,-1.29539,Murcia,19053,ADM3,6359514
archez,36.82701,-3.99515,Malaga,476,ADM3,6359421
archidona,37.09945,-4.38852,Malaga,8814,ADM3,6359422
arcicollar,40.05808,-4.10156,Toledo,822,ADM3,6361676
"arco, el",41.11089,-5.82906,Salamanca,96,ADM3,6360291
arconada,42.34451,-4.48701,Palencia,45,ADM3,6359989
arcones,41.1129,-3.71498,Segovia,243,ADM3,6360765
arcos,42.26435,-3.75406,Burgos,1410,ADM3,6356348
arcos de jalon,41.1919,-2.28177,Soria,1839,ADM3,6361083
arcos de la frontera,36.73451,-5.71978,Cadiz,31417,ADM3,6356921
arcos de la polvorosa,41.94182,-5.70691,Zamora,259,ADM3,6362458
arcos de la sierra,40.34518,-2.08132,Cuenca,106,ADM3,6357382
arcos de las salinas,40.01302,-1.05553,Teruel,105,ADM3,6361451
"arcos, los",42.54714,-2.18217,Navarra,1214,ADM3,6359578
ardales,36.88987,-4.83685,Malaga,2606,ADM3,6359423
ardisa,42.19138,-0.78316,Zaragoza,76,ADM3,6362727
ardon,42.4281,-5.56691,Leon,614,ADM3,6358557
areatza,43.11041,-2.78006,Bizkaia,1226,ADM3,6362432
arellano,42.58482,-2.05628,Navarra,207,ADM3,6359579
"arenal, el",40.27881,-5.07829,Avila,1046,ADM3,6355626
arenales de san gregorio,39.30716,-3.04084,Ciudad Real,700,ADM3,6357194
arenas,36.81935,-4.07081,Malaga,1411,ADM3,6359424
arenas de iguna,43.18024,-4.08769,Cantabria,1792,ADM3,6360651
arenas de san juan,39.20298,-3.50784,Ciudad Real,1091,ADM3,6357112
arenas de san pedro,40.16809,-5.09567,Avila,6841,ADM3,6355627
arenas del rey,36.94568,-3.85277,Granada,2038,ADM3,6357655
arenillas,41.33502,-2.83964,Soria,30,ADM3,6361084
arenillas de riopisuerga,42.35753,-4.2342,Burgos,189,ADM3,6356349
areny de noguera / aren,42.25775,0.71857,Huesca,362,ADM3,6358283
arenys de lledo / arens de lledo,40.99247,0.26779,Teruel,205,ADM3,6361452
arenys de mar,41.58066,2.55023,Barcelona,15030,ADM3,6533985
arenys de munt,41.61262,2.5295,Barcelona,8530,ADM3,6533986
arenzana de abajo,42.38089,-2.71764,La Rioja,264,ADM3,6359005
arenzana de arriba,42.37424,-2.68635,La Rioja,34,ADM3,6359006
ares,43.4336,-8.25708,Coruna,5839,ADM3,6357274
ares del maestrat,40.43593,-0.09252,Castello,215,ADM3,6356973
ares del maestre,40.45675,-0.13267,Castello,227,PPLA3,3129651
areso,43.0838,-1.95144,Navarra,276,ADM3,6359580
aretxabaleta,43.03019,-2.4857,Gipuzkoa,6850,ADM3,6358104
arevalillo,40.59229,-5.37408,Avila,101,ADM3,6355628
arevalillo de cega,41.17218,-3.88523,Segovia,36,ADM3,6360766
arevalo,41.04084,-4.71695,Avila,8118,ADM3,6355629
arevalo de la sierra,41.96351,-2.40715,Soria,89,ADM3,6361085
argamasilla de alba,39.03599,-2.99163,Ciudad Real,7376,ADM3,6357113
argamasilla de calatrava,38.7384,-4.01496,Ciudad Real,6018,ADM3,6357114
arganda del rey,40.29637,-3.44945,Madrid,55506,ADM3,6359240
arganin,41.44231,-6.21405,Zamora,80,ADM3,6362459
arganza,42.64367,-6.68363,Leon,850,ADM3,6358558
argavieso,42.05256,-0.28069,Huesca,109,ADM3,6358284
argecilla,40.89238,-2.81533,Guadalajara,77,ADM3,6357836
argelaguer,42.21553,2.64361,Girona,425,ADM3,6534009
argelita,40.0712,-0.33577,Castello,100,ADM3,6356974
argencola,41.59486,1.46953,Barcelona,245,ADM3,6356044
argensola,41.598,1.44511,Barcelona,0,PPLA3,12041388
argente,40.69217,-1.17901,Teruel,204,ADM3,6361453
argentona,41.56077,2.39533,Barcelona,11914,ADM3,6356045
arges,39.80747,-4.0784,Toledo,5712,ADM3,6361677
argonos,43.45733,-3.49307,Cantabria,1696,ADM3,6360652
arguedas,42.18508,-1.57975,Navarra,2373,ADM3,6359581
arguis,42.32478,-0.46856,Huesca,167,ADM3,6358285
arguisuelas,39.81068,-1.82864,Cuenca,143,ADM3,6357384
argujillo,41.30354,-5.58732,Zamora,324,ADM3,6362460
aria,42.97245,-1.27481,Navarra,58,ADM3,6359582
ariany,39.64978,3.10922,Illes Balears,877,ADM3,6533983
aribe,42.94542,-1.2639,Navarra,50,ADM3,6359583
arico,28.16631,-16.48194,Santa Cruz de Tenerife,8090,ADM3,6360621
arija,42.98267,-3.95128,Burgos,156,ADM3,6356350
arino,41.05046,-0.60491,Teruel,605,ADM3,6361454
ariza,41.31047,-2.0397,Zaragoza,1082,ADM3,6362728
arjona,37.93159,-4.05257,Jaen,5763,ADM3,6358461
arjonilla,37.97993,-4.11369,Jaen,3830,ADM3,6358462
arlanzon,42.345,-3.41458,Burgos,439,ADM3,6356351
armallones,40.74356,-2.33906,Guadalajara,69,ADM3,6357837
armananzas,42.54161,-2.28672,Navarra,60,ADM3,6359584
armenteros,40.61206,-5.48272,Salamanca,342,ADM3,6360292
armilla,37.15097,-3.61883,Granada,22507,ADM3,6357656
arminon,42.71863,-2.86609,Araba / Alava,231,ADM3,6355247
armuna,41.06925,-4.28642,Segovia,242,ADM3,6360767
armuna de almanzora,37.35852,-2.41689,Almeria,340,ADM3,6355534
armuna de tajuna,40.52337,-3.0292,Guadalajara,252,ADM3,6357838
arnedillo,42.2154,-2.23614,La Rioja,484,ADM3,6359007
arnedo,42.22147,-2.09284,La Rioja,14548,ADM3,6359008
arnes,40.90949,0.25921,Tarragona,461,ADM3,6361261
"arnoia, a",42.24957,-8.13084,Ourense,1051,ADM3,6359821
arnuero,43.49308,-3.55729,Cantabria,2115,ADM3,6360653
aroche,37.96886,-6.96869,Huelva,3258,ADM3,6358184
arona,28.03766,-16.69045,Santa Cruz de Tenerife,77718,ADM3,6360622
arquillinos,41.71311,-5.63826,Zamora,135,ADM3,6362461
arquillos,38.22238,-3.40717,Jaen,1970,ADM3,6358463
arrabalde,42.11999,-5.89542,Zamora,278,ADM3,6362462
arraia-maeztu,42.74284,-2.44683,Araba / Alava,739,ADM3,6355270
arrancacepas,40.30836,-2.3496,Cuenca,31,ADM3,6357385
arrankudiaga-zollo,43.16667,-2.91667,Bizkaia,961,ADM3,3129433
arrasate/mondragon,43.07452,-2.48415,Gipuzkoa,22027,ADM3,6358144
arratzu,43.31438,-2.64229,Bizkaia,388,ADM3,6362448
arratzua-ubarrundia,42.92427,-2.61436,Araba / Alava,983,ADM3,6355248
arraya de oca,42.40421,-3.38984,Burgos,53,ADM3,6356352
arrecife,28.96753,-13.54925,Las Palmas,56284,ADM3,6360174
arredondo,43.26659,-3.63949,Cantabria,522,ADM3,6360654
arres,42.75807,0.69799,Lleida,63,ADM3,6358788
arriate,36.79735,-5.13699,Malaga,4121,ADM3,6359425
arrieta,43.34093,-2.77044,Bizkaia,551,ADM3,6362360
arrigorriaga,43.20607,-2.91137,Bizkaia,12525,ADM3,6362361
arroba de los montes,39.17,-4.57538,Ciudad Real,505,ADM3,6357115
arroniz,42.55856,-2.10567,Navarra,1111,ADM3,6359585
arroyo de la encomienda,41.62476,-4.79225,Valladolid,15680,ADM3,6362138
arroyo de la luz,39.51148,-6.57968,Caceres,6292,ADM3,6356718
arroyo de las fraguas,41.02458,-3.13968,Guadalajara,39,ADM3,6357839
arroyo de san servan,38.84961,-6.45705,Badajoz,4267,ADM3,6355877
arroyo del ojanco,38.31434,-2.88874,Jaen,2525,ADM3,6358551
arroyomolinos,39.14454,-6.14508,Caceres,948,ADM3,6356720
arroyomolinos,40.28623,-3.9202,Madrid,31396,ADM3,6359241
arroyomolinos de la vera,40.04699,-5.87985,Caceres,490,ADM3,6356719
arroyomolinos de leon,38.00542,-6.41727,Huelva,1009,ADM3,6358185
arruazu,42.93399,-2.00981,Navarra,101,ADM3,6359586
arrubal,42.42852,-2.25266,La Rioja,498,ADM3,6359009
arseguel,42.35443,1.57705,Lleida,85,ADM3,6358789
arta,39.69196,3.34907,Illes Balears,7629,ADM3,6533931
artajona,42.58863,-1.75114,Navarra,1731,ADM3,6359587
artana,39.89985,-0.24607,Castello,1974,ADM3,6356975
artazu,42.68756,-1.83655,Navarra,121,ADM3,6359588
artea,43.12873,-2.79347,Bizkaia,783,ADM3,6362369
arteixo,43.29868,-8.50872,Coruna,30725,ADM3,6357275
artenara,28.02242,-15.71131,Las Palmas,1242,ADM3,6360175
artes,41.80039,1.95467,Barcelona,5566,ADM3,6356046
artesa de lleida,41.54836,0.69565,Lleida,1507,ADM3,6358790
artesa de segre,41.89704,1.04782,Lleida,3759,ADM3,6358791
artieda,42.5924,-0.99266,Zaragoza,86,ADM3,6362729
artzentales,43.233,-3.2371,Bizkaia,760,ADM3,6362359
artziniega,43.13048,-3.13179,Araba / Alava,1861,ADM3,6355246
arucas,28.13502,-15.5173,Las Palmas,36797,ADM3,6360176
arzua,42.92935,-8.17555,Coruna,6315,ADM3,6357276
as neves,42.12425,-8.40428,Pontevedra,4300,ADM3,6360234
asco,41.16288,0.55208,Tarragona,1680,ADM3,6361262
asin,42.27125,-1.05314,Zaragoza,89,ADM3,6362730
aspa,41.49414,0.67617,Lleida,216,ADM3,6358793
aspariegos,41.66869,-5.58728,Zamora,294,ADM3,6362463
asparrena,42.89996,-2.32653,Araba / Alava,1698,ADM3,6355249
aspe,38.33424,-0.79451,Alicante,20309,ADM3,6355395
asteasu,43.20476,-2.10018,Gipuzkoa,1512,ADM3,6358105
astigarraga,43.27976,-1.93343,Gipuzkoa,4999,ADM3,6358172
astorga,42.45927,-6.09461,Leon,11826,ADM3,6358559
astudillo,42.19304,-4.29256,Palencia,1065,ADM3,6359990
asturianos,42.0545,-6.4763,Zamora,275,ADM3,6362464
atajate,36.64657,-5.24207,Malaga,158,ADM3,6359426
atalaya,38.33339,-6.48807,Badajoz,319,ADM3,6355878
atalaya del canavate,39.51764,-2.24198,Cuenca,133,ADM3,6357386
"atalaya, la",40.50864,-6.40989,Salamanca,131,ADM3,6360294
atanzon,40.65953,-3.01028,Guadalajara,102,ADM3,6357840
atapuerca,42.37706,-3.50704,Burgos,202,ADM3,6356353
ataquines,41.18525,-4.77566,Valladolid,657,ADM3,6362139
atarfe,37.25169,-3.70023,Granada,16843,ADM3,6357657
ataun,42.97964,-2.15437,Gipuzkoa,1680,ADM3,6358106
"atazar, el",40.92919,-3.4726,Madrid,93,ADM3,6359242
atea,41.15096,-1.55354,Zaragoza,136,ADM3,6362731
ateca,41.34418,-1.80584,Zaragoza,1732,ADM3,6362732
atez,42.94208,-1.70777,Navarra,243,ADM3,6359589
atienza,41.19226,-2.87492,Guadalajara,498,ADM3,6357841
atxondo,43.1116,-2.58283,Bizkaia,1415,ADM3,6362430
atzeneta d'albaida,38.83357,-0.48758,Valencia,1229,ADM3,6361868
atzeneta del maestrat,40.23446,-0.15227,Castello,1342,ADM3,6356960
aulesti,43.2972,-2.55999,Bizkaia,669,ADM3,3115877
aunon,40.50549,-2.77899,Guadalajara,206,ADM3,6357842
auritz/burguete,42.98604,-1.33701,Navarra,272,ADM3,6359606
ausejo,42.35247,-2.13523,La Rioja,1106,ADM3,6359010
ausejo de la sierra,41.91328,-2.35781,Soria,69,ADM3,6361086
"ausines, los",42.21667,-3.58333,Burgos,151,ADM3,3118053
autilla del pino,41.98576,-4.63192,Palencia,254,ADM3,6359991
autillo de campos,42.08961,-4.84819,Palencia,150,ADM3,6359992
autol,42.20823,-1.97109,La Rioja,4442,ADM3,6359011
aveinte,40.7865,-4.83331,Avila,92,ADM3,6355630
avellaneda,40.38765,-5.38513,Avila,30,ADM3,6355631
avellanosa de muno,41.99078,-3.85781,Burgos,119,ADM3,6356354
avia,42.06421,1.82914,Barcelona,2259,ADM3,6356047
avila,40.66864,-4.66064,Avila,58915,ADM3,6355632
aviles,43.56667,-5.93333,Asturias,83107,ADM3,3129133
avinyo,41.85752,1.97721,Barcelona,2328,ADM3,6356048
avinyonet de puigventos,42.25103,2.91341,Girona,1523,ADM3,6534011
avinyonet del penedes,41.35988,1.7782,Barcelona,1716,ADM3,6356049
avion,42.41462,-8.25845,Ourense,2408,ADM3,6359822
aya,43.23721,-2.14833,Gipuzkoa,0,PPLA3,3129120
ayala/aiara,43.08162,-3.07509,Araba / Alava,2918,ADM3,6355250
ayamonte,37.27034,-7.36322,Huelva,20968,ADM3,6358186
ayegui,42.65656,-2.03934,Navarra,1315,PPLA3,3129113
ayegui / aiegi,42.64933,-2.04403,Navarra,2026,ADM3,6359590
ayerbe,42.23761,-0.7069,Huesca,1050,ADM3,6358286
ayllon,41.36009,-3.33665,Segovia,1398,ADM3,6360768
ayna,38.55111,-2.14865,Albacete,794,ADM3,6355303
ayodar,39.98795,-0.38458,Castello,206,ADM3,6356976
ayoo de vidriales,42.13101,-6.08084,Zamora,372,ADM3,6362465
ayora,39.03258,-0.99506,Valencia,5441,ADM3,6361909
ayuela,42.65515,-4.74012,Palencia,61,ADM3,6359993
azagra,42.29409,-1.87831,Navarra,3868,ADM3,6359591
azaila,41.33076,-0.52335,Teruel,94,ADM3,6361455
azanuy-alins,41.98627,0.31638,Huesca,184,ADM3,6358287
azara,42.06879,-0.02801,Huesca,167,ADM3,6358288
azkoitia,43.17746,-2.3127,Gipuzkoa,11492,ADM3,6358108
azlor,42.09907,-0.03667,Huesca,155,ADM3,6358289
aznalcazar,37.15143,-6.26903,Sevilla,4260,ADM3,6360967
aznalcollar,37.54912,-6.31661,Sevilla,6192,ADM3,6360968
azofra,42.43858,-2.79787,La Rioja,248,ADM3,6359012
azpeitia,43.18379,-2.26576,Gipuzkoa,14506,ADM3,6358109
azuaga,38.26743,-5.67974,Badajoz,8205,ADM3,6355879
azuara,41.2181,-0.87767,Zaragoza,537,ADM3,6362733
azuebar,39.84984,-0.36022,Castello,359,ADM3,6356977
azuelo,42.60862,-2.35012,Navarra,32,ADM3,6359592
azuqueca de henares,40.55716,-3.25528,Guadalajara,35146,ADM3,6357843
azutan,39.77298,-5.13014,Toledo,295,ADM3,6361678
babilafuente,40.98593,-5.43373,Salamanca,918,ADM3,6360295
bacares,37.24702,-2.48293,Almeria,292,ADM3,6355535
badajoz,38.88676,-6.96671,Badajoz,149746,ADM3,6355880
badalona,41.44826,2.24842,Barcelona,220977,ADM3,6356051
badaran,42.36189,-2.80209,La Rioja,583,ADM3,6359013
badenas,41.09208,-1.12129,Teruel,28,ADM3,6361456
badia del valles,41.50993,2.11648,Barcelona,13563,ADM3,6356329
badolatosa,37.30702,-4.68928,Sevilla,3214,ADM3,6360969
badules,41.16686,-1.23263,Zaragoza,83,ADM3,6362734
baells,41.95909,0.46323,Huesca,89,ADM3,6358290
baena,37.65637,-4.33456,Cordoba,20266,ADM3,6357202
baeza,37.94731,-3.49804,Jaen,16535,ADM3,6358464
baga,42.27878,1.83499,Barcelona,2396,ADM3,6356052
baguees,42.54948,-0.94577,Zaragoza,17,ADM3,6362735
baguena,41.03468,-1.34987,Teruel,278,ADM3,6361457
bagues,42.54935,-0.94577,Zaragoza,42,PPLA3,3129009
bahabon,41.47744,-4.2759,Valladolid,160,ADM3,6362140
bahabon de esgueva,41.86635,-3.72108,Burgos,111,ADM3,6356355
baides,41.00307,-2.76906,Guadalajara,91,ADM3,6357844
bailen,38.08023,-3.78418,Jaen,18725,ADM3,6358465
bailo,42.50055,-0.80433,Huesca,265,ADM3,6358291
baiona,42.10681,-8.85547,Pontevedra,12063,ADM3,6360207
baix pallars,42.3308,1.07052,Lleida,362,ADM3,6358796
bakaiku,42.91086,-2.10719,Navarra,333,ADM3,6359593
bakio,43.42982,-2.80514,Bizkaia,2604,ADM3,6362362
balaguer,41.78809,0.81691,Lleida,16952,ADM3,6358797
balanegra,36.75009,-2.91069,Almeria,2835,ADM3,11395737
balazote,38.88508,-2.14901,Albacete,2447,ADM3,6355304
"balbases, los",42.21517,-4.0634,Burgos,338,ADM3,6356356
balboa,42.72382,-6.93559,Leon,357,ADM3,6358560
balconchan,41.07297,-1.49119,Zaragoza,19,ADM3,6362736
baldellou,41.91382,0.56606,Huesca,81,ADM3,6358292
baleira,43.04156,-7.19547,Lugo,1448,ADM3,6359166
balenya,41.81623,2.23331,Barcelona,3714,ADM3,6356053
baliarrain,43.0729,-2.12937,Gipuzkoa,127,ADM3,6358173
"ballestero, el",38.85143,-2.46877,Albacete,465,ADM3,6355306
ballesteros de calatrava,38.83186,-3.9398,Ciudad Real,455,ADM3,6357116
ballobar,41.60416,0.13771,Huesca,862,ADM3,6358293
balmaseda,43.19339,-3.20525,Bizkaia,7737,ADM3,6362429
balones,38.74044,-0.32947,Alicante,157,ADM3,6355396
balsa de ves,39.27336,-1.20802,Albacete,191,ADM3,6355305
balsareny,41.86528,1.87023,Barcelona,3492,ADM3,6356054
baltanas,41.94671,-4.19167,Palencia,1313,ADM3,6359994
baltar,41.94155,-7.7257,Ourense,1076,ADM3,6359823
"bana, a",42.96214,-8.75159,Coruna,3967,ADM3,6357277
banalbufar,39.68635,2.5139,Illes Balears,560,ADM3,6533932
banares,42.46602,-2.91416,La Rioja,303,ADM3,6359014
banastas,42.1888,-0.45266,Huesca,335,ADM3,6358294
bande,42.00415,-7.96228,Ourense,1958,ADM3,6359824
"baneza, la",42.29534,-5.90267,Leon,10843,ADM3,6358561
banobarez,40.81921,-6.62118,Salamanca,347,ADM3,6360296
banon,40.82809,-1.2119,Teruel,152,ADM3,6361458
banos de ebro/manueta,42.52975,-2.67886,Araba / Alava,317,ADM3,6355251
banos de la encina,38.28885,-3.76165,Jaen,2694,ADM3,6358466
banos de molgas,42.23116,-7.68168,Ourense,1774,ADM3,6359825
banos de montemayor,40.31051,-5.87662,Caceres,766,ADM3,6356721
banos de rio tobia,42.34306,-2.75647,La Rioja,1662,ADM3,6359016
banos de rioja,42.51366,-2.94916,La Rioja,96,ADM3,6359015
banos de tajo,40.71304,-2.01283,Guadalajara,19,ADM3,6357845
banos de valdearados,41.77049,-3.55416,Burgos,378,ADM3,6356357
banuelos,41.2969,-2.91662,Guadalajara,23,ADM3,6357846
banuelos de bureba,42.50209,-3.26762,Burgos,33,ADM3,6356358
banyalbufar,39.68734,2.51409,Illes Balears,568,PPLA3,2521361
banyeres de mariola,38.71887,-0.656,Alicante,7222,ADM3,6355397
banyeres del penedes,41.2704,1.56095,Tarragona,3347,ADM3,6361263
banyoles,42.12561,2.77249,Girona,19341,ADM3,6534014
baquerin de campos,42.02568,-4.75999,Palencia,39,ADM3,6359996
barajas de melo,40.12344,-2.98592,Cuenca,1070,ADM3,6357387
barakaldo,43.29753,-2.98622,Bizkaia,100369,ADM3,3128842
baralla,42.93208,-7.23864,Lugo,2834,ADM3,6359225
baranain,42.80451,-1.69022,Navarra,21444,ADM3,6359813
baraona,41.29073,-2.62344,Soria,183,ADM3,6361087
barasoain,42.61109,-1.67275,Navarra,639,ADM3,6359594
barbadas,42.3117,-7.90242,Ourense,10064,ADM3,6359826
barbadillo,40.89265,-5.81456,Salamanca,456,ADM3,6360297
barbadillo de herreros,42.18854,-3.15542,Burgos,121,ADM3,6356359
barbadillo del mercado,42.04671,-3.36631,Burgos,155,ADM3,6356360
barbadillo del pez,42.13163,-3.22532,Burgos,91,ADM3,6356361
barbalos,40.66035,-5.9394,Salamanca,83,ADM3,6360298
barbarin,42.58544,-2.1268,Navarra,65,ADM3,6359595
barbastro,42.04348,0.12556,Huesca,17807,ADM3,6358295
barbate,36.19228,-5.9427,Cadiz,22885,ADM3,6356922
barbens,41.68415,1.03761,Lleida,928,ADM3,6358798
barbera de la conca,41.41831,1.21841,Tarragona,471,ADM3,6361264
barbera del valles,41.51736,2.13201,Barcelona,32436,ADM3,6356273
barboles,41.72408,-1.17286,Zaragoza,286,ADM3,6362737
barbolla,41.31386,-3.66034,Segovia,214,ADM3,6360769
barbues,41.984,-0.43812,Huesca,97,ADM3,6358296
barbunales,42.04017,-0.10035,Huesca,93,ADM3,6358297
barca,41.45568,-2.63752,Soria,120,ADM3,6361088
barcabo,42.25068,0.06041,Huesca,116,ADM3,6358298
barcarrota,38.50365,-6.88288,Badajoz,3692,ADM3,6355881
barcelona,41.39942,2.12804,Barcelona,1620943,ADM3,6356055
barcena de campos,42.49282,-4.49504,Palencia,55,ADM3,6359997
barcena de cicero,43.40547,-3.48577,Cantabria,4118,ADM3,6360656
barcena de pie de concha,43.11578,-4.0616,Cantabria,758,ADM3,6360657
barceo,41.06967,-6.45282,Salamanca,48,ADM3,6360299
barchin del hoyo,39.68687,-2.02032,Cuenca,91,ADM3,6357388
barcial de la loma,41.95413,-5.27993,Valladolid,124,ADM3,6362141
barcial del barco,41.93462,-5.64535,Zamora,279,ADM3,6362466
barcience,39.983,-4.23245,Toledo,760,ADM3,6361679
"barco de avila, el",40.3618,-5.52063,Avila,2715,ADM3,6355633
"barco de valdeorras, o",42.43272,-6.96868,Ourense,14052,ADM3,6359827
barcones,41.29167,-2.80589,Soria,31,ADM3,6361089
bardallur,41.68868,-1.19894,Zaragoza,228,ADM3,6362738
bareyo,43.49182,-3.61178,Cantabria,2060,ADM3,6360658
bargas,39.96416,-4.06769,Toledo,9874,ADM3,6361680
bargota,42.53902,-2.30716,Navarra,312,ADM3,6359596
barillas,41.97198,-1.66175,Navarra,192,ADM3,6359597
barjas,42.6118,-6.97493,Leon,232,ADM3,6358562
barlovento,28.81642,-17.81026,Santa Cruz de Tenerife,2085,ADM3,6534182
barracas,39.98375,-0.68607,Castello,201,ADM3,6356978
barrachina,40.89006,-1.14236,Teruel,113,ADM3,6361459
"barraco, el",40.45119,-4.58922,Avila,2085,ADM3,6355634
barrado,40.08299,-5.89093,Caceres,451,ADM3,6356722
barrax,39.0437,-2.21347,Albacete,2027,ADM3,6355307
barreiros,43.52723,-7.21842,Lugo,3124,ADM3,6359167
barrika,43.40679,-2.96083,Bizkaia,1510,ADM3,6362363
barrio de muno,42.18245,-4.00072,Burgos,34,ADM3,6356362
barrio de san jose obrero,38.02805,-1.04919,Murcia,198,PPLA4,11550597
barriopedro,40.78809,-2.75814,Guadalajara,23,ADM3,6357847
"barrios de bureba, los",42.65158,-3.36611,Burgos,215,ADM3,6356363
barrios de colina,42.38443,-3.42898,Burgos,57,ADM3,6356364
"barrios de luna, los",42.84681,-5.86164,Leon,317,ADM3,6358563
"barrios, los",36.21845,-5.53671,Cadiz,23141,ADM3,6356923
barro,42.52972,-8.64787,Pontevedra,3724,ADM3,6360206
barroman,41.05614,-4.92936,Avila,199,ADM3,6355635
barruecopardo,41.05915,-6.66854,Salamanca,518,ADM3,6360300
barruelo de santullan,42.88007,-4.3116,Palencia,1403,ADM3,6359998
barruelo del valle,41.67511,-5.08457,Valladolid,54,ADM3,6362142
barrundia,42.91377,-2.5071,Araba / Alava,908,ADM3,6355252
barx,39.0116,-0.31174,Valencia,1335,ADM3,6361911
barxeta,39.0154,-0.42781,Valencia,1637,ADM3,6361910
basaburua,43.02997,-1.80724,Navarra,876,ADM3,6359598
basardilla,40.999,-3.97095,Segovia,171,ADM3,6360770
basauri,43.23482,-2.88271,Bizkaia,41971,ADM3,3128528
bascara,42.15857,2.91146,Girona,968,ADM3,6534015
basconcillos del tozo,42.68777,-3.94416,Burgos,317,ADM3,6356365
bascones de ojeda,42.67804,-4.53271,Palencia,165,ADM3,6359999
bascunana,42.40385,-3.11657,Burgos,45,ADM3,6356366
bascunana de san pedro,40.21186,-2.22314,Cuenca,25,ADM3,6357389
bassella,42.00853,1.30797,Lleida,246,ADM3,6358801
"bastida, la",40.58491,-6.04395,Salamanca,30,ADM3,6360301
batea,41.10664,0.30247,Tarragona,1875,ADM3,6361265
baterno,38.92383,-4.89329,Badajoz,335,ADM3,6355882
batres,40.22538,-3.928,Madrid,1638,ADM3,6359243
bausen,42.84353,0.70301,Lleida,64,ADM3,6358802
bayarcal,37.05115,-2.99419,Almeria,376,ADM3,6355536
bayarque,37.31852,-2.45577,Almeria,224,ADM3,6355537
bayubas de abajo,41.51768,-2.90706,Soria,192,ADM3,6361090
bayubas de arriba,41.56049,-2.89343,Soria,54,ADM3,6361091
baza,37.4117,-2.76413,Granada,21407,ADM3,6357658
baztan,43.14581,-1.52226,Navarra,7863,ADM3,3128449
bea,41.01984,-1.13763,Teruel,30,ADM3,6361460
beade,42.32872,-8.13261,Ourense,500,ADM3,6359828
beamud,40.20827,-1.82231,Cuenca,62,ADM3,6357390
beariz,42.47795,-8.27374,Ourense,1205,ADM3,6359829
beas,37.48316,-6.81247,Huelva,4321,ADM3,6358187
beas de granada,37.23809,-3.46575,Granada,1031,ADM3,6357659
beas de guadix,37.27746,-3.2071,Granada,380,ADM3,6357660
beas de segura,38.25545,-2.87691,Jaen,5804,ADM3,6358467
beasain,43.07326,-2.21791,Gipuzkoa,13850,ADM3,6358110
becedas,40.38874,-5.63624,Avila,261,ADM3,6355636
becedillas,40.55523,-5.31301,Avila,117,ADM3,6355637
becerrea,42.87697,-7.12108,Lugo,3072,ADM3,6359168
becerril de campos,42.12045,-4.62413,Palencia,915,ADM3,6360000
becerril de la sierra,40.72857,-3.9746,Madrid,5355,ADM3,6359244
becilla de valderaduey,42.09761,-5.2046,Valladolid,304,ADM3,6362143
bedar,37.17796,-1.99762,Almeria,1083,ADM3,6355538
bedia,43.19979,-2.82029,Bizkaia,987,ADM3,6362431
bedmar y garciez,37.84117,-3.4272,Jaen,3051,ADM3,6358548
begijar,37.97194,-3.57602,Jaen,3151,ADM3,6358468
begonte,43.1647,-7.68628,Lugo,3322,ADM3,6359169
begues,41.3269,1.89649,Barcelona,6520,ADM3,6356056
begur,41.95531,3.21453,Girona,4221,ADM3,6534012
beintza-labaien,43.10618,-1.73679,Navarra,242,ADM3,6359685
beire,42.46734,-1.59374,Navarra,320,ADM3,6359599
beires,37.02945,-2.81014,Almeria,111,ADM3,6355539
beizama,43.12599,-2.21236,Gipuzkoa,175,ADM3,6358111
bejar,40.38884,-5.77199,Salamanca,14408,ADM3,6360302
bejis,39.89833,-0.73632,Castello,415,ADM3,6356980
belalcazar,38.58038,-5.15327,Cordoba,3486,ADM3,6357203
belascoain,42.74859,-1.82809,Navarra,124,ADM3,6359600
belauntza,43.13687,-2.04224,Gipuzkoa,281,ADM3,6358112
belaunza,43.13586,-2.05156,Gipuzkoa,0,PPLA3,3128368
belbimbre,42.16275,-4.01474,Burgos,76,ADM3,6356367
belchite,41.33045,-0.78518,Zaragoza,1509,ADM3,6362739
belena,40.74258,-5.64747,Salamanca,208,ADM3,6360303
belgida,38.86718,-0.46036,Valencia,721,ADM3,6361912
belianes,41.57126,0.99757,Lleida,517,ADM3,6358803
belinchon,40.05351,-3.03496,Cuenca,376,ADM3,6357391
bell-lloc d'urgell,41.63448,0.78085,Lleida,2420,ADM3,6358805
bellaguarda,41.3293,0.72729,Lleida,301,ADM3,6358907
bellcaire d'emporda,42.08298,3.09768,Girona,661,ADM3,6534016
bellcaire d'urgell,41.76964,0.89012,Lleida,1350,ADM3,6358804
bellmunt d'urgell,41.76238,0.94596,Lleida,196,ADM3,6358806
bellmunt de mesqui / belmonte de san jose,40.87406,-0.0666,Teruel,126,ADM3,6361462
bellmunt del priorat,41.16365,0.76442,Tarragona,298,ADM3,6361266
bello,40.9157,-1.51313,Teruel,204,ADM3,6361463
bellprat,41.51204,1.45289,Barcelona,91,ADM3,6356057
bellpuig,41.62873,1.00729,Lleida,5276,ADM3,6358807
bellreguard,38.95331,-0.15196,Valencia,4697,ADM3,6361913
bellus,38.94734,-0.49663,Valencia,359,ADM3,6361914
bellvei,41.23638,1.57155,Tarragona,2460,ADM3,6361267
bellver de cerdanya,42.36596,1.76884,Lleida,2300,ADM3,6358808
bellvis,41.691,0.82769,Lleida,2266,ADM3,6358809
belmez,38.27048,-5.20485,Cordoba,3162,ADM3,6357204
belmez de la moraleda,37.73104,-3.37155,Jaen,1752,ADM3,6358469
belmonte,39.58092,-2.70138,Cuenca,2147,ADM3,6357392
belmonte de campos,41.93823,-4.9776,Palencia,32,ADM3,6360001
belmonte de gracian,41.32952,-1.49312,Zaragoza,238,ADM3,6362740
belmonte de miranda,43.29588,-6.228,Asturias,1740,ADM3,6359912
belmonte de tajo,40.13294,-3.33753,Madrid,1580,ADM3,6359245
belmontejo,39.81675,-2.31393,Cuenca,221,ADM3,6357393
belorado,42.3964,-3.17459,Burgos,2082,ADM3,6356368
belver de cinca,41.7125,0.24103,Huesca,1298,ADM3,6358299
belver de los montes,41.71737,-5.44838,Zamora,339,ADM3,6362467
belvis de la jara,39.76893,-4.94002,Toledo,1788,ADM3,6361681
belvis de monroy,39.81859,-5.60327,Caceres,641,ADM3,6356723
bembibre,42.64158,-6.43707,Leon,9929,ADM3,6358564
benabarre,42.08517,0.49223,Huesca,1142,ADM3,6358300
benacazon,37.34036,-6.21053,Sevilla,6985,ADM3,6360970
benadalid,36.61492,-5.26745,Malaga,262,ADM3,6359427
benafarces,41.62122,-5.27895,Valladolid,96,ADM3,6362144
benafer,39.97104,-0.60319,Castello,173,ADM3,6356981
benafigos,40.2819,-0.1809,Castello,165,ADM3,6356982
benageber,39.7274,-1.12763,Valencia,217,ADM3,6361915
benaguasil,39.58921,-0.61286,Valencia,11298,ADM3,6361916
benahadux,36.91957,-2.46414,Almeria,4201,ADM3,6355540
benahavis,36.5636,-5.04222,Malaga,5980,ADM3,6359428
benalauria,36.5829,-5.24895,Malaga,511,ADM3,6359429
benalmadena,36.58975,-4.54213,Malaga,65965,ADM3,6359430
benalua,37.35652,-3.16127,Granada,3351,ADM3,6357661
benalua de las villas,37.43798,-3.66242,Granada,1375,ADM3,6357662
benalup-casas viejas,36.32392,-5.76898,Cadiz,7205,ADM3,6356958
benamargosa,36.8451,-4.1957,Malaga,1634,ADM3,6359431
benamaurel,37.6308,-2.71258,Granada,2447,ADM3,6357663
benameji,37.24118,-4.54876,Cordoba,5158,ADM3,6357205
benamocarra,36.79022,-4.16424,Malaga,3089,ADM3,6359432
benaocaz,36.70935,-5.4551,Cadiz,740,ADM3,6356924
benaojan,36.72038,-5.25275,Malaga,1543,ADM3,6359433
benarraba,36.54909,-5.30472,Malaga,559,ADM3,6359434
benasau,38.69566,-0.33936,Alicante,174,ADM3,6355398
benasque,42.63269,0.56336,Huesca,2359,ADM3,6358301
benassal,40.38017,-0.1868,Castello,1226,ADM3,6356983
benatae,38.35302,-2.65627,Jaen,551,ADM3,6358470
benavent de segria,41.69562,0.63944,Lleida,1540,ADM3,6358810
benavente,42.0082,-5.6774,Zamora,19259,ADM3,6362468
benavides,42.53623,-5.93395,Leon,2740,ADM3,6358565
benavites,39.73549,-0.23689,Valencia,634,ADM3,6361917
benegiles,41.63013,-5.61492,Zamora,368,ADM3,6362469
beneixama,38.71761,-0.75648,Alicante,1792,ADM3,6355399
beneixida,39.06934,-0.54819,Valencia,705,ADM3,6361918
benejuzar,38.07367,-0.83195,Alicante,5425,ADM3,6355400
benetusser,39.42278,-0.39614,Valencia,14999,ADM3,6361919
benferri,38.15379,-0.98058,Alicante,1934,ADM3,6355401
beniarbeig,38.81926,-0.00612,Alicante,1902,ADM3,6355402
beniarda,38.694,-0.21239,Alicante,248,ADM3,6355403
beniarjo,38.93545,-0.19011,Valencia,1836,ADM3,6361920
beniarres,38.82915,-0.36888,Alicante,1271,ADM3,6355404
beniatjar,38.86179,-0.42343,Valencia,231,ADM3,6361921
benicarlo,40.44857,0.4132,Castello,26677,ADM3,6356984
benicasim/benicassim,40.0528,0.06334,Castello,18753,ADM3,6356985
benicolet,38.91668,-0.33799,Valencia,679,ADM3,6361922
benicull de xuquer,39.18539,-0.38836,Valencia,967,ADM3,7577099
benidoleig,38.79771,-0.0299,Alicante,1315,ADM3,6355406
benidorm,38.54371,-0.12049,Alicante,72991,ADM3,6355407
beniel,38.03257,-0.99502,Murcia,11274,ADM3,6359515
benifaio,39.28886,-0.44072,Valencia,11965,ADM3,6361925
benifairo de la valldigna,39.06025,-0.30263,Valencia,1646,ADM3,6361924
benifairo de les valls,39.72434,-0.27573,Valencia,2236,ADM3,6361923
benifallet,40.96601,0.52388,Tarragona,771,ADM3,6361268
benifallim,38.65461,-0.40832,Alicante,110,ADM3,6355408
benifato,38.66585,-0.23703,Alicante,202,ADM3,6355409
benifla,38.92787,-0.19041,Valencia,465,ADM3,6361926
beniganim,38.95357,-0.44535,Valencia,6411,ADM3,6361927
benigembla,38.75116,-0.10686,Alicante,583,ADM3,6355405
benijofar,38.08134,-0.74477,Alicante,4207,ADM3,6355410
benilloba,38.7084,-0.39441,Alicante,800,ADM3,6355411
benillup,38.76118,-0.38242,Alicante,106,ADM3,6355412
benimantell,38.65624,-0.19861,Alicante,518,ADM3,6355413
benimarfull,38.77471,-0.38798,Alicante,417,ADM3,6355414
benimassot,38.74949,-0.29352,Alicante,125,ADM3,6355415
benimeli,38.83221,-0.03523,Alicante,424,ADM3,6355416
benimodo,39.19606,-0.55052,Valencia,2301,ADM3,6361928
benimuslem,39.13603,-0.48937,Valencia,677,ADM3,6361929
beniparrell,39.38317,-0.41186,Valencia,1980,ADM3,6361930
benirredra,38.96241,-0.1936,Valencia,1650,ADM3,6361931
benisano,39.61504,-0.57605,Valencia,2305,ADM3,6361932
benissa,38.70055,0.05356,Alicante,13808,ADM3,6355417
benissanet,41.069,0.58174,Tarragona,1186,ADM3,6361269
benissoda,38.82865,-0.52825,Valencia,414,ADM3,6361933
benisuera,38.9099,-0.48019,Valencia,196,ADM3,6361934
"benitachell/poble nou de benitatxell, el",38.71303,0.15465,Alicante,5698,ADM3,6355418
benitagla,37.23545,-2.22493,Almeria,78,ADM3,6355541
benizalon,37.20811,-2.20936,Almeria,288,ADM3,6355542
benlloch,40.20778,0.05762,Castello,1185,ADM3,6356986
benquerencia,39.30677,-6.08433,Caceres,86,ADM3,6356724
benquerencia de la serena,38.67308,-5.43402,Badajoz,925,ADM3,6355883
bentarique,36.99441,-2.62241,Almeria,278,ADM3,6355543
benuza,42.38189,-6.66956,Leon,549,ADM3,6358566
bera,43.27411,-1.67007,Navarra,3798,ADM3,6359797
berango,43.35789,-2.97265,Bizkaia,6883,ADM3,6362364
berantevilla,42.68698,-2.83323,Araba / Alava,480,ADM3,6355253
beranuy,42.37862,0.60484,Huesca,97,ADM3,6358438
berastegi,43.14649,-1.9651,Gipuzkoa,1062,ADM3,6358113
berastegui,43.12423,-1.98019,Gipuzkoa,0,PPLA3,3128245
beraton,41.71885,-1.81891,Soria,39,ADM3,6361092
berbegal,41.96709,0.00512,Huesca,321,ADM3,6358302
berberana,42.91544,-3.05496,Burgos,70,ADM3,6356369
berbinzana,42.51763,-1.84,Navarra,723,ADM3,6359601
berceo,42.28808,-2.8984,La Rioja,174,ADM3,6359017
bercero,41.55848,-5.0725,Valladolid,216,ADM3,6362145
berceruelo,41.5907,-5.01695,Valladolid,40,ADM3,6362146
berchules,37.02269,-3.20368,Granada,835,ADM3,6357664
bercial,40.89152,-4.43251,Segovia,121,ADM3,6360771
bercial de zapardiel,41.04376,-4.97126,Avila,245,ADM3,6355638
bercianos del paramo,42.35603,-5.69026,Leon,661,ADM3,6358567
bercianos del real camino,42.39921,-5.15214,Leon,195,ADM3,6358568
bercimuel,41.39939,-3.56475,Segovia,46,ADM3,6360772
berdejo,41.57366,-1.94831,Zaragoza,38,ADM3,6362741
berga,42.10306,1.8433,Barcelona,16845,ADM3,6356058
bergara,43.12201,-2.41484,Gipuzkoa,14708,ADM3,6358162
bergasa,42.26601,-2.15306,La Rioja,150,ADM3,6359018
bergasillas bajera,42.25068,-2.16508,La Rioja,35,ADM3,6359019
berge,40.84899,-0.41056,Teruel,218,ADM3,6361464
bergondo,43.32311,-8.23376,Coruna,6712,ADM3,6357278
beriain,42.73216,-1.6408,Navarra,3856,ADM3,6359816
berja,36.83951,-2.96874,Almeria,15504,ADM3,6355544
"berlanas, las",40.80455,-4.76597,Avila,366,ADM3,6355639
berlanga,38.28353,-5.86967,Badajoz,2486,ADM3,6355884
berlanga de duero,41.46803,-2.8624,Soria,981,ADM3,6361093
berlanga del bierzo,42.74663,-6.58131,Leon,401,ADM3,6358569
berlangas de roa,41.68768,-3.86083,Burgos,192,ADM3,6356370
bermellar,41.00759,-6.65869,Salamanca,159,ADM3,6360304
bermeo,43.42088,-2.72487,Bizkaia,17144,ADM3,6362365
bermillo de sayago,41.36892,-6.07025,Zamora,1181,ADM3,6362470
bernardos,41.13423,-4.33204,Segovia,603,ADM3,6360773
bernedo,42.70881,-2.52471,Araba / Alava,568,ADM3,6355254
berninches,40.56948,-2.81227,Guadalajara,76,ADM3,6357848
bernuy de porreros,40.99926,-4.11496,Segovia,697,ADM3,6360774
bernuy-zapardiel,40.96919,-4.93508,Avila,138,ADM3,6355640
berriatua,43.32298,-2.45592,Bizkaia,1254,ADM3,6362366
berrioplano/berriobeiti,42.85771,-1.70239,Navarra,5971,ADM3,6359814
berriozar,42.84295,-1.66966,Navarra,9449,ADM3,6359815
berriz,43.19104,-2.59326,Bizkaia,4855,ADM3,6362367
berrobi,43.1487,-2.02395,Gipuzkoa,568,ADM3,6358114
berrocal,37.59639,-6.51659,Huelva,337,ADM3,6358188
berrocal de huebra,40.70353,-6.00147,Salamanca,75,ADM3,6360305
berrocal de salvatierra,40.64333,-5.68871,Salamanca,95,ADM3,6360306
berrocalejo,39.82237,-5.34874,Caceres,140,ADM3,6356725
berrocalejo de aragona,40.69725,-4.59042,Avila,52,ADM3,6355641
berrueces,41.95051,-5.09657,Valladolid,111,ADM3,6362147
berrueco,40.98054,-1.47642,Zaragoza,33,ADM3,6362742
"berrueco, el",40.88823,-3.55323,Madrid,741,ADM3,6359247
bertizarana,43.1373,-1.62949,Navarra,628,ADM3,6359602
berzocana,39.47301,-5.51868,Caceres,493,ADM3,6356726
berzosa de bureba,42.62908,-3.26913,Burgos,33,ADM3,6356371
berzosa del lozoya,40.9736,-3.53246,Madrid,227,ADM3,6359246
berzosilla,42.79172,-4.01835,Palencia,51,ADM3,6360002
besalu,42.20187,2.69748,Girona,2427,ADM3,6534017
bescano,41.95845,2.71793,Girona,4705,ADM3,6534018
beseit / beceite,40.83148,0.18059,Teruel,572,ADM3,6361461
betancuria,28.4417,-14.09884,Las Palmas,805,ADM3,6360177
betanzos,43.27478,-8.22956,Coruna,13565,ADM3,6357279
betelu,43.01495,-1.97467,Navarra,344,ADM3,6359603
betera,39.5853,-0.47443,Valencia,21868,ADM3,6361935
beteta,40.55928,-2.05253,Cuenca,338,ADM3,6357394
betxi,39.92152,-0.19592,Castello,5815,ADM3,6356979
beuda,42.23675,2.70794,Girona,170,ADM3,6534019
bezares,42.36582,-2.66928,La Rioja,20,ADM3,6359020
bezas,40.32888,-1.32885,Teruel,73,ADM3,6361465
biar,38.65829,-0.75227,Alicante,3695,ADM3,6355419
bicorp,39.10992,-0.83745,Valencia,556,ADM3,6361936
bidania-goiatz,43.13269,-2.1681,Gipuzkoa,537,ADM3,6325472
bidaurreta,42.76967,-1.8401,Navarra,155,ADM3,6359800
biel,42.36462,-0.90894,Zaragoza,166,ADM3,6362985
bielsa,42.68164,0.18418,Huesca,479,ADM3,6358303
bienservida,38.52977,-2.64798,Albacete,712,ADM3,6355308
bienvenida,38.3111,-6.21608,Badajoz,2275,ADM3,6355885
bierge,42.2395,-0.08437,Huesca,243,ADM3,6358304
biescas,42.63342,-0.31369,Huesca,1640,ADM3,6358305
bigastro,38.06146,-0.894,Alicante,6719,ADM3,6355420
bigues i riells,41.68586,2.20357,Barcelona,8781,ADM3,6356059
bijuesca,41.5395,-1.91016,Zaragoza,93,ADM3,6362743
bilbao,43.26035,-2.93341,Bizkaia,351629,ADM3,6362368
bimenes,43.32051,-5.55875,Asturias,1880,ADM3,6359913
binaced,41.81179,0.21552,Huesca,1694,ADM3,6358306
binefar,41.84881,0.29683,Huesca,10235,ADM3,6358307
binissalem,39.68711,2.84168,Illes Balears,8143,ADM3,6533933
biosca,41.87733,1.37238,Lleida,176,ADM3,6358811
biota,42.2544,-1.16726,Zaragoza,840,ADM3,6362744
bisaurri,42.49213,0.53869,Huesca,177,ADM3,6358308
"bisbal de falset, la",41.28408,0.72315,Tarragona,227,ADM3,6361270
biscarrues,42.21245,-0.73186,Huesca,188,ADM3,6358309
bisimbre,41.85817,-1.42306,Zaragoza,91,ADM3,6362745
biure,42.33672,2.8967,Girona,249,ADM3,6534038
biurrun-olcoz,42.67443,-1.67873,Navarra,235,ADM3,6359604
blacos,41.69538,-2.87435,Soria,53,ADM3,6361094
blanca,38.19981,-1.338,Murcia,6493,ADM3,6359516
blancafort,41.44469,1.15771,Tarragona,392,ADM3,6361272
blancas,40.82257,-1.47038,Teruel,132,ADM3,6361466
"blancos, os",41.9809,-7.76621,Ourense,974,ADM3,6359830
blanes,41.68457,2.79362,Girona,39785,ADM3,6534021
blascomillan,40.82876,-5.12318,Avila,207,ADM3,6355642
blasconuno de matacabras,41.14368,-4.99037,Avila,18,ADM3,6355643
blascosancho,40.87724,-4.64031,Avila,102,ADM3,6355644
"blazquez, los",38.40572,-5.44029,Cordoba,727,ADM3,6357206
blecua y torres,42.07091,-0.19123,Huesca,175,ADM3,6358310
blesa,41.07741,-0.90216,Teruel,74,ADM3,6361467
bliecos,41.53316,-2.26302,Soria,42,ADM3,6361095
boada,40.82301,-6.3253,Salamanca,307,ADM3,6360307
boada de campos,41.98421,-4.88221,Palencia,20,ADM3,6360003
boadella i les escaules,42.32943,2.85655,Girona,256,ADM3,6534026
boadilla de rioseco,42.17167,-4.98197,Palencia,129,ADM3,6360005
boadilla del camino,42.26032,-4.33597,Palencia,113,ADM3,6360004
boadilla del monte,40.40461,-3.8847,Madrid,47037,ADM3,6359248
boal,43.41961,-6.82458,Asturias,1505,ADM3,6359914
bobadilla,42.31837,-2.75675,La Rioja,140,ADM3,6359021
bobadilla del campo,41.18135,-5.03549,Valladolid,314,ADM3,6362148
boboras,42.43989,-8.18319,Ourense,2862,ADM3,6359831
boca de huergano,42.97919,-4.8947,Leon,519,ADM3,6358570
bocairent,38.73921,-0.60602,Valencia,4456,ADM3,6361937
boceguillas,41.32444,-3.59565,Segovia,805,ADM3,6360775
bocigas,41.24337,-4.68673,Valladolid,93,ADM3,6362149
bocos de duero,41.62116,-4.05875,Valladolid,63,ADM3,6362150
"bodera, la",41.12123,-2.89004,Guadalajara,35,ADM3,6357849
"bodon, el",40.49959,-6.58431,Salamanca,311,ADM3,6360308
bodonal de la sierra,38.17497,-6.48378,Badajoz,1135,ADM3,6355886
boecillo,41.53891,-4.7266,Valladolid,3928,ADM3,6362151
bogajo,40.90697,-6.51606,Salamanca,150,ADM3,6360309
bogarra,38.58349,-2.23443,Albacete,996,ADM3,6355309
"bohodon, el",40.91728,-4.73102,Avila,136,ADM3,6355645
bohonal de ibor,39.79497,-5.45248,Caceres,559,ADM3,6356727
bohoyo,40.29457,-5.39831,Avila,328,ADM3,6355646
boimorto,43.02247,-8.13831,Coruna,2200,ADM3,6357280
boiro,42.65195,-8.87826,Coruna,19165,ADM3,6357281
"bola, a",42.14427,-7.91103,Ourense,1398,ADM3,6359832
bolanos de calatrava,38.90959,-3.62266,Ciudad Real,12233,ADM3,6357117
bolanos de campos,42.01378,-5.27453,Valladolid,357,ADM3,6362152
bolbaite,39.0534,-0.76108,Valencia,1489,ADM3,6361938
bollullos de la mitacion,37.33422,-6.14158,Sevilla,9756,ADM3,6360971
bollullos par del condado,37.33316,-6.54478,Huelva,14210,ADM3,6358189
"bolo, o",42.30282,-7.1203,Ourense,1084,ADM3,6359833
boltana,42.4249,0.01159,Huesca,1089,ADM3,6358311
bolulla,38.69504,-0.1284,Alicante,450,ADM3,6355421
bolvir,42.41631,1.88293,Girona,400,ADM3,6357597
bonansa,42.41651,0.69103,Huesca,86,ADM3,6358312
bonar,42.90168,-5.28092,Leon,2048,ADM3,6358571
bonares,37.30272,-6.69188,Huelva,6194,ADM3,6358190
bonastre,41.22027,1.43872,Tarragona,651,ADM3,6361273
bonete,38.88857,-1.30014,Albacete,1225,ADM3,6355310
boniches,39.9878,-1.60846,Cuenca,137,ADM3,6357395
bonilla de la sierra,40.56221,-5.23602,Avila,134,ADM3,6355647
"bonillo, el",38.93698,-2.58731,Albacete,3012,ADM3,6355311
bonrepos i mirambell,39.52204,-0.36602,Valencia,3454,ADM3,6361939
boqueixon,42.81459,-8.40662,Coruna,4417,ADM3,6357282
boquineni,41.8438,-1.26593,Zaragoza,751,ADM3,6362746
borau,42.68487,-0.57539,Huesca,77,ADM3,6358313
bordalba,41.40635,-2.07649,Zaragoza,47,ADM3,6362747
bordils,42.05357,2.91323,Girona,1737,ADM3,6534022
bordon,40.68556,-0.3448,Teruel,116,ADM3,6361468
"borge, el",36.825,-4.25662,Malaga,1026,ADM3,6359435
borja,41.83583,-1.55369,Zaragoza,5191,ADM3,6362748
borjabad,41.55985,-2.39704,Soria,40,ADM3,6361096
bormujos,37.36459,-6.08618,Sevilla,20345,ADM3,6360972
bornos,36.84274,-5.71145,Cadiz,8096,ADM3,6356925
borobia,41.68378,-1.87719,Soria,286,ADM3,6361097
borox,40.05559,-3.71843,Toledo,3556,ADM3,6361682
borrassa,42.22238,2.92894,Girona,714,ADM3,6534023
borreda,42.13477,1.99179,Barcelona,594,ADM3,6356060
borrenes,42.48371,-6.73118,Leon,385,ADM3,6358572
borriana/burriana,39.8896,-0.07542,Castello,35598,ADM3,6356988
borriol,40.04168,-0.08452,Castello,5231,ADM3,6356987
"bosque, el",36.74514,-5.51048,Cadiz,2070,ADM3,6356926
bossost,42.77645,0.68418,Lleida,1179,ADM3,6358815
bot,41.01753,0.36712,Tarragona,554,ADM3,6361275
botarell,41.15378,1.00665,Tarragona,1161,ADM3,6361276
botija,39.34365,-6.08623,Caceres,212,ADM3,6356728
botorrita,41.48326,-1.02759,Zaragoza,579,ADM3,6362749
boveda,42.62964,-7.47561,Lugo,1589,ADM3,6359170
"boveda de toro, la",41.33191,-5.39605,Zamora,863,ADM3,6362471
boveda del rio almar,40.86325,-5.2236,Salamanca,253,ADM3,6360311
bovera,41.31639,0.64359,Lleida,315,ADM3,6358812
bozoo,42.74933,-3.08547,Burgos,113,ADM3,6356372
brabos,40.7604,-4.92669,Avila,55,ADM3,6355648
brafim,41.28021,1.34459,Tarragona,696,ADM3,6361277
brahojos de medina,41.22198,-5.04444,Valladolid,138,ADM3,6362153
branosera,42.93251,-4.2849,Palencia,233,ADM3,6360006
braojos,41.05662,-3.65581,Madrid,204,ADM3,6359250
brazacorta,41.69351,-3.39729,Burgos,75,ADM3,6356373
brazatortas,38.57518,-4.36121,Ciudad Real,1106,ADM3,6357118
brazuelo,42.50331,-6.18931,Leon,334,ADM3,6358573
brea de aragon,41.5255,-1.5965,Zaragoza,1795,ADM3,6362750
brea de tajo,40.23868,-3.12008,Madrid,572,ADM3,6359251
breda,41.75219,2.55829,Girona,3767,ADM3,6534024
brena alta,28.65216,-17.80326,Santa Cruz de Tenerife,7298,ADM3,6534183
brena baja,28.6338,-17.77993,Santa Cruz de Tenerife,5492,ADM3,6534184
brenes,37.55394,-5.88182,Sevilla,12837,ADM3,6360973
breto,41.86691,-5.74521,Zamora,198,ADM3,6362472
bretocino,41.88218,-5.76986,Zamora,253,ADM3,6362473
brieva,41.04056,-4.04403,Segovia,81,ADM3,6360776
brieva de cameros,42.1794,-2.79262,La Rioja,58,ADM3,6359022
brihuega,40.7441,-2.8357,Guadalajara,2798,ADM3,6357850
brime de sog,42.06069,-6.05042,Zamora,178,ADM3,6362474
brime de urz,42.04277,-5.8713,Zamora,127,ADM3,6362475
brinas,42.60399,-2.8318,La Rioja,242,ADM3,6359023
brincones,41.11453,-6.34659,Salamanca,66,ADM3,6360312
brion,42.85179,-8.71734,Coruna,7369,ADM3,6357283
briones,42.52407,-2.78598,La Rioja,856,ADM3,6359024
briviesca,42.53004,-3.32483,Burgos,7627,ADM3,6356374
bronchales,40.52853,-1.55935,Teruel,465,ADM3,6361469
broto,42.56707,-0.15642,Huesca,615,ADM3,6358314
brozas,39.53885,-6.76718,Caceres,2046,ADM3,6356729
brunete,40.39957,-3.99753,Madrid,10596,ADM3,6359252
brunyola,41.91606,2.66239,Girona,397,ADM3,6534025
buberos,41.65121,-2.17168,Soria,36,ADM3,6361098
bubierca,41.32278,-1.87319,Zaragoza,57,ADM3,6362751
bubion,36.98852,-3.3711,Granada,335,ADM3,6357665
buciegas,40.33929,-2.46815,Cuenca,49,ADM3,6357396
budia,40.67686,-2.75475,Guadalajara,220,ADM3,6357851
buena,40.71679,-1.27097,Teruel,65,ADM3,6361470
buenache de alarcon,39.64031,-2.17028,Cuenca,612,ADM3,6357397
buenache de la sierra,40.12533,-1.98891,Cuenca,115,ADM3,7577088
buenamadre,40.86207,-6.20454,Salamanca,144,ADM3,6360313
buenaventura,40.17181,-4.87414,Toledo,490,ADM3,6361683
buenavista,40.78196,-5.62459,Salamanca,249,ADM3,6360314
buenavista de valdavia,42.62964,-4.60838,Palencia,373,ADM3,6360007
buenavista del norte,28.34236,-16.87218,Santa Cruz de Tenerife,4916,ADM3,6360623
buendia,40.38695,-2.77051,Cuenca,484,ADM3,6357398
bueu,42.32723,-8.803,Pontevedra,12373,ADM3,6360208
bufali,38.88,-0.51824,Valencia,184,ADM3,6361940
bugarra,39.61708,-0.77501,Valencia,831,ADM3,6361941
bugedo,42.65554,-3.01892,Burgos,193,ADM3,6356375
buger,39.75768,2.98506,Illes Balears,1015,ADM3,6533934
buitrago,41.84337,-2.40434,Soria,60,ADM3,6361099
buitrago del lozoya,40.99419,-3.63538,Madrid,2031,ADM3,6359253
bujalance,37.89707,-4.37737,Cordoba,7896,ADM3,6357207
bujalaro,40.93703,-2.87753,Guadalajara,64,ADM3,6357852
bujaraloz,41.4523,-0.14304,Zaragoza,953,ADM3,6362752
bularros,40.72808,-4.82914,Avila,80,ADM3,6355649
bulbuente,41.82847,-1.61702,Zaragoza,240,ADM3,6362753
bullas,38.01549,-1.68632,Murcia,11547,ADM3,6359517
buniel,42.31083,-3.82359,Burgos,508,ADM3,6356376
bunol,39.42402,-0.86908,Valencia,9927,ADM3,6361942
bunuel,41.98261,-1.44143,Navarra,2359,ADM3,6359605
bunyola,39.6953,2.69865,Illes Balears,6276,ADM3,6533935
burbaguena,41.01096,-1.33659,Teruel,396,ADM3,6361471
burela,43.6626,-7.36176,Lugo,9631,ADM3,6359226
bureta,41.80242,-1.48993,Zaragoza,208,ADM3,6362754
burganes de valverde,41.91733,-5.78285,Zamora,754,ADM3,6362476
burgelu / elburgo,42.86505,-2.5472,Araba / Alava,629,ADM3,6355259
"burgo de ebro, el",41.56913,-0.72329,Zaragoza,2704,ADM3,6362755
burgo de osma-ciudad de osma,41.60363,-3.06524,Soria,5228,ADM3,6361100
"burgo ranero, el",42.43532,-5.21619,Leon,794,ADM3,6358574
"burgo, el",36.80394,-4.93698,Malaga,1957,ADM3,6359436
burgohondo,40.38784,-4.78088,Avila,1300,ADM3,6355650
burgos,42.34997,-3.68221,Burgos,179906,ADM3,6356377
burgui/burgi,42.7378,-0.99892,Navarra,237,ADM3,6359607
burguillos,37.5986,-5.95502,Sevilla,6459,ADM3,6360974
burguillos de toledo,39.78552,-3.99771,Toledo,2789,ADM3,6361684
burguillos del cerro,38.37361,-6.59407,Badajoz,3255,ADM3,6355887
burjassot,39.50613,-0.40546,Valencia,38175,ADM3,6361943
burlada/burlata,42.82484,-1.61522,Navarra,18162,ADM3,6359608
buron,43.06786,-5.04985,Leon,356,ADM3,6358575
burriana,39.88901,-0.08499,Castello,34544,PPLA3,2520709
burujon,39.87712,-4.28246,Toledo,1446,ADM3,6361685
busot,38.50243,-0.42664,Alicante,3412,ADM3,6355422
busquistar,36.96019,-3.28056,Granada,292,ADM3,6357666
bustares,41.13572,-3.08459,Guadalajara,81,ADM3,6357853
bustarviejo,40.84372,-3.73084,Madrid,2486,ADM3,6359254
"buste, el",41.89501,-1.59584,Zaragoza,59,ADM3,6362756
bustillo de chaves,42.1249,-5.10842,Valladolid,79,ADM3,6362154
bustillo de la vega,42.44489,-4.7424,Palencia,319,ADM3,6360008
bustillo del oro,41.67649,-5.45491,Zamora,97,ADM3,6362477
bustillo del paramo,42.43649,-5.80995,Leon,1410,ADM3,6358576
bustillo del paramo de carrion,42.35001,-4.72964,Palencia,64,ADM3,6360009
busto de bureba,42.65649,-3.25496,Burgos,189,ADM3,6356378
"busto, el",42.54137,-2.23428,Navarra,73,ADM3,6359609
busturia,43.3844,-2.69989,Bizkaia,1745,ADM3,3127354
cabaces,41.24677,0.73122,Tarragona,296,ADM3,6361278
"cabaco, el",40.56637,-6.14535,Salamanca,278,ADM3,6360315
caballar,41.12593,-3.95939,Segovia,102,ADM3,6360777
cabana de bergantinos,43.21519,-8.94287,Coruna,4759,ADM3,6357284
cabanabona,41.84602,1.21702,Lleida,65,ADM3,6358816
cabanas,43.42931,-8.13401,Coruna,3299,ADM3,6357285
cabanas de ebro,41.79698,-1.16857,Zaragoza,553,ADM3,6362757
cabanas de la sagra,40.00417,-3.95353,Toledo,1932,ADM3,6361686
cabanas de polendos,41.04732,-4.10385,Segovia,181,ADM3,6360778
cabanas de sayago,41.32279,-5.81434,Zamora,163,ADM3,6362478
cabanas de yepes,39.89246,-3.52979,Toledo,305,ADM3,6361687
cabanas del castillo,39.53019,-5.50656,Caceres,474,ADM3,6356730
cabanas raras,42.61374,-6.62647,Leon,1316,ADM3,6358577
cabanelles,42.23011,2.82048,Girona,244,ADM3,6534028
cabanes,40.14574,0.1248,Castello,2971,ADM3,6356989
cabanes,42.30753,2.9788,Girona,931,ADM3,6534027
cabanes de esgueva,41.84203,-3.79141,Burgos,202,ADM3,6356379
cabanillas,42.03456,-1.52505,Navarra,1490,ADM3,6359610
cabanillas de la sierra,40.8257,-3.63678,Madrid,751,ADM3,6359255
cabanillas del campo,40.63744,-3.24802,Guadalajara,9709,ADM3,6357854
cabecicos,38.01389,-1.08105,Murcia,0,PPLA4,11550598
"cabeza de bejar, la",40.50122,-5.65658,Salamanca,95,ADM3,6360317
cabeza del buey,38.77337,-5.27196,Badajoz,5338,ADM3,6355888
cabeza del caballo,41.14697,-6.56213,Salamanca,363,ADM3,6360318
cabeza la vaca,38.09606,-6.38195,Badajoz,1430,ADM3,6355889
cabezabellosa,40.12571,-6.00253,Caceres,397,ADM3,6356731
cabezabellosa de la calzada,41.04064,-5.48046,Salamanca,96,ADM3,6360316
cabezamesada,39.81434,-3.07924,Toledo,490,ADM3,6361688
cabezarados,38.85138,-4.31303,Ciudad Real,352,ADM3,6357119
cabezarrubias del puerto,38.54872,-4.26196,Ciudad Real,559,ADM3,6357120
cabezas de alambre,40.93463,-4.83267,Avila,179,ADM3,6355651
"cabezas de san juan, las",36.97509,-5.90631,Sevilla,16562,ADM3,6360975
cabezas del pozo,40.99936,-4.96569,Avila,84,ADM3,6355652
cabezas del villar,40.70604,-5.19549,Avila,308,ADM3,6355653
cabezas rubias,37.74764,-7.10417,Huelva,811,ADM3,6358191
cabezon de cameros,42.18646,-2.51797,La Rioja,20,ADM3,6359025
cabezon de la sal,43.30894,-4.23016,Cantabria,8234,ADM3,6360659
cabezon de la sierra,41.93365,-3.24527,Burgos,52,ADM3,6356380
cabezon de liebana,43.12982,-4.53294,Cantabria,707,ADM3,6360660
cabezon de pisuerga,41.73049,-4.62078,Valladolid,3576,ADM3,6362155
cabezon de valderaduey,42.17187,-5.1661,Valladolid,37,ADM3,6362156
cabezuela,41.22677,-3.97802,Segovia,701,ADM3,6360779
cabezuela del valle,40.20204,-5.8014,Caceres,2443,ADM3,6356732
cabizuela,40.90023,-4.80413,Avila,111,ADM3,6355654
cabo,42.23595,1.24244,Lleida,97,ADM3,6358817
cabolafuente,41.21869,-2.04075,Zaragoza,50,ADM3,6362758
cabra,37.49292,-4.45586,Cordoba,21136,ADM3,6357208
cabra de mora,40.30624,-0.81042,Teruel,66,ADM3,6361472
cabra del camp,41.40101,1.30935,Tarragona,1165,ADM3,6361279
cabra del santo cristo,37.69564,-3.22911,Jaen,2034,ADM3,6358471
cabrales,43.29957,-4.80274,Asturias,2002,ADM3,3127185
cabranes,43.41234,-5.42945,Asturias,1074,ADM3,6359916
cabredo,42.63293,-2.42741,Navarra,109,ADM3,6359611
cabrejas del campo,41.69102,-2.27652,Soria,64,ADM3,6361101
cabrejas del pinar,41.77194,-2.88279,Soria,414,ADM3,6361102
cabrera d'anoia,41.49068,1.72016,Barcelona,1376,ADM3,6356064
cabrera de mar,41.52959,2.39905,Barcelona,4532,ADM3,6356065
"cabrera, la",40.86421,-3.60828,Madrid,2613,ADM3,6359256
cabrerizos,40.98025,-5.59858,Salamanca,4070,ADM3,6360319
cabrero,40.11897,-5.89045,Caceres,371,ADM3,6356733
cabreros del monte,41.84472,-5.2844,Valladolid,71,ADM3,6362157
cabreros del rio,42.40634,-5.52213,Leon,460,ADM3,6358578
cabrillanes,42.97105,-6.16076,Leon,905,ADM3,6358579
cabrillas,40.74285,-6.18625,Salamanca,432,ADM3,6360320
cabrils,41.53058,2.37118,Barcelona,7140,ADM3,6356066
cabuerniga,43.21483,-4.29452,Cantabria,1066,ADM3,6360661
cacabelos,42.62725,-6.73835,Leon,5506,ADM3,6358580
caceres,39.42823,-6.43782,Caceres,95668,ADM3,6356734
cachorrilla,39.90761,-6.68222,Caceres,102,ADM3,6356735
cacin,37.08154,-3.9177,Granada,590,ADM3,6357667
cadalso,40.23666,-6.54026,Caceres,484,ADM3,6356736
cadalso de los vidrios,40.29841,-4.43881,Madrid,2944,ADM3,6359257
cadaques,42.29068,3.28045,Girona,2935,ADM3,6534029
cadiar,36.93322,-3.15564,Granada,1632,ADM3,6357668
cadiz,36.50088,-6.26843,Cadiz,123948,ADM3,6356927
cadreita,42.22084,-1.68845,Navarra,2106,ADM3,6359612
cadrete,41.54919,-0.95408,Zaragoza,4639,ADM3,6362759
cajar,37.13333,-3.56984,Granada,4741,ADM3,6357669
cala,37.97438,-6.31578,Huelva,1289,ADM3,6358192
calabazas de fuentiduena,41.45475,-4.00648,Segovia,38,ADM3,6360780
calaceite,41.01483,0.20279,Teruel,961,ADM3,6361473
calaf,41.73161,1.51131,Barcelona,3538,ADM3,6356067
calafell,41.19932,1.56521,Tarragona,24672,ADM3,6361280
calahorra,42.30787,-1.95262,La Rioja,24897,ADM3,6359026
calahorra de boedo,42.56788,-4.37982,Palencia,115,ADM3,6360010
"calahorra, la",37.21612,-3.05159,Granada,765,ADM3,6357729
calamocha,40.94825,-1.23548,Teruel,4655,ADM3,6361474
calamonte,38.87635,-6.37974,Badajoz,6361,ADM3,6355890
calanas,37.60601,-6.91192,Huelva,4159,ADM3,6358193
calanda,40.93723,-0.21098,Teruel,3745,ADM3,6361475
calasparra,38.27095,-1.67381,Murcia,10178,ADM3,6359518
calatanazor,41.729,-2.80085,Soria,66,ADM3,6361103
calatayud,41.38757,-1.6239,Zaragoza,20035,ADM3,6362760
calatorao,41.52802,-1.3116,Zaragoza,2861,ADM3,6362761
calcena,41.66912,-1.72546,Zaragoza,75,ADM3,6362762
caldas de reis,42.60532,-8.65468,Pontevedra,10008,ADM3,6360209
caldearenas,42.40528,-0.48162,Huesca,220,ADM3,6358315
calders,41.76756,1.9681,Barcelona,955,ADM3,6356069
caldes d'estrac,41.57088,2.52703,Barcelona,2773,ADM3,6533987
caldes de malavella,41.83566,2.81272,Girona,7071,ADM3,6534030
caldes de montbui,41.65057,2.14934,Barcelona,17271,ADM3,6356068
calella,41.6227,2.64436,Barcelona,18529,ADM3,6533988
calera de leon,38.08237,-6.33765,Badajoz,1029,ADM3,6355891
calera y chozas,39.8791,-5.00804,Toledo,4738,ADM3,6361689
caleruega,41.81301,-3.48139,Burgos,506,ADM3,6356382
caleruela,39.86875,-5.25762,Toledo,261,ADM3,6361690
calicasas,37.28213,-3.62737,Granada,571,ADM3,6357670
calig,40.46243,0.35482,Castello,2231,ADM3,6356990
calldetenes,41.92387,2.28172,Barcelona,2441,ADM3,6356071
calles,39.72722,-0.97657,Valencia,464,ADM3,6361944
callosa d'en sarria,38.64937,-0.09824,Alicante,7815,ADM3,6355424
callosa de segura,38.12429,-0.87839,Alicante,18034,ADM3,6355425
callus,41.79992,1.7872,Barcelona,1909,ADM3,6356072
calmarza,41.17441,-1.92703,Zaragoza,58,ADM3,6362763
calomarde,40.372,-1.57658,Teruel,76,ADM3,6361476
calonge,41.85837,3.0848,Girona,10851,ADM3,6534031
calonge de segarra,41.75691,1.48322,Barcelona,201,ADM3,6356070
calp / calpe,38.6459,0.04738,Alicante,29550,ADM3,6355423
caltojar,41.40284,-2.7424,Soria,77,ADM3,6361104
calvarrasa de abajo,40.94964,-5.538,Salamanca,1146,ADM3,6360321
calvarrasa de arriba,40.90235,-5.5756,Salamanca,626,ADM3,6360322
calvia,39.56335,2.50299,Illes Balears,51114,ADM3,6356031
calvos de randin,41.93627,-7.85583,Ourense,1064,ADM3,6359834
"calzada de bejar, la",40.41134,-5.82174,Salamanca,100,ADM3,6360323
calzada de calatrava,38.60673,-3.78039,Ciudad Real,4392,ADM3,6357121
calzada de don diego,40.88549,-5.88042,Salamanca,199,ADM3,6360324
calzada de los molinos,42.31839,-4.65879,Palencia,347,ADM3,6360011
calzada de oropesa,39.97987,-5.29501,Toledo,563,ADM3,6361691
calzada de valdunciel,41.08658,-5.70422,Salamanca,650,ADM3,6360325
calzada del coto,42.38015,-5.07488,Leon,261,ADM3,6358581
calzadilla,40.05405,-6.5591,Caceres,493,ADM3,6356737
calzadilla de los barros,38.32024,-6.30184,Badajoz,914,ADM3,6355892
calzadilla de tera,41.97487,-6.10005,Zamora,386,ADM3,6362479
camaleno,43.16212,-4.74539,Cantabria,1029,ADM3,6360662
camanas,40.60103,-1.1519,Teruel,135,ADM3,6361477
camarasa,41.94736,0.86379,Lleida,805,ADM3,6358818
camarena,40.10238,-4.10551,Toledo,3862,ADM3,6361692
camarena de la sierra,40.13312,-1.0581,Teruel,137,ADM3,6361478
camarenilla,40.01074,-4.08703,Toledo,605,ADM3,6361693
camargo,43.42054,-3.85983,Cantabria,31594,ADM3,6360663
camarillas,40.62146,-0.76852,Teruel,84,ADM3,6361479
camarinas,43.16864,-9.15943,Coruna,6082,ADM3,6357286
camarles,40.79093,0.64348,Tarragona,3465,ADM3,6361423
camarma de esteruelas,40.56305,-3.37458,Madrid,6808,ADM3,6359258
camarzana de tera,42.00736,-6.00253,Zamora,929,ADM3,6362480
camas,37.39937,-6.03644,Sevilla,26485,ADM3,6360976
cambados,42.50498,-8.80782,Pontevedra,13898,ADM3,6360210
cambil,37.65905,-3.57091,Jaen,2912,ADM3,6358472
cambre,43.29285,-8.34137,Coruna,23879,ADM3,6357287
cambrils,41.07613,1.04832,Tarragona,37042,ADM3,6361281
cami vell de sant mateu,39.01431,1.37377,Illes Balears,0,PPLA3,12148860
caminomorisco,40.35377,-6.18432,Caceres,1211,ADM3,6356738
caminreal,40.84118,-1.34201,Teruel,606,ADM3,6361480
camos,42.08123,2.76567,Girona,677,ADM3,6534032
"campana, la",37.57108,-5.39797,Sevilla,5514,ADM3,6360977
campanario,38.86956,-5.6391,Badajoz,5256,ADM3,6355893
campanet,39.77368,2.96455,Illes Balears,2590,ADM3,6533936
campaspero,41.5011,-4.22519,Valladolid,1311,ADM3,6362158
campazas,42.14886,-5.49302,Leon,151,ADM3,6358582
campdevanol,42.23645,2.14193,Girona,3469,ADM3,6357598
campelles,42.28648,2.13961,Girona,136,ADM3,6357599
campezo/kanpezu,42.69412,-2.36442,Araba / Alava,1136,ADM3,6355255
campillo de altobuey,39.62892,-1.76907,Cuenca,1600,ADM3,6357399
campillo de aragon,41.1329,-1.8382,Zaragoza,152,ADM3,6362764
campillo de aranda,41.60574,-3.72833,Burgos,181,ADM3,6356383
campillo de arenas,37.59119,-3.66595,Jaen,2073,ADM3,6358473
campillo de azaba,40.52326,-6.66904,Salamanca,187,ADM3,6360326
campillo de deleitosa,39.71327,-5.57595,Caceres,68,ADM3,6356739
campillo de duenas,40.85813,-1.67234,Guadalajara,91,ADM3,6357855
"campillo de la jara, el",39.59646,-5.03875,Toledo,446,ADM3,6361694
campillo de llerena,38.52695,-5.81025,Badajoz,1442,ADM3,6355894
campillo de ranas,41.06463,-3.32251,Guadalajara,189,ADM3,6357856
"campillo, el",37.69222,-6.64176,Huelva,2202,ADM3,6358194
"campillo, el",41.2628,-4.98016,Valladolid,230,ADM3,6362159
campillos,37.00295,-4.8541,Malaga,8663,ADM3,6359437
campillos-paravientos,39.9699,-1.5426,Cuenca,126,ADM3,6357400
campillos-sierra,40.08941,-1.67851,Cuenca,56,ADM3,6357401
campins,41.72418,2.47423,Barcelona,496,ADM3,6356073
campisabalos,41.26075,-3.14724,Guadalajara,79,ADM3,6357857
campllong,41.89975,2.83263,Girona,525,ADM3,6534033
campo,42.4317,0.39758,Huesca,330,ADM3,6362993
campo de criptana,39.41445,-3.12355,Ciudad Real,14820,ADM3,6357122
"campo de mirra/camp de mirra, el",38.70001,-0.79462,Alicante,444,ADM3,6355427
"campo de penaranda, el",41.00354,-5.26494,Salamanca,299,ADM3,6360327
campo de san pedro,41.45794,-3.55498,Segovia,345,ADM3,6360781
campo de villavidel,42.43632,-5.5208,Leon,210,ADM3,6358583
campo lameiro,42.54382,-8.54286,Pontevedra,2009,ADM3,3126762
campo lugar,39.16761,-5.75336,Caceres,982,ADM3,6356740
campo real,40.32238,-3.37767,Madrid,6075,ADM3,6359259
campofrio,37.7792,-6.57206,Huelva,785,ADM3,6358195
campolara,42.11597,-3.41663,Burgos,59,ADM3,6356384
camponaraya,42.5813,-6.67866,Leon,4220,ADM3,6358584
campoo de enmedio,43.00013,-4.12392,Cantabria,3798,ADM3,6360674
campoo de yuso,43.03271,-3.98589,Cantabria,703,ADM3,6360664
camporredondo,41.46952,-4.51396,Valladolid,168,ADM3,6362160
camporrells,41.94027,0.52364,Huesca,153,ADM3,6358316
camporrobles,39.62179,-1.37175,Valencia,1402,ADM3,6361945
campos,39.43076,3.01781,Illes Balears,9964,ADM3,6533937
campos del paraiso,40.0221,-2.70615,Cuenca,932,ADM3,6357586
campos del rio,38.06205,-1.36849,Murcia,2220,ADM3,6359519
campotejar,37.50647,-3.60083,Granada,1362,ADM3,6357671
camprodon,42.31134,2.36223,Girona,2466,ADM3,6357600
camproviin,42.35387,-2.72294,La Rioja,0,PPLA3,3126721
camprovin,42.35573,-2.71865,La Rioja,179,ADM3,6359027
camunas,39.381,-3.49072,Toledo,1886,ADM3,6361695
canada,38.67674,-0.81413,Alicante,1237,ADM3,6355428
canada de benatanduz,40.58445,-0.52753,Teruel,39,ADM3,6361482
canada de calatrava,38.84375,-4.01369,Ciudad Real,118,ADM3,6357123
"canada de verich, la",40.8531,-0.10158,Teruel,106,ADM3,6361483
canada del hoyo,39.98593,-1.8914,Cuenca,284,ADM3,6357403
canada juncosa,39.55714,-2.21747,Cuenca,294,ADM3,6357404
canada rosal,37.59996,-5.22413,Sevilla,3272,ADM3,6361058
canada vellida,40.70292,-0.922,Teruel,36,ADM3,6361484
canal de berdun,42.60904,-0.85845,Huesca,365,ADM3,6358317
canalejas de penafiel,41.516,-4.11481,Valladolid,296,ADM3,6362161
canalejas del arroyo,40.40268,-2.46729,Cuenca,313,ADM3,6357402
canales,40.99669,-4.90408,Avila,47,ADM3,6355655
canales de la sierra,42.18182,-3.08247,La Rioja,88,ADM3,6359028
canals,38.94984,-0.58592,Valencia,14024,ADM3,6361946
canamaque,41.45176,-2.224,Soria,33,ADM3,6361106
canamares,40.44937,-2.24632,Cuenca,536,ADM3,6357405
canamero,39.3815,-5.39417,Caceres,1716,ADM3,6356741
canar,36.96583,-3.42169,Granada,468,ADM3,6357673
canas,42.39491,-2.85302,La Rioja,93,ADM3,6359030
"canavate, el",39.54599,-2.32491,Cuenca,163,ADM3,6357406
canaveral,39.80769,-6.37171,Caceres,1189,ADM3,6356742
canaveral de leon,37.98854,-6.48426,Huelva,459,ADM3,6358196
canaveras,40.36232,-2.39774,Cuenca,381,ADM3,6357407
canaveruelas,40.43043,-2.65606,Cuenca,176,ADM3,6357408
candamo,43.45476,-6.05394,Asturias,2124,ADM3,6359917
candasnos,41.49562,0.06865,Huesca,478,ADM3,6358318
candelaria,28.35808,-16.38425,Santa Cruz de Tenerife,26290,ADM3,6360624
candelario,40.33673,-5.75436,Salamanca,1005,ADM3,6360328
candeleda,40.17037,-5.28659,Avila,5233,ADM3,6355656
candilichera,41.73122,-2.29735,Soria,136,ADM3,6361105
candin,42.81695,-6.72848,Leon,394,PPLA3,3126616
canejan,42.82394,0.79096,Lleida,84,ADM3,6358819
canena,38.05662,-3.49774,Jaen,2105,ADM3,6358474
canencia,40.89253,-3.75533,Madrid,423,ADM3,6359260
caner d'adri,42.0604,2.72102,Girona,624,ADM3,6534034
canet d'en berenguer,39.68215,-0.21668,Valencia,6014,ADM3,6361947
canet de mar,41.60141,2.57661,Barcelona,14183,ADM3,6533989
canet lo roig,40.56159,0.23355,Castello,836,ADM3,6356991
canete,40.05374,-1.63956,Cuenca,933,ADM3,6357409
canete de las torres,37.85801,-4.33036,Cordoba,3124,ADM3,6357209
canete la real,36.95701,-5.04332,Malaga,1901,ADM3,6359440
canfranc,42.75573,-0.47851,Huesca,633,ADM3,6358319
cangas,42.27263,-8.83035,Pontevedra,26087,ADM3,6360211
cangas de onis,43.32841,-5.07175,Asturias,6787,ADM3,6359919
cangas del narcea,43.11547,-6.54246,Asturias,14077,ADM3,6359918
cangas do morrazo,42.26413,-8.78463,Pontevedra,25748,PPLA3,3126577
canicosa de la sierra,41.93205,-3.0267,Burgos,554,ADM3,6356385
caniles,37.40451,-2.65469,Granada,4755,ADM3,6357672
canillas de abajo,40.9136,-5.95659,Salamanca,85,ADM3,6360329
canillas de aceituno,36.86411,-4.10089,Malaga,1937,ADM3,6359438
canillas de albaida,36.85039,-3.97937,Malaga,964,ADM3,6359439
canillas de esgueva,41.76433,-4.14057,Valladolid,91,ADM3,6362162
canillas de rio tuerto,42.39756,-2.83191,La Rioja,42,ADM3,6359029
"caniza, a",42.19098,-8.29176,Pontevedra,5511,ADM3,6360212
canizal,41.17016,-5.37063,Zamora,501,ADM3,6362481
canizar,40.77793,-3.07102,Guadalajara,79,ADM3,6357860
canizar del olivar,40.79531,-0.64647,Teruel,110,ADM3,6361485
canizares,40.52833,-2.20184,Cuenca,535,ADM3,6357410
canizo,41.75439,-5.51096,Zamora,274,ADM3,6362482
canjayar,37.00347,-2.73871,Almeria,1438,ADM3,6355545
"canonja, la",41.12071,1.18189,Tarragona,5943,ADM3,8630121
canovelles,41.62598,2.27275,Barcelona,16090,ADM3,6356074
canoves i samalus,41.69317,2.35073,Barcelona,2865,ADM3,6356075
canredondo,40.80819,-2.51771,Guadalajara,107,ADM3,6357858
cantabrana,42.7387,-3.46718,Burgos,31,ADM3,6356386
cantagallo,40.37427,-5.81731,Salamanca,283,ADM3,6360330
cantalapiedra,41.13019,-5.21138,Salamanca,1085,ADM3,6360331
cantalejo,41.25918,-3.92499,Segovia,4007,ADM3,6360782
cantallops,42.42086,2.92515,Girona,333,ADM3,6534035
cantalojas,41.23463,-3.29106,Guadalajara,159,ADM3,6357859
cantalpino,41.08396,-5.3263,Salamanca,1000,ADM3,6360332
cantaracillo,40.91299,-5.14649,Salamanca,213,ADM3,6360333
cantarranas,41.59161,-4.55006,Valladolid,0,PPLA3,13353316
cantavieja,40.52235,-0.35791,Teruel,729,ADM3,6361481
cantillana,37.62091,-5.81939,Sevilla,10921,ADM3,6360978
cantimpalos,41.06584,-4.16282,Segovia,1401,ADM3,6360783
cantiveros,40.9557,-4.95219,Avila,144,ADM3,6355657
cantoria,37.32998,-2.16057,Almeria,3956,ADM3,6355546
canyelles,41.28457,1.72672,Barcelona,4275,ADM3,6356076
cap martinet,38.91863,1.46026,Illes Balears,0,PPLA3,12148861
capafonts,41.29595,1.02824,Tarragona,101,ADM3,6361282
caparroso,42.33423,-1.66582,Navarra,2821,ADM3,6359613
capcanes,41.0993,0.80775,Tarragona,444,ADM3,6361283
capdepera,39.70177,3.43233,Illes Balears,11421,ADM3,6533938
capdesaso,41.84615,-0.18463,Huesca,190,ADM3,6358320
"capela, a",43.43614,-8.0443,Coruna,1376,ADM3,6357288
capella,42.1758,0.44008,Huesca,361,ADM3,6358321
capellades,41.5301,1.69322,Barcelona,5439,ADM3,6356077
capileira,37.00596,-3.35056,Granada,528,ADM3,6357674
capilla,38.79814,-5.05222,Badajoz,182,ADM3,6355895
capillas,42.01338,-4.9008,Palencia,90,ADM3,6360012
capmany,42.37262,2.92146,Girona,633,ADM3,6534036
capolat,42.0779,1.75301,Barcelona,90,ADM3,6356078
carabana,40.25537,-3.24683,Madrid,1905,ADM3,6359261
carabantes,41.55008,-1.99117,Soria,23,ADM3,6361107
caracena,41.39311,-3.10426,Soria,18,ADM3,6361108
caracuel de calatrava,38.83015,-4.05458,Ciudad Real,167,ADM3,6357124
carataunas,36.92191,-3.39361,Granada,188,ADM3,6357675
caravaca de la cruz,37.99116,-2.03481,Murcia,26415,ADM3,6359520
caravia,43.46722,-5.18782,Asturias,520,ADM3,6359920
carazo,41.96974,-3.34972,Burgos,41,ADM3,6356387
carbajales de alba,41.64153,-5.99235,Zamora,634,ADM3,6362483
carbajo,39.62742,-7.17521,Caceres,226,ADM3,6356743
carbajosa de la sagrada,40.92366,-5.62988,Salamanca,6528,ADM3,6360334
carballeda de avia,42.33678,-8.18119,Ourense,1487,ADM3,6359836
carballeda de valdeorras,42.3489,-6.8558,Ourense,1773,ADM3,6359835
carballedo,42.52459,-7.81118,Lugo,2532,ADM3,6359171
"carballino, o",42.44214,-8.08081,Ourense,14246,ADM3,6359837
carballo,43.21677,-8.6919,Coruna,31358,ADM3,6357289
carbellino,41.22809,-6.14326,Zamora,226,ADM3,6362484
carboneras,37.00153,-1.92125,Almeria,8081,ADM3,6355547
carboneras de guadazaon,39.90676,-1.81583,Cuenca,826,ADM3,6357411
carbonero el mayor,41.15108,-4.29246,Segovia,2600,ADM3,6360784
carboneros,38.21934,-3.63107,Jaen,663,ADM3,6358475
carcaboso,40.04416,-6.20982,Caceres,1137,ADM3,6356744
carcabuey,37.44083,-4.29916,Cordoba,2659,ADM3,6357210
carcaixent,39.10899,-0.45551,Valencia,20779,ADM3,6361948
carcar,42.416,-1.97725,Navarra,1121,ADM3,6359614
carcastillo,42.36178,-1.42712,Navarra,2549,ADM3,6359615
carcedo de bureba,42.57637,-3.50482,Burgos,50,ADM3,6356388
carcedo de burgos,42.28633,-3.62343,Burgos,367,ADM3,6356389
carcelen,39.10992,-1.28877,Albacete,639,ADM3,6355312
carcer,39.06289,-0.57215,Valencia,2051,ADM3,6361949
carcheles,37.65331,-3.63619,Jaen,1497,ADM3,6358547
cardedeu,41.64327,2.35065,Barcelona,17427,ADM3,6356079
cardena,38.27128,-4.36118,Cordoba,1669,ADM3,6357211
cardenadijo,42.29644,-3.66489,Burgos,1220,ADM3,6356390
cardenajimeno,42.33139,-3.61931,Burgos,994,ADM3,6356391
cardenas,42.37456,-2.76648,La Rioja,178,ADM3,6359031
cardenete,39.80778,-1.70244,Cuenca,572,ADM3,6357412
cardenosa,40.73964,-4.72573,Avila,492,ADM3,6355658
cardenosa de volpejera,42.22796,-4.69784,Palencia,50,ADM3,6360013
cardenuela riopico,42.35956,-3.55974,Burgos,148,ADM3,6356392
cardiel de los montes,40.07325,-4.6392,Toledo,390,ADM3,6361696
cardona,41.91301,1.67481,Barcelona,5064,ADM3,6356080
"cardoso de la sierra, el",41.12391,-3.41719,Guadalajara,69,ADM3,6357861
carenas,41.26288,-1.79857,Zaragoza,167,ADM3,6362765
carinena,41.35135,-1.2122,Zaragoza,3456,ADM3,6362766
carino,43.73669,-7.8869,Coruna,4373,ADM3,6357361
carlet,39.23295,-0.52416,Valencia,15296,ADM3,6361950
"carlota, la",37.67682,-4.92924,Cordoba,13743,ADM3,6357212
carme,41.53975,1.62104,Barcelona,866,ADM3,6356081
carmena,39.93513,-4.39432,Toledo,839,ADM3,6361697
carmenes,42.97815,-5.56222,Leon,437,ADM3,6358586
carmona,37.46553,-5.63152,Sevilla,28814,ADM3,6360979
carmonita,39.1506,-6.36413,Badajoz,574,ADM3,6355896
carnota,42.84718,-9.12952,Coruna,4605,ADM3,6357290
"carolina, la",38.31833,-3.60023,Jaen,15945,ADM3,6358476
carpio,41.21732,-5.11449,Valladolid,1097,ADM3,6362163
carpio de azaba,40.57607,-6.62722,Salamanca,108,ADM3,6360335
"carpio de tajo, el",39.8579,-4.47496,Toledo,2154,ADM3,6361698
"carpio, el",37.94567,-4.49432,Cordoba,4555,ADM3,6357213
carracedelo,42.55708,-6.7309,Leon,3680,ADM3,6358587
carral,43.21203,-8.36006,Coruna,6130,ADM3,6357291
carranque,40.16956,-3.90006,Toledo,4473,ADM3,6361699
carrascal de barregas,40.98772,-5.85315,Salamanca,1038,ADM3,6360336
carrascal del obispo,40.77133,-5.99921,Salamanca,241,ADM3,6360337
carrascal del rio,41.34693,-3.88465,Segovia,174,ADM3,6360785
carrascalejo,39.63979,-5.21363,Caceres,311,ADM3,6356745
"carrascalejo, el",39.02021,-6.33427,Badajoz,84,ADM3,6355897
carrascosa,40.56344,-2.19778,Cuenca,107,ADM3,6357413
carrascosa de abajo,41.43088,-3.09153,Soria,28,ADM3,6361109
carrascosa de haro,39.58595,-2.53843,Cuenca,128,ADM3,6357414
carrascosa de la sierra,41.91361,-2.25673,Soria,22,ADM3,6361110
carratraca,36.8468,-4.82179,Malaga,860,ADM3,6359441
carreno,43.57043,-5.76657,Asturias,10967,ADM3,6359921
carrias,42.47795,-3.29624,Burgos,27,ADM3,6356393
carriches,39.96477,-4.45717,Toledo,301,ADM3,6361700
carricola,38.84396,-0.47028,Valencia,98,ADM3,6361951
carrion de calatrava,39.05978,-3.83144,Ciudad Real,3021,ADM3,6357125
carrion de los cespedes,37.36325,-6.32792,Sevilla,2559,ADM3,6360980
carrion de los condes,42.31701,-4.62336,Palencia,2231,ADM3,6360014
carrizo,42.5934,-5.85169,Leon,2499,ADM3,6358588
carrizosa,38.84157,-2.99288,Ciudad Real,1430,ADM3,6357126
carrocera,42.80789,-5.75812,Leon,565,ADM3,6358589
cartagena,37.604,-0.93397,Murcia,213943,ADM3,6359521
cartajima,36.65271,-5.15113,Malaga,251,ADM3,6359442
cartama,36.73707,-4.64277,Malaga,23664,ADM3,6359443
cartaya,37.31568,-7.16817,Huelva,19185,ADM3,6358197
cartelle,42.23409,-8.03093,Ourense,3163,ADM3,6359838
cartes,43.3163,-4.09372,Cantabria,5558,ADM3,6360665
carucedo,42.48271,-6.79336,Leon,655,ADM3,6358590
casa de uceda,40.85188,-3.36947,Guadalajara,128,ADM3,6357862
casabermeja,36.86606,-4.42681,Malaga,3686,ADM3,6359444
casafranca,40.61457,-5.77633,Salamanca,73,ADM3,6360338
casalarreina,42.54737,-2.90537,La Rioja,1355,ADM3,6359032
casar de caceres,39.58011,-6.46187,Caceres,4796,ADM3,6356746
"casar de escalona, el",40.05622,-4.52315,Toledo,2175,ADM3,6361701
casar de palomero,40.29008,-6.26223,Caceres,1419,ADM3,6356747
"casar, el",40.73418,-3.41777,Guadalajara,11622,ADM3,6357863
casarabonela,36.80178,-4.8291,Malaga,2726,ADM3,6359445
casarejos,41.80693,-3.04649,Soria,203,ADM3,6361111
casares,36.43088,-5.26922,Malaga,5610,ADM3,6359446
casares de las hurdes,40.43585,-6.31699,Caceres,489,ADM3,6356748
casariche,37.3037,-4.75817,Sevilla,5652,ADM3,6360981
casarrubios del monte,40.19959,-4.06556,Toledo,5600,ADM3,6361702
casarrubuelos,40.17489,-3.82685,Madrid,3707,ADM3,6359262
casas altas,40.03138,-1.25545,Valencia,158,ADM3,6361952
casas bajas,40.0194,-1.26777,Valencia,221,ADM3,6361953
casas de benitez,39.30486,-2.11227,Cuenca,1018,ADM3,6357415
casas de don antonio,39.23302,-6.28072,Caceres,205,ADM3,6356749
casas de don gomez,40.01506,-6.60455,Caceres,332,ADM3,6356750
casas de don pedro,39.15084,-5.29315,Badajoz,1646,ADM3,6355898
casas de fernando alonso,39.34235,-2.33613,Cuenca,1446,ADM3,6357416
casas de garcimolina,40.01253,-1.41758,Cuenca,30,ADM3,6357417
casas de guijarro,39.34057,-2.15296,Cuenca,140,ADM3,6357418
casas de haro,39.29152,-2.26154,Cuenca,898,ADM3,6357419
casas de juan nunez,39.09333,-1.55946,Albacete,1441,ADM3,6355313
casas de lazaro,38.79722,-2.24934,Albacete,446,ADM3,6355314
casas de los pinos,39.2888,-2.36912,Cuenca,561,ADM3,6357420
casas de millan,39.78612,-6.30286,Caceres,674,ADM3,6356753
casas de miravete,39.74435,-5.77164,Caceres,172,ADM3,6356754
casas de reina,38.19201,-5.9624,Badajoz,208,ADM3,6355899
casas de san galindo,40.88044,-2.97125,Guadalajara,27,ADM3,6357864
casas de ves,39.26148,-1.28893,Albacete,724,ADM3,6355315
casas del castanar,40.10188,-5.9412,Caceres,620,ADM3,6356751
"casas del conde, las",40.50712,-6.03916,Salamanca,57,ADM3,6360339
casas del monte,40.20437,-5.95319,Caceres,817,ADM3,6356752
casas del puerto,40.52499,-5.16808,Avila,105,ADM3,6355660
casas-ibanez,39.3332,-1.44083,Albacete,4843,ADM3,6355316
casasbuenas,39.76511,-4.09733,Toledo,210,ADM3,6361703
casaseca de campean,41.37243,-5.76158,Zamora,125,ADM3,6362485
casaseca de las chanas,41.42628,-5.66806,Zamora,419,ADM3,6362486
casasimarro,39.38827,-2.0667,Cuenca,3311,ADM3,6357421
casasola,40.66966,-4.8179,Avila,88,ADM3,6355661
casasola de arion,41.58348,-5.24948,Valladolid,304,ADM3,6362164
casatejada,39.93859,-5.6761,Caceres,1453,ADM3,6356755
casavieja,40.30107,-4.7706,Avila,1575,ADM3,6355662
casbas de huesca,42.19607,-0.16714,Huesca,287,ADM3,6358322
cascajares de bureba,42.68172,-3.23151,Burgos,35,ADM3,6356394
cascajares de la sierra,42.06612,-3.39345,Burgos,41,ADM3,6356395
cascante,42.00822,-1.68022,Navarra,3990,ADM3,6359616
cascante del rio,40.19488,-1.13487,Teruel,91,ADM3,6361486
caseda,42.50114,-1.35721,Navarra,1027,ADM3,6359617
caseres,41.04488,0.27683,Tarragona,250,ADM3,6361284
casillas,40.33078,-4.56935,Avila,799,ADM3,6355663
casillas de coria,39.96725,-6.66324,Caceres,441,ADM3,6356756
casillas de flores,40.36618,-6.75749,Salamanca,203,ADM3,6360340
casinos,39.69526,-0.73946,Valencia,2864,ADM3,6361954
casla,41.16109,-3.6527,Segovia,171,ADM3,6360786
caso,43.18333,-5.35,Asturias,1799,ADM3,3125999
caspe,41.26919,-0.02252,Zaragoza,10432,ADM3,6362767
caspuenas,40.70086,-2.97288,Guadalajara,114,ADM3,6357865
cassa de la selva,41.87915,2.87232,Girona,9925,ADM3,6534037
casserres,42.01192,1.84602,Barcelona,1578,ADM3,6356082
castalla,38.56672,-0.64583,Alicante,10573,ADM3,6355429
castanar de ibor,39.68103,-5.42836,Caceres,1175,ADM3,6356757
castanares de rioja,42.51323,-2.9215,La Rioja,474,ADM3,6359033
castaneda,43.31407,-3.92198,Cantabria,2525,ADM3,6360666
castano del robledo,37.88667,-6.6861,Huelva,213,ADM3,6358198
castaras,36.91169,-3.23511,Granada,274,ADM3,6357676
castejon,40.40633,-2.53599,Cuenca,188,ADM3,6357422
castejon,42.16541,-1.66731,Navarra,4207,ADM3,6359618
castejon de alarba,41.18417,-1.64504,Zaragoza,95,ADM3,6362768
castejon de henares,40.93072,-2.79041,Guadalajara,88,ADM3,6357866
castejon de las armas,41.29834,-1.8208,Zaragoza,118,ADM3,6362769
castejon de monegros,41.65089,-0.21738,Huesca,459,ADM3,6358324
castejon de sos,42.52225,0.48925,Huesca,840,ADM3,6358325
castejon de tornos,40.99866,-1.40806,Teruel,64,ADM3,6361487
castejon de valdejasa,41.99396,-0.99886,Zaragoza,257,ADM3,6362770
castejon del puente,41.96303,0.13599,Huesca,359,ADM3,6358323
castel de cabra,40.79846,-0.69869,Teruel,79,ADM3,6361488
castelflorite,41.79882,-0.02416,Huesca,102,ADM3,6358326
castell de cabres,40.6737,0.02894,Castello,17,ADM3,6356992
castell de castells,38.73781,-0.19534,Alicante,478,ADM3,6355430
"castell de guadalest, el",38.66938,-0.17715,Alicante,238,ADM3,6355451
castell de l'areny,42.17155,1.94166,Barcelona,73,ADM3,6356089
castell de mur,42.09872,0.84849,Lleida,173,ADM3,6358981
castell-platja d'aro,41.81417,3.05216,Girona,10527,ADM3,6534041
castellanos de castro,42.32822,-4.03211,Burgos,53,ADM3,6356396
castellanos de moriscos,41.0328,-5.58832,Salamanca,1942,ADM3,6360341
castellanos de villiquera,41.05337,-5.67264,Salamanca,686,ADM3,6360427
castellanos de zapardiel,41.07874,-4.90429,Avila,107,ADM3,6355664
castellar,38.30449,-3.14711,Jaen,3543,ADM3,6362994
castellar de la frontera,36.31674,-5.45521,Cadiz,3202,ADM3,6356928
castellar de la muela,40.83081,-1.74581,Guadalajara,37,ADM3,6357867
castellar de la ribera,42.01585,1.39716,Lleida,159,ADM3,6358820
castellar de n'hug,42.27894,2.00606,Barcelona,175,ADM3,6356084
castellar de santiago,38.51572,-3.2917,Ciudad Real,2191,ADM3,6357127
castellar del riu,42.12286,1.77249,Barcelona,174,ADM3,6356083
castellar del valles,41.61667,2.08333,Barcelona,23363,ADM3,3125908
castellbell i el vilar,41.62885,1.8609,Barcelona,3641,ADM3,6356085
castellbisbal,41.47778,1.98063,Barcelona,12407,ADM3,6356086
castellcir,41.75431,2.1497,Barcelona,784,ADM3,6356087
castelldans,41.49277,0.77034,Lleida,891,ADM3,6358821
castelldefels,41.27641,1.96791,Barcelona,62989,ADM3,6356088
castellet i la gornal,41.2775,1.63013,Barcelona,2252,ADM3,6356090
castellfollit de la roca,42.21918,2.54372,Girona,999,ADM3,6534039
castellfollit de riubregos,41.77069,1.44065,Barcelona,184,ADM3,6356092
castellfollit del boix,41.66776,1.6737,Barcelona,416,ADM3,6356091
castellfort,40.51925,-0.20581,Castello,238,ADM3,6356993
castellgali,41.67492,1.82103,Barcelona,2001,ADM3,6356093
castellnou de bages,41.83832,1.80987,Barcelona,1184,ADM3,6356094
castellnou de seana,41.65098,0.97594,Lleida,766,ADM3,6358822
castellnovo,39.84933,-0.45286,Castello,1050,ADM3,6356994
castello d'empuries,42.25476,3.07694,Girona,11794,ADM3,6534040
castello de farfanya,41.8132,0.72437,Lleida,549,ADM3,6358823
castello de la plana,39.98567,-0.04935,Castello,171857,PPLA2,2519752
castello de rugat,38.8791,-0.38497,Valencia,2326,ADM3,6361955
castelloli,41.59373,1.71158,Barcelona,563,ADM3,6356095
castellon de la plana/castello de la plana,39.9929,-0.05768,Castello,180204,ADM3,6356995
castellonet de la conquesta,38.90851,-0.26401,Valencia,169,ADM3,6361956
castellote,40.74809,-0.34924,Teruel,665,ADM3,6361492
castellsera,41.75692,0.98425,Lleida,993,ADM3,6358824
castelltercol,41.74963,2.09609,Barcelona,2407,ADM3,6356096
castellvell del camp,41.18821,1.09442,Tarragona,2845,ADM3,6361285
castellvi de la marca,41.33366,1.61265,Barcelona,1650,ADM3,6356097
castellvi de rosanes,41.44969,1.91679,Barcelona,1757,ADM3,6356098
castelnou,41.23831,-0.34303,Teruel,94,ADM3,6361489
castelseras,40.96256,-0.1419,Teruel,804,ADM3,6361490
castielfabib,40.13961,-1.31516,Valencia,301,ADM3,6361957
castiello de jaca,42.64619,-0.55781,Huesca,280,ADM3,6358327
castigaleu,42.20183,0.58226,Huesca,80,ADM3,6358328
castil de peones,42.47395,-3.38238,Burgos,33,ADM3,6356398
castil de vela,41.97503,-4.949,Palencia,68,ADM3,6360015
castilblanco,39.31424,-5.08196,Badajoz,1148,ADM3,6355900
castilblanco de los arroyos,37.72598,-6.00028,Sevilla,5084,ADM3,6360982
castildelgado,42.44149,-3.08633,Burgos,49,ADM3,6356397
castilfale,42.20295,-5.41383,Leon,78,ADM3,6358591
castilforte,40.56005,-2.43055,Guadalajara,64,ADM3,6357868
castilfrio de la sierra,41.93251,-2.29142,Soria,29,ADM3,6361112
castiliscar,42.36167,-1.28013,Zaragoza,214,ADM3,6362771
castillazuelo,42.05973,0.05594,Huesca,164,ADM3,6358329
castilleja de guzman,37.40936,-6.05029,Sevilla,2829,ADM3,6360983
castilleja de la cuesta,37.38701,-6.05461,Sevilla,17505,ADM3,6360984
castilleja del campo,37.38586,-6.33837,Sevilla,642,ADM3,6360985
castillejar,37.72575,-2.65187,Granada,1564,ADM3,6357677
castillejo de iniesta,39.53665,-1.74727,Cuenca,192,ADM3,6357423
castillejo de martin viejo,40.73187,-6.57327,Salamanca,250,ADM3,6360342
castillejo de mesleon,41.28312,-3.59496,Segovia,144,ADM3,6360787
castillejo de robledo,41.57218,-3.50295,Soria,136,ADM3,6361114
castillejo-sierra,40.38115,-2.09177,Cuenca,33,ADM3,6357424
castillo de bayuela,40.09167,-4.68489,Toledo,1024,ADM3,6361704
castillo de garcimunoz,39.67147,-2.35668,Cuenca,174,ADM3,6357426
"castillo de las guardas, el",37.68912,-6.35031,Sevilla,1575,ADM3,6360986
castillo de locubin,37.54415,-3.94008,Jaen,4659,ADM3,6358477
castillo de villamalefa,40.15558,-0.36832,Castello,112,ADM3,6356996
castillo-albaranez,40.29362,-2.38507,Cuenca,24,ADM3,6357425
castillonroy,41.88609,0.54769,Huesca,322,ADM3,6358330
castillonuevo,42.66692,-1.06485,Navarra,16,ADM3,6359619
castilnuevo,40.80316,-1.86621,Guadalajara,8,ADM3,6357869
castilruiz,41.88271,-2.02295,Soria,212,ADM3,6361113
castraz,40.71626,-6.31544,Salamanca,49,ADM3,6360343
castrejon de la pena,42.79838,-4.60134,Palencia,444,ADM3,6360016
castrejon de trabancos,41.24555,-5.17538,Valladolid,216,ADM3,6362165
castrelo de mino,42.29412,-8.05972,Ourense,1754,ADM3,6359840
castrelo do val,42.04416,-7.3636,Ourense,1169,ADM3,6359839
castril,37.85341,-2.77545,Granada,2378,ADM3,6357678
castrillo de cabrera,42.33728,-6.54744,Leon,141,ADM3,6358592
castrillo de don juan,41.82466,-4.08958,Palencia,239,ADM3,6360017
castrillo de duero,41.58435,-4.01012,Valladolid,144,ADM3,6362166
castrillo de la guarena,41.22926,-5.3166,Zamora,132,ADM3,6362487
castrillo de la reina,41.98232,-3.2283,Burgos,217,ADM3,6356399
castrillo de la valduerna,42.33007,-6.14898,Leon,181,ADM3,6358593
castrillo de la vega,41.64945,-3.76789,Burgos,644,ADM3,6356400
castrillo de onielo,41.8664,-4.2951,Palencia,121,ADM3,6360018
castrillo de riopisuerga,42.56335,-4.27618,Burgos,71,ADM3,6356402
castrillo de villavega,42.45589,-4.47636,Palencia,210,ADM3,6360019
castrillo del val,42.31513,-3.58354,Burgos,805,ADM3,6356401
castrillo mota de judios,42.30817,-4.17395,Burgos,64,ADM3,6356403
castrillo-tejeriego,41.69023,-4.36656,Valladolid,197,ADM3,6362167
castrillon,43.56913,-5.99341,Asturias,22950,ADM3,6359922
castro caldelas,42.3832,-7.41183,Ourense,1486,ADM3,6359841
castro de filabres,37.18376,-2.45118,Almeria,157,ADM3,6355548
castro de fuentiduena,41.42399,-3.85709,Segovia,51,ADM3,6360788
castro de rei,43.20793,-7.40006,Lugo,5422,ADM3,6359172
castro del rio,37.68494,-4.49786,Cordoba,8087,ADM3,6357214
castro-urdiales,43.38054,-3.24397,Cantabria,32522,ADM3,6360667
castrobol,42.1359,-5.31416,Valladolid,70,ADM3,6362168
castrocalbon,42.20884,-5.99552,Leon,1037,ADM3,6358594
castrocontrigo,42.20758,-6.18339,Leon,895,ADM3,6358595
castrodeza,41.64738,-4.94975,Valladolid,170,ADM3,6362169
castrogonzalo,41.98771,-5.60438,Zamora,495,ADM3,6362488
castrojeriz,42.28804,-4.13781,Burgos,849,ADM3,6356404
castrojimeno,41.4056,-3.83836,Segovia,37,ADM3,6360789
castromembibre,41.67756,-5.3108,Valladolid,73,ADM3,6362170
castromocho,42.02166,-4.81985,Palencia,247,ADM3,6360020
castromonte,41.76233,-5.05665,Valladolid,358,ADM3,6362171
castronuevo,41.72321,-5.54906,Zamora,274,ADM3,6362489
castronuevo de esgueva,41.669,-4.58562,Valladolid,378,ADM3,6362172
castronuno,41.4136,-5.24556,Valladolid,954,ADM3,6362173
castropodame,42.57419,-6.43513,Leon,1805,ADM3,6358596
castropol,43.48601,-6.96711,Asturias,3713,ADM3,6359923
castroponce,42.11797,-5.17343,Valladolid,166,ADM3,6362174
castroserna de abajo,41.20771,-3.73132,Segovia,59,ADM3,6360790
castroserracin,41.40587,-3.79586,Segovia,55,ADM3,6360791
castrotierra de valmadrigal,42.34105,-5.23474,Leon,116,ADM3,6358597
castroverde,43.01341,-7.3426,Lugo,2887,ADM3,6359173
castroverde de campos,41.99436,-5.34738,Zamora,376,ADM3,6362490
castroverde de cerrato,41.74756,-4.24263,Valladolid,245,ADM3,6362175
castroviejo,42.32879,-2.65565,La Rioja,60,ADM3,6359034
castuera,38.78915,-5.46891,Badajoz,6422,ADM3,6355901
catadau,39.26479,-0.57862,Valencia,2766,ADM3,6361958
catarroja,39.39926,-0.39968,Valencia,27697,ADM3,6361959
cati,40.47144,0.02309,Castello,841,ADM3,6356997
catoira,42.66303,-8.72174,Pontevedra,3484,ADM3,6360213
catral,38.15798,-0.79689,Alicante,9083,ADM3,6355431
caudete,38.70622,-1.04109,Albacete,10551,ADM3,6355317
caudete de las fuentes,39.55112,-1.29275,Valencia,747,ADM3,6361960
caudiel,39.99483,-0.59233,Castello,739,ADM3,6356998
cava,42.31834,1.61469,Lleida,46,ADM3,6358825
cavia,42.28398,-3.84427,Burgos,283,ADM3,6356381
cayuela,42.27274,-3.81758,Burgos,188,ADM3,6356405
cazalegas,40.004,-4.69601,Toledo,1852,ADM3,6361705
cazalilla,37.96366,-3.8852,Jaen,928,ADM3,6358478
cazalla de la sierra,37.946,-5.76233,Sevilla,5083,ADM3,6360987
cazorla,37.91186,-2.96486,Jaen,7984,ADM3,6358479
cazurra,41.40999,-5.70219,Zamora,82,ADM3,6362491
cea,42.47391,-4.97246,Leon,515,ADM3,6362995
cebanico,42.72837,-5.04731,Leon,186,ADM3,6358598
cebolla,39.93765,-4.56109,Toledo,3862,ADM3,6361706
cebrecos,42.00561,-3.59031,Burgos,51,ADM3,6356406
cebreros,40.45267,-4.43431,Avila,3478,ADM3,6355665
cebrones del rio,42.26154,-5.84618,Leon,546,ADM3,6358599
ceclavin,39.83254,-6.7322,Caceres,2026,ADM3,6356758
cedeira,43.67971,-8.02088,Coruna,7254,ADM3,6357292
cedillo,39.63095,-7.47503,Caceres,497,ADM3,6356759
cedillo de la torre,41.43009,-3.62917,Segovia,122,ADM3,6360792
cedillo del condado,40.09543,-3.92959,Toledo,3426,ADM3,6361707
cedrillas,40.42928,-0.85281,Teruel,652,ADM3,6361493
cee,42.9557,-9.18985,Coruna,7855,ADM3,6357293
cegama,42.97556,-2.29091,Gipuzkoa,0,PPLA3,3125523
cehegin,38.05096,-1.74222,Murcia,15022,ADM3,6359522
ceinos de campos,42.02889,-5.14623,Valladolid,261,ADM3,6362176
celada del camino,42.2634,-3.93456,Burgos,98,ADM3,6356407
celadas,40.51875,-1.15734,Teruel,331,ADM3,6361494
celanova,42.16601,-7.97007,Ourense,5809,ADM3,6359842
cella,40.44187,-1.29384,Teruel,2878,ADM3,6361495
cellorigo,42.62373,-3.00119,La Rioja,13,ADM3,6359035
celra,42.01793,2.87006,Girona,4914,ADM3,6534043
cendea de olza/oltza zendea,42.81891,-1.74843,Navarra,1785,ADM3,6359741
cendejas de enmedio,40.98954,-2.87253,Guadalajara,98,ADM3,6357870
cendejas de la torre,40.97938,-2.8377,Guadalajara,38,ADM3,6357871
cenes de la vega,37.15644,-3.53649,Granada,7900,ADM3,6357679
cenicero,42.47934,-2.64503,La Rioja,2092,ADM3,6359036
cenicientos,40.24207,-4.50836,Madrid,1980,ADM3,6359263
cenizate,39.3035,-1.6563,Albacete,1306,ADM3,6355318
cenlle,42.34246,-8.0732,Ourense,1331,ADM3,6359843
centelles,41.79653,2.21615,Barcelona,7282,ADM3,6356099
centenera,40.6535,-3.05983,Guadalajara,110,ADM3,6357872
centenera de andaluz,41.51005,-2.72326,Soria,25,ADM3,6361115
cepeda,40.46335,-6.02803,Salamanca,377,ADM3,6360344
cepeda la mora,40.44611,-5.04581,Avila,89,ADM3,6355666
cerain,43.01237,-2.27264,Gipuzkoa,0,PPLA3,3125420
cerbon,41.94703,-2.16115,Soria,40,ADM3,6361116
cerceda,43.16446,-8.48216,Coruna,5318,ADM3,6357294
cercedilla,40.75699,-4.05422,Madrid,6948,ADM3,6359264
cercs,42.12749,1.86782,Barcelona,1306,ADM3,6356287
cerda,38.98475,-0.61378,Valencia,407,ADM3,6361961
cerdanyola del valles,41.48569,2.12171,Barcelona,57892,ADM3,6356285
cerdedo-cotobade,42.50703,-8.44025,Pontevedra,6107,ADM3,11808025
cerdido,43.61459,-7.95411,Coruna,1312,ADM3,6357295
cereceda de la sierra,40.5711,-6.0961,Salamanca,99,ADM3,6360345
cerecinos de campos,41.89722,-5.48161,Zamora,336,ADM3,6362492
cerecinos del carrizal,41.68205,-5.65761,Zamora,135,ADM3,6362493
cerezal de penahorcada,41.12805,-6.64944,Salamanca,90,ADM3,6360346
cerezo,40.23445,-6.24035,Caceres,185,ADM3,6356760
cerezo de abajo,41.21695,-3.57747,Segovia,153,ADM3,6360793
cerezo de arriba,41.21741,-3.5185,Segovia,190,ADM3,6360794
cerezo de rio tiron,42.50464,-3.13591,Burgos,624,ADM3,6356408
cernadilla,42.01064,-6.40813,Zamora,163,ADM3,6362494
"cerollera, la",40.82437,-0.08258,Teruel,77,ADM3,6361496
cerralbo,40.95929,-6.57668,Salamanca,195,ADM3,6360347
"cerralbos, los",40.01513,-4.58478,Toledo,459,ADM3,6361708
cerraton de juarros,42.41725,-3.3662,Burgos,55,ADM3,6356409
"cerro de andevalo, el",37.71606,-7.02102,Huelva,2417,ADM3,6358199
"cerro, el",40.31426,-5.9242,Salamanca,460,ADM3,6360348
cervantes,42.84066,-6.98393,Lugo,1593,ADM3,6359174
cervatos de la cueza,42.31241,-4.78217,Palencia,307,ADM3,6360021
cervello,41.40125,1.95506,Barcelona,8660,ADM3,6356100
cervera,41.6683,1.26892,Lleida,9440,ADM3,6358826
cervera de buitrago,40.9134,-3.51893,Madrid,183,ADM3,6359265
cervera de la canada,41.42297,-1.74457,Zaragoza,318,ADM3,6362772
cervera de los montes,40.05765,-4.83027,Toledo,470,ADM3,6361709
cervera de pisuerga,42.90861,-4.50989,Palencia,2572,ADM3,6360022
cervera del llano,39.78852,-2.43251,Cuenca,257,ADM3,6357427
cervera del maestre,40.43169,0.28503,Castello,716,ADM3,6356999
cervera del rio alhama,42.03132,-1.96604,La Rioja,2636,ADM3,6359037
cerveruela,41.22341,-1.21176,Zaragoza,37,ADM3,6362773
cervia de les garrigues,41.42778,0.83717,Lleida,746,ADM3,6358827
cervia de ter,42.06839,2.90818,Girona,906,ADM3,6534044
cervillego de la cruz,41.17959,-4.97431,Valladolid,100,ADM3,6362177
cervo,43.67423,-7.42532,Lugo,4483,ADM3,6355242
cespedosa de tormes,40.54521,-5.56863,Salamanca,573,ADM3,6360349
cestona,43.23973,-2.2579,Gipuzkoa,0,PPLA3,3125273
cetina,41.26362,-1.95971,Zaragoza,552,ADM3,6362774
ceuta,35.88682,-5.31738,Ceuta,84018,ADM3,7577100
ceuti,38.08579,-1.27412,Murcia,11565,ADM3,6359523
cevico de la torre,41.85875,-4.41799,Palencia,520,ADM3,6360023
cevico navero,41.86704,-4.12737,Palencia,219,ADM3,6360024
chagarcia medianero,40.67015,-5.38649,Salamanca,93,ADM3,6360357
chalamera,41.66437,0.15553,Huesca,120,ADM3,6358332
chamartin,40.71716,-4.94843,Avila,89,ADM3,6355675
chandrexa de queixa,42.23918,-7.36836,Ourense,586,ADM3,6359847
chane,41.35316,-4.43374,Segovia,946,ADM3,6360804
chantada,42.60874,-7.79753,Lugo,8783,ADM3,6359177
chapineria,40.36847,-4.19953,Madrid,2240,ADM3,6359277
chauchina,37.18141,-3.78005,Granada,4813,ADM3,6357688
checa,40.49081,-1.82413,Guadalajara,336,ADM3,6357886
cheles,38.54976,-7.25974,Badajoz,1223,ADM3,6355907
chella,39.0462,-0.69487,Valencia,2776,ADM3,6361972
chelva,39.7339,-1.02305,Valencia,1627,ADM3,6361971
chequilla,40.6092,-1.83711,Guadalajara,15,ADM3,6357887
chera,39.58049,-0.93547,Valencia,582,ADM3,6361973
chercos,37.26296,-2.26719,Almeria,307,ADM3,6355551
chert/xert,40.51983,0.15819,Castello,873,ADM3,6357006
cheste,39.51872,-0.70508,Valencia,8615,ADM3,6361974
chia,42.53636,0.44131,Huesca,90,ADM3,6358333
chiclana de la frontera,36.40149,-6.12788,Cadiz,81113,ADM3,6356930
chiclana de segura,38.35177,-2.96956,Jaen,1147,ADM3,6358480
chilches/xilxes,39.77648,-0.17306,Castello,2875,ADM3,6357007
chillaron de cuenca,40.12578,-2.22214,Cuenca,604,ADM3,6357383
chillaron del rey,40.5933,-2.7016,Guadalajara,118,ADM3,6357889
chillon,38.80686,-4.86471,Ciudad Real,2042,ADM3,6357132
chilluevar,37.99008,-3.03107,Jaen,1635,ADM3,6358481
chiloeches,40.56791,-3.1939,Guadalajara,3179,ADM3,6357888
chimeneas,37.12228,-3.82458,Granada,1456,ADM3,6357689
chimillas,42.18084,-0.47106,Huesca,396,ADM3,6358334
chinchilla de monte-aragon,38.86461,-1.59322,Albacete,4116,ADM3,6355321
chinchon,40.15498,-3.48813,Madrid,5239,ADM3,6359278
chipiona,36.73494,-6.42536,Cadiz,18849,ADM3,6356931
chiprana,41.2663,-0.15649,Zaragoza,500,ADM3,6362785
chirivel,37.608,-2.28227,Almeria,1811,ADM3,6355552
chiva,39.48361,-0.73423,Valencia,15185,ADM3,6361976
chodes,41.48661,-1.48019,Zaragoza,102,ADM3,6362786
chodos/xodos,40.24427,-0.31047,Castello,127,ADM3,6357008
chovar,39.85239,-0.32898,Castello,355,ADM3,6357009
chozas de abajo,42.48568,-5.64836,Leon,2415,ADM3,6358611
chozas de canales,40.10798,-4.04843,Toledo,4104,ADM3,6361716
chucena,37.35826,-6.39004,Huelva,2176,ADM3,6358206
chueca,39.72862,-3.939,Toledo,270,ADM3,6361717
chulilla,39.65135,-0.85005,Valencia,718,ADM3,6361977
chumillas,39.77307,-2.02819,Cuenca,68,ADM3,6357431
churriana de la vega,37.1541,-3.63801,Granada,13118,ADM3,6357690
ciadoncha,42.16687,-3.93485,Burgos,69,ADM3,6356410
cidamon,42.48508,-2.85583,La Rioja,32,ADM3,6359038
cidones,41.82413,-2.67197,Soria,347,ADM3,6361117
ciempozuelos,40.1536,-3.6001,Madrid,24087,ADM3,6359266
"cierva, la",40.05039,-1.86433,Cuenca,56,ADM3,6357428
cieza,43.22413,-4.12888,Cantabria,603,ADM3,6360668
cieza,38.24583,-1.42602,Murcia,35351,ADM3,6359524
cifuentes,40.74494,-2.58915,Guadalajara,2108,ADM3,6357873
cigales,41.77631,-4.71526,Valladolid,4871,ADM3,6362178
cigudosa,41.93376,-2.06811,Soria,34,ADM3,6361118
cigunuela,41.64091,-4.85584,Valladolid,403,ADM3,6362179
cihuela,41.41602,-1.98592,Soria,67,ADM3,6361119
cihuri,42.57875,-2.92106,La Rioja,229,ADM3,6359039
cijuela,37.1701,-3.82603,Granada,3098,ADM3,6357680
cillan,40.69999,-4.98911,Avila,114,ADM3,6355667
cillaperlata,42.77734,-3.37515,Burgos,46,ADM3,6356411
cilleros,40.07852,-6.82892,Caceres,1793,ADM3,6356761
cilleros de la bastida,40.55673,-6.03104,Salamanca,36,ADM3,6360350
cilleruelo de abajo,41.89071,-3.79073,Burgos,268,ADM3,6356412
cilleruelo de arriba,41.91013,-3.6488,Burgos,63,ADM3,6356413
cilleruelo de san mames,41.44056,-3.58893,Segovia,42,ADM3,6360795
cillorigo de liebana,43.21086,-4.63535,Cantabria,1338,ADM3,6360669
cimanes de la vega,42.10469,-5.60804,Leon,549,ADM3,6358600
cimanes del tejar,42.60828,-5.76169,Leon,804,ADM3,6358601
cimballa,41.08958,-1.76401,Zaragoza,80,ADM3,6362775
cinco olivas,41.33896,-0.36803,Zaragoza,102,ADM3,6362776
cincovillas,41.19544,-2.81807,Guadalajara,25,ADM3,6357874
cinctorres,40.57459,-0.21796,Castello,484,ADM3,6357000
cintruenigo,42.07769,-1.8088,Navarra,7811,ADM3,6359620
ciperez,40.97091,-6.24301,Salamanca,304,ADM3,6360351
cirat,40.05167,-0.45596,Castello,247,ADM3,6357001
cirauqui,42.67596,-1.89115,Navarra,474,PPLA3,3125001
cirauqui/zirauki,42.66155,-1.89811,Navarra,505,ADM3,6359622
ciria,41.63515,-1.95677,Soria,99,ADM3,6361120
ciriza,42.79019,-1.82822,Navarra,70,PPLA3,3124991
ciriza/ziritza,42.79155,-1.82342,Navarra,119,ADM3,6359623
ciruelas,40.75202,-3.10063,Guadalajara,128,ADM3,6357875
ciruelos,39.94682,-3.62017,Toledo,687,ADM3,6361710
ciruelos de cervera,41.92435,-3.52673,Burgos,117,ADM3,6356414
ciruelos del pinar,41.00639,-2.21524,Guadalajara,36,ADM3,6357876
ciruena,42.4245,-2.87766,La Rioja,128,ADM3,6359040
cirujales del rio,41.86882,-2.3251,Soria,28,ADM3,6361121
cisla,40.96937,-5.01561,Avila,137,ADM3,6355668
cisneros,42.21419,-4.85607,Palencia,498,ADM3,6360025
cistella,42.26839,2.84868,Girona,281,ADM3,6534045
cisterniga,41.5922,-4.64903,Valladolid,8449,ADM3,6362180
cistierna,42.80798,-5.11194,Leon,3652,ADM3,6358602
ciudad real,38.95542,-3.98099,Ciudad Real,74921,ADM3,6357128
ciudad rodrigo,40.60014,-6.52245,Salamanca,13646,ADM3,6360352
ciutadella,40.00112,3.84144,Illes Balears,29160,PPLA3,3124967
ciutadella de menorca,39.99968,3.83504,Illes Balears,29580,ADM3,6533939
ciutadilla,41.53785,1.15462,Lleida,194,ADM3,6358828
cizur,42.76084,-1.71586,Navarra,3663,ADM3,6359624
clares de ribota,41.53416,-1.83743,Zaragoza,89,ADM3,6362777
clariana de cardener,41.9399,1.62618,Lleida,142,ADM3,6358829
clavijo,42.35015,-2.42845,La Rioja,298,ADM3,6359041
coana,43.53684,-6.75512,Asturias,3462,ADM3,6359924
cobdar,37.25341,-2.19306,Almeria,156,ADM3,6355549
cobeja,40.00958,-3.84905,Toledo,2373,ADM3,6361711
cobena,40.57299,-3.50784,Madrid,6823,ADM3,6359267
cobeta,40.88069,-2.13669,Guadalajara,123,ADM3,6357877
cobisa,39.79584,-4.02153,Toledo,4120,ADM3,6361712
cobos de cerrato,42.01202,-4.03683,Palencia,159,ADM3,6360026
cobos de fuentiduena,41.38609,-3.91958,Segovia,37,ADM3,6360796
cobreros,42.07179,-6.68131,Zamora,620,ADM3,6362495
coca,41.21825,-4.53195,Segovia,2063,ADM3,6360797
coca de alba,40.87888,-5.35792,Salamanca,109,ADM3,6360353
cocentaina,38.73374,-0.43853,Alicante,11591,ADM3,6355432
codo,41.34377,-0.67437,Zaragoza,201,ADM3,6362778
"codonera, la",40.92719,-0.06158,Teruel,312,ADM3,6361497
codorniz,41.06007,-4.60865,Segovia,384,ADM3,6360798
codos,41.28522,-1.35798,Zaragoza,217,ADM3,6362779
"codosera, la",39.22308,-7.19273,Badajoz,2337,ADM3,6355902
cofrentes,39.26199,-1.09447,Valencia,1026,ADM3,6361962
cogeces de iscar,41.41425,-4.5442,Valladolid,159,ADM3,6362181
cogeces del monte,41.54245,-4.33446,Valladolid,813,ADM3,6362182
cogollor,40.84506,-2.73748,Guadalajara,32,ADM3,6357878
cogollos,42.2008,-3.70066,Burgos,498,ADM3,6356415
cogollos de guadix,37.22449,-3.17844,Granada,718,ADM3,6357681
cogollos de la vega,37.29957,-3.55988,Granada,1983,ADM3,6357682
cogolludo,40.93721,-3.11527,Guadalajara,656,ADM3,6357879
coin,36.6745,-4.76611,Malaga,21791,ADM3,6359447
coiros,43.25412,-8.15188,Coruna,1765,ADM3,6357297
colera,42.40467,3.15557,Girona,574,ADM3,6534046
coles,42.41006,-7.83961,Ourense,3216,ADM3,6359844
"colilla, la",40.64409,-4.75503,Avila,344,ADM3,6355669
colindres,43.38639,-3.43533,Cantabria,8140,ADM3,6360670
coll de nargo,42.17269,1.31544,Lleida,595,ADM3,6358831
collado,40.05729,-5.72052,Caceres,0,PPLA3,3124810
collado de contreras,40.88322,-4.92872,Avila,224,ADM3,6355670
collado de la vera,40.0359,-5.68148,Caceres,164,ADM3,6356762
collado del miron,40.55292,-5.36141,Avila,44,ADM3,6355671
collado hermoso,41.02191,-3.90678,Segovia,157,ADM3,6360799
collado mediano,40.69385,-4.03244,Madrid,6781,ADM3,6359272
collado villalba,40.64297,-3.99052,Madrid,63074,ADM3,6359273
collazos de boedo,42.63809,-4.48895,Palencia,127,ADM3,6360027
collbato,41.57376,1.82758,Barcelona,4287,ADM3,6356101
colldejou,41.09902,0.88457,Tarragona,177,ADM3,6361288
collsuspina,41.82493,2.17306,Barcelona,347,ADM3,6356102
colmenar,36.9136,-4.32117,Malaga,3624,ADM3,6359448
colmenar de montemayor,40.4108,-5.95781,Salamanca,200,ADM3,6360354
colmenar de oreja,40.07357,-3.45799,Madrid,8432,ADM3,6359269
colmenar del arroyo,40.39627,-4.17659,Madrid,1565,ADM3,6359268
colmenar viejo,40.64027,-3.73151,Madrid,46321,ADM3,6359271
colmenarejo,40.53025,-4.0161,Madrid,9124,ADM3,6359270
colomera,37.38814,-3.69468,Granada,1468,ADM3,6357683
colomers,42.0851,2.98529,Girona,205,ADM3,6534047
colunga,43.49695,-5.27522,Asturias,3614,ADM3,6359925
colungo,42.19067,0.0652,Huesca,124,ADM3,6358331
comares,36.85555,-4.26198,Malaga,1638,ADM3,6359449
comillas,43.37834,-4.30004,Cantabria,2439,ADM3,6360671
competa,36.83768,-3.97499,Malaga,3861,ADM3,6359450
conca de dalt,42.25133,0.99973,Lleida,433,ADM3,6358899
condado de castilnovo,41.25177,-3.74662,Segovia,97,ADM3,6360800
condado de trevino,42.7,-2.7,Burgos,1465,ADM3,3124696
condemios de abajo,41.21146,-3.10252,Guadalajara,25,ADM3,6357880
condemios de arriba,41.18746,-3.10077,Guadalajara,146,ADM3,6357881
conesa,41.5168,1.28158,Tarragona,113,ADM3,6361289
confrides,38.67085,-0.27639,Alicante,283,ADM3,6355433
congosto,42.61133,-6.51489,Leon,1676,ADM3,6358603
congosto de valdavia,42.70666,-4.66665,Palencia,187,ADM3,6360028
congostrina,41.04762,-2.97362,Guadalajara,37,ADM3,6357882
conil de la frontera,36.28257,-6.08746,Cadiz,21927,ADM3,6356929
conquista,38.40609,-4.48579,Cordoba,461,ADM3,6357215
conquista de la sierra,39.32814,-5.745,Caceres,207,ADM3,6356763
consell,39.66766,2.81138,Illes Balears,3861,ADM3,6533940
constanti,41.15358,1.21056,Tarragona,6888,ADM3,6361290
constantina,37.84958,-5.60296,Sevilla,6395,ADM3,6360988
constanzana,40.92994,-4.88176,Avila,125,ADM3,6355672
consuegra,39.48349,-3.72501,Toledo,10923,ADM3,6361713
contamina,41.26132,-1.92991,Zaragoza,33,ADM3,6362780
contreras,42.02804,-3.43392,Burgos,98,ADM3,6356416
coomonte,42.10991,-5.81778,Zamora,220,ADM3,6362496
copernal,40.87382,-3.05039,Guadalajara,37,ADM3,6357883
copons,41.64898,1.5134,Barcelona,324,ADM3,6356103
corbalan,40.41059,-0.97256,Teruel,117,ADM3,6361498
corbera,39.16011,-0.34471,Valencia,3304,ADM3,6361963
corbera d'ebre,41.1054,0.47241,Tarragona,1019,ADM3,6361291
corbera de llobregat,41.42612,1.9346,Barcelona,14231,ADM3,6356104
corbillos de los oteros,42.41944,-5.46428,Leon,226,ADM3,6358604
corbins,41.68639,0.67333,Lleida,1403,ADM3,6358832
corca,41.99982,3.01292,Girona,1279,ADM3,6534048
corcos,41.79368,-4.66379,Valladolid,225,ADM3,6362183
corcubion,42.9278,-9.19733,Coruna,1731,ADM3,6357298
cordoba,37.90448,-4.77768,Cordoba,328841,ADM3,6357216
cordobilla de lacara,39.14463,-6.44336,Badajoz,979,ADM3,6355903
cordovilla,40.93931,-5.41231,Salamanca,126,ADM3,6360355
cordovilla la real,42.09745,-4.23221,Palencia,127,ADM3,6360029
cordovin,42.38839,-2.80854,La Rioja,182,ADM3,6359042
corduente,40.8293,-2.02726,Guadalajara,397,ADM3,6357884
corella,42.1043,-1.79225,Navarra,8049,ADM3,6359625
corera,42.35408,-2.21456,La Rioja,279,ADM3,6359043
coreses,41.53864,-5.60881,Zamora,1142,ADM3,6362497
"corgo, o",42.93403,-7.46032,Lugo,3828,ADM3,6359175
coria,39.97836,-6.50396,Caceres,13101,ADM3,6356764
coria del rio,37.24441,-6.04203,Sevilla,29921,ADM3,6360989
coripe,36.99637,-5.39837,Sevilla,1398,ADM3,6360990
coristanco,43.17198,-8.77021,Coruna,6974,ADM3,6357299
cornago,42.06644,-2.10273,La Rioja,405,ADM3,6359044
cornella de llobregat,41.35633,2.07567,Barcelona,87458,ADM3,6356105
cornella de terri,42.08511,2.83004,Girona,2257,ADM3,6534049
cornella del terri,42.08333,2.81667,Girona,0,PPLA3,3124568
cornudella de montsant,41.26387,0.92856,Tarragona,1025,ADM3,6361292
"coronada, la",38.95182,-5.64725,Badajoz,2242,ADM3,6355904
"coronil, el",37.01432,-5.61367,Sevilla,5022,ADM3,6360991
corpa,40.42471,-3.2505,Madrid,697,ADM3,6359274
corporales,42.4217,-3.00629,La Rioja,41,ADM3,6359045
corral de almaguer,39.75447,-3.18649,Toledo,6235,ADM3,6361714
corral de ayllon,41.38998,-3.45316,Segovia,91,ADM3,6360801
corral de calatrava,38.87723,-4.12599,Ciudad Real,1150,ADM3,6357129
corral-rubio,38.81106,-1.44696,Albacete,403,ADM3,6355319
corrales,41.358,-5.72479,Zamora,1029,PPLA3,3124519
"corrales de buelna, los",43.26315,-4.08442,Cantabria,11519,ADM3,6360672
corrales de duero,41.67719,-4.05796,Valladolid,100,ADM3,6362184
corrales del vino,41.32092,-5.7243,Zamora,1088,ADM3,6362498
"corrales, los",37.11786,-5.02136,Sevilla,4090,ADM3,6360992
corte de peleas,38.73188,-6.65084,Badajoz,1334,ADM3,6355905
corteconcepcion,37.94036,-6.49212,Huelva,597,ADM3,6358200
cortegada,42.20954,-8.15015,Ourense,1277,ADM3,6359845
cortegana,37.81043,-6.98684,Huelva,4914,ADM3,6358201
cortelazor,37.94306,-6.61572,Huelva,290,ADM3,6358202
cortes,41.93946,-1.43961,Navarra,3281,ADM3,6359626
cortes de aragon,40.9822,-0.8172,Teruel,72,ADM3,6361499
cortes de arenoso,40.16015,-0.53321,Castello,352,ADM3,6357002
cortes de baza,37.67876,-2.80267,Granada,2219,ADM3,6357684
cortes de la frontera,36.56948,-5.43154,Malaga,3540,ADM3,6359451
cortes de pallas,39.24411,-0.90619,Valencia,1000,ADM3,6361964
cortes y graena,37.29632,-3.23663,Granada,1036,ADM3,6357685
"cortijos, los",39.31128,-4.03454,Ciudad Real,981,ADM3,6357130
corullon,42.56369,-6.83158,Leon,1080,ADM3,6358605
coruna del conde,41.75902,-3.39688,Burgos,125,ADM3,6356417
corvera de asturias,43.51667,-5.86667,Asturias,16216,ADM3,3124431
corvera de toranzo,43.21529,-3.94353,Cantabria,2159,ADM3,6360673
cosa,40.80402,-1.1256,Teruel,63,ADM3,6361500
coscurita,41.43996,-2.47827,Soria,103,ADM3,6361122
coslada,40.42902,-3.55159,Madrid,81860,ADM3,6359275
cospeito,43.21331,-7.52422,Lugo,5047,ADM3,6359176
costitx,39.65566,2.94794,Illes Balears,1159,ADM3,6533941
costur,40.12989,-0.15656,Castello,587,ADM3,6357003
cosuenda,41.36194,-1.31159,Zaragoza,329,ADM3,6362781
cotanes del monte,41.81246,-5.31007,Zamora,124,ADM3,6362499
cotes,39.06469,-0.58639,Valencia,388,ADM3,6361965
cotillas,38.42669,-2.49891,Albacete,157,ADM3,6355320
covaleda,41.95067,-2.87017,Soria,1850,ADM3,6361123
covarrubias,42.03684,-3.54963,Burgos,626,ADM3,6356418
covelo,42.27125,-8.34425,Pontevedra,2931,ADM3,6360215
"coves de vinroma, les",40.31747,0.09511,Castello,2009,ADM3,6357004
cox,38.14754,-0.89086,Alicante,7077,ADM3,6355434
cozar,38.66664,-3.07656,Ciudad Real,1183,ADM3,6357131
cozuelos de fuentiduena,41.39828,-4.08487,Segovia,152,ADM3,6360951
crecente,42.18607,-8.20831,Pontevedra,2367,ADM3,6360216
creixell,41.18365,1.42484,Tarragona,4261,ADM3,6361293
cremenes,42.92964,-5.12372,Leon,614,ADM3,6358606
crespia,42.19636,2.80413,Girona,266,ADM3,6534050
crespos,40.8635,-4.96848,Avila,535,ADM3,6355673
cretas,40.92752,0.20943,Teruel,570,ADM3,6361501
crevillent,38.23031,-0.81508,Alicante,28439,ADM3,6355435
cristina,38.82536,-6.10084,Badajoz,561,ADM3,6355906
cristobal,40.46813,-5.90022,Salamanca,178,ADM3,6363000
crivillen,40.90025,-0.57944,Teruel,91,ADM3,6361502
"cruilles,  monells i sant sadurni de l'heura",41.93226,2.98874,Girona,1253,ADM3,6534051
cuacos de yuste,40.072,-5.67925,Caceres,894,ADM3,6356765
cuadros,42.71737,-5.65328,Leon,2010,ADM3,6358607
cualedro,41.97764,-7.58193,Ourense,1924,ADM3,6359846
cuarte de huerva,41.59259,-0.92652,Zaragoza,15112,ADM3,6362782
"cuba, la",40.59159,-0.30058,Teruel,50,ADM3,6361503
cubas de la sagra,40.19162,-3.83419,Madrid,5332,ADM3,6359276
cubel,41.09864,-1.62142,Zaragoza,143,ADM3,6362783
cubelles,41.20668,1.66992,Barcelona,14375,ADM3,6356106
cubells,41.82698,0.95383,Lleida,358,ADM3,6358833
cubilla,41.73474,-2.94077,Soria,45,ADM3,6361124
cubillas de cerrato,41.79525,-4.46184,Palencia,69,ADM3,6360030
cubillas de los oteros,42.38061,-5.50763,Leon,154,ADM3,6358608
cubillas de rueda,42.65598,-5.15518,Leon,512,ADM3,6358609
cubillas de santa marta,41.81811,-4.60306,Valladolid,274,ADM3,6362185
cubillo,41.10782,-3.91645,Segovia,69,ADM3,6360802
"cubillo de uceda, el",40.81179,-3.40885,Guadalajara,171,ADM3,6357885
cubillo del campo,42.15777,-3.60049,Burgos,103,ADM3,6356419
cubillos,41.58468,-5.74686,Zamora,351,ADM3,6362500
cubillos del sil,42.6426,-6.56155,Leon,1852,ADM3,6358610
cubla,40.21558,-1.05957,Teruel,58,ADM3,6361504
cubo de benavente,42.13052,-6.15836,Zamora,131,ADM3,6362501
cubo de bureba,42.63824,-3.20694,Burgos,110,ADM3,6356420
"cubo de don sancho, el",40.88725,-6.30067,Salamanca,481,ADM3,6360356
cubo de la solana,41.6087,-2.471,Soria,182,ADM3,6361125
"cubo de tierra del vino, el",41.25267,-5.7134,Zamora,389,ADM3,6362502
cucalon,41.0786,-1.191,Teruel,77,ADM3,6361505
cudillero,43.56151,-6.23253,Asturias,5691,ADM3,6359926
cuelgamures,41.29915,-5.66062,Zamora,110,ADM3,6362503
cuellar,41.36792,-4.30837,Segovia,9726,ADM3,6360803
cuenca,40.07492,-2.13615,Cuenca,57032,ADM3,6357429
cuenca de campos,42.0446,-5.0536,Valladolid,227,ADM3,6362186
"cuerlas, las",40.96286,-1.56117,Zaragoza,41,ADM3,6362784
cuerva,39.66231,-4.21075,Toledo,1564,ADM3,6361715
"cuervo de sevilla, el",36.86924,-6.01245,Sevilla,8677,ADM3,6361060
"cuervo, el",40.15808,-1.35284,Teruel,88,ADM3,6361506
cueva de agreda,41.7593,-1.88381,Soria,87,ADM3,6361126
"cueva de roa, la",41.6566,-3.93958,Burgos,112,ADM3,6356421
cueva del hierro,40.5726,-2.00123,Cuenca,37,ADM3,6357430
cuevas bajas,37.23001,-4.47931,Malaga,1494,ADM3,6359452
cuevas de almuden,40.73366,-0.81453,Teruel,148,ADM3,6361507
cuevas de provanco,41.53963,-3.93553,Segovia,151,ADM3,6360954
cuevas de san clemente,42.13031,-3.5808,Burgos,56,ADM3,6356422
cuevas de san marcos,37.26072,-4.42695,Malaga,4043,ADM3,6359454
cuevas del almanzora,37.30148,-1.78345,Almeria,13296,ADM3,6355550
cuevas del becerro,36.8773,-5.03863,Malaga,1747,ADM3,6359453
cuevas del campo,37.60377,-2.89435,Granada,2014,ADM3,6357804
cuevas del valle,40.29154,-5.02589,Avila,540,ADM3,6355674
cuevas labradas,40.453,-1.00745,Teruel,126,ADM3,6361508
culla,40.30611,-0.13489,Castello,601,ADM3,6357005
cullar,37.57156,-2.52623,Granada,4630,ADM3,6357686
cullar vega,37.1598,-3.68002,Granada,7104,ADM3,6357687
cullera,39.16458,-0.24939,Valencia,22736,ADM3,6361970
culleredo,43.27671,-8.37739,Coruna,29416,ADM3,6357301
"cumbre, la",39.45942,-6.00219,Caceres,933,ADM3,6356766
cumbres de enmedio,38.086,-6.69513,Huelva,65,ADM3,6358203
cumbres de san bartolome,38.06395,-6.7916,Huelva,435,ADM3,6358204
cumbres mayores,38.04034,-6.68064,Huelva,1898,ADM3,6358205
cunit,41.19751,1.63319,Tarragona,16385,ADM3,6361294
cuntis,42.62869,-8.55599,Pontevedra,4992,ADM3,6360217
curiel de duero,41.64524,-4.09074,Valladolid,130,ADM3,6362187
curtis,43.14763,-8.04912,Coruna,4159,ADM3,6357302
cutar,36.86545,-4.22422,Malaga,668,ADM3,6359455
cuzcurrita de rio tiron,42.54332,-2.96236,La Rioja,510,ADM3,6359046
daganzo de arriba,40.56253,-3.43988,Madrid,9560,ADM3,6359279
daimiel,39.07264,-3.61347,Ciudad Real,18698,ADM3,6357133
daimus,38.97206,-0.15081,Valencia,3130,ADM3,6361978
dalias,36.85347,-2.82607,Almeria,4019,ADM3,6355553
darnius,42.36845,2.83093,Girona,532,ADM3,6534052
daroca,41.11458,-1.41436,Zaragoza,1919,ADM3,6362787
daroca de rioja,42.3714,-2.58162,La Rioja,59,ADM3,6359047
darro,37.36071,-3.27524,Granada,1460,ADM3,6357691
das,42.3641,1.8691,Girona,222,ADM3,6357602
daya nueva,38.10897,-0.76863,Alicante,1996,ADM3,6355437
daya vieja,38.10776,-0.73164,Alicante,758,ADM3,6355438
deba,43.29457,-2.35382,Gipuzkoa,5439,ADM3,6358119
degana,42.95121,-6.57007,Asturias,1182,ADM3,6359927
dehesa de montejo,42.82023,-4.51038,Palencia,139,ADM3,6360031
dehesa de romanos,42.63834,-4.44307,Palencia,40,ADM3,6360032
dehesas de guadix,37.59425,-3.0786,Granada,486,ADM3,6357692
dehesas viejas,37.47136,-3.5509,Granada,0,ADM3,11395784
deia,39.74739,2.64723,Illes Balears,747,ADM3,6533942
deifontes,37.35153,-3.60235,Granada,2580,ADM3,6357693
deleitosa,39.63343,-5.63998,Caceres,799,ADM3,6356767
deltebre,40.74987,0.7868,Tarragona,12316,ADM3,6361421
denia,38.82771,0.06777,Alicante,44455,ADM3,6355439
derio,43.30541,-2.88741,Bizkaia,5627,ADM3,3123922
descargamaria,40.3032,-6.51183,Caceres,175,ADM3,6356768
desojo,42.58913,-2.26766,Navarra,93,ADM3,6359627
destriana,42.32148,-6.09684,Leon,597,ADM3,6358612
devanos,41.91742,-1.93839,Soria,96,ADM3,6361127
deza,41.48201,-2.02108,Soria,262,ADM3,6361128
dicastillo,42.56794,-2.03535,Navarra,688,ADM3,6359628
diego del carpio,40.67223,-5.33284,Avila,175,ADM3,6355864
diezma,37.32663,-3.33988,Granada,775,ADM3,6357694
dilar,37.06105,-3.49621,Granada,1821,ADM3,6357695
dima,43.13333,-2.73333,Bizkaia,1365,ADM3,3123889
dios le guarde,40.64248,-6.31334,Salamanca,156,ADM3,6360358
dodro,42.72498,-8.70354,Coruna,2977,ADM3,6357303
dolar,37.27921,-2.86927,Granada,623,ADM3,6357696
dolores,38.13537,-0.7587,Alicante,7362,ADM3,6355440
domeno,39.70071,-0.9259,Valencia,723,ADM3,6361979
domingo garcia,41.12082,-4.3935,Segovia,41,ADM3,6360805
domingo perez,37.49591,-3.50929,Granada,0,PPLA3,2518838
domingo perez,39.98168,-4.50367,Toledo,492,ADM3,6361718
domingo perez de granada,37.49431,-3.50318,Granada,0,ADM3,11395786
don alvaro,38.85649,-6.26676,Badajoz,758,ADM3,6355908
don benito,38.98458,-5.86439,Badajoz,37048,ADM3,6355909
dona mencia,37.55777,-4.3694,Cordoba,4994,ADM3,6357217
donamaria,43.08592,-1.66198,Navarra,436,ADM3,6359629
donemiliaga / san millan,42.92552,-2.42733,Araba / Alava,719,ADM3,6355280
doneztebe-santesteban,43.13503,-1.67031,Navarra,1694,ADM3,6359768
donhierro,41.1111,-4.69699,Segovia,116,ADM3,6360806
doninos de ledesma,41.03657,-6.03753,Salamanca,83,ADM3,6360359
doninos de salamanca,40.96006,-5.75449,Salamanca,1766,ADM3,6360360
donjimeno,40.96197,-4.85036,Avila,94,ADM3,6355676
donostia-san sebastian,43.29181,-1.98851,Gipuzkoa,186409,ADM3,6358157
donvidas,41.0809,-4.80263,Avila,41,ADM3,6355677
dos aguas,39.2684,-0.79449,Valencia,496,ADM3,6361980
dos hermanas,37.25217,-5.95985,Sevilla,128794,ADM3,6360993
dos torres,38.44821,-4.88892,Cordoba,2524,ADM3,6357218
dosbarrios,39.84885,-3.49435,Toledo,2362,ADM3,6361719
dosrius,41.61161,2.43918,Barcelona,5176,ADM3,6356107
dozon,42.58787,-8.0404,Pontevedra,1328,ADM3,6360218
driebes,40.24468,-3.04132,Guadalajara,433,ADM3,6357890
dudar,37.18775,-3.4895,Granada,350,ADM3,6357697
duenas,41.87781,-4.55494,Palencia,2802,ADM3,6360033
duesaiguees,41.16211,0.9255,Tarragona,222,ADM3,6361296
dumbria,43.00816,-9.11591,Coruna,3291,ADM3,6357304
durango,43.16071,-2.65343,Bizkaia,28618,ADM3,6362372
durcal,37.02764,-3.49625,Granada,7286,ADM3,6357698
duron,40.63453,-2.70553,Guadalajara,117,ADM3,6357891
duruelo,41.22267,-3.64252,Segovia,176,ADM3,6360807
duruelo de la sierra,41.9661,-2.92531,Soria,1297,ADM3,6361129
ea,43.37779,-2.58942,Bizkaia,886,ADM3,6362373
echarri,42.78114,-1.82816,Navarra,72,ADM3,6359631
echo,42.73844,-0.75016,Huesca,977,PPLA3,3120867
ecija,37.56697,-5.0979,Sevilla,40683,ADM3,6360994
eguees,42.81347,-1.56673,Navarra,17450,ADM3,6359634
eibar,43.18426,-2.47327,Gipuzkoa,27507,ADM3,6358120
ejea de los caballeros,42.15968,-1.15371,Zaragoza,17133,ADM3,6362788
ejeme,40.76677,-5.52152,Salamanca,151,ADM3,6360361
"ejido, el",36.72291,-2.80475,Almeria,83104,ADM3,6355617
ejulve,40.75278,-0.56223,Teruel,172,ADM3,6361509
el astillero,43.40251,-3.82751,Cantabria,17938,ADM3,6360655
el boalo,40.70105,-3.9146,Madrid,7399,ADM3,6359249
el bruc,41.61475,1.75852,Barcelona,2029,ADM3,6356061
el brull,41.81521,2.30249,Barcelona,261,ADM3,6356062
el campello,38.46546,-0.36398,Alicante,27709,ADM3,6355426
el castellar,40.38452,-0.83619,Teruel,54,ADM3,6361491
el catllar,41.17973,1.31205,Tarragona,4164,ADM3,6361286
el cogul,41.45242,0.69778,Lleida,197,ADM3,6358830
el far d'emporda,42.25054,2.99704,Girona,555,ADM3,6534006
el genoves,38.98821,-0.47729,Valencia,2865,ADM3,6361997
el lloar,41.19209,0.74406,Tarragona,116,ADM3,6361315
el masroig,41.13209,0.72617,Tarragona,565,ADM3,6361325
el mila,41.24996,1.20737,Tarragona,174,ADM3,6361326
el molar,41.1723,0.71338,Tarragona,296,ADM3,6361328
el montmell,41.33509,1.49613,Tarragona,1511,ADM3,6361332
el morell,41.20398,1.21325,Tarragona,3514,ADM3,6361337
el palau d'anglesola,41.65162,0.86775,Lleida,2185,ADM3,6358898
el papiol,41.44328,2.01406,Barcelona,4014,ADM3,6356185
el perello,40.85826,0.68802,Tarragona,3378,ADM3,6361346
el pinar,36.91271,-3.5527,Granada,1034,ADM3,6357802
el pinar de el hierro,27.69603,-18.02545,Santa Cruz de Tenerife,1854,ADM3,7577086
el pinell de brai,41.01569,0.5001,Tarragona,1124,ADM3,6361348
el pla de santa maria,41.34153,1.30467,Tarragona,2375,ADM3,6361350
el pla del penedes,41.41642,1.71965,Barcelona,1198,ADM3,6356190
el poal,41.6754,0.87979,Lleida,649,ADM3,6358905
el pont d'armentera,41.40815,1.34139,Tarragona,605,ADM3,6361355
el pont de bar,42.37354,1.62172,Lleida,184,ADM3,6358787
el pont de suert,42.4066,0.74389,Lleida,2516,ADM3,6358910
el pont de vilomara i rocafort,41.70726,1.90889,Barcelona,3775,ADM3,6356207
el port de la selva,42.33501,3.20226,Girona,1011,ADM3,6534107
el prat de llobregat,41.31781,2.09609,Barcelona,63162,ADM3,6356195
el rasillo de cameros,42.19631,-2.71358,La Rioja,145,ADM3,6359108
el rourell,41.22187,1.2191,Tarragona,385,ADM3,6361376
el soleras,41.42029,0.69893,Lleida,368,ADM3,6358936
el valle,36.92777,-3.60047,Granada,1142,ADM3,6357795
el vendrell,41.20657,1.52882,Tarragona,36647,ADM3,6361405
el vilosell,41.38645,0.95058,Lleida,197,ADM3,6358975
elantxobe,43.4028,-2.63981,Bizkaia,402,ADM3,6362376
elche,38.26905,-0.70797,Alicante,230587,ADM3,6355441
elche de la sierra,38.44268,-2.09755,Albacete,3941,ADM3,6355322
elciego,42.50293,-2.6199,Araba / Alava,1037,ADM3,6355260
elda,38.47576,-0.79645,Alicante,54536,ADM3,6355442
elduain,43.16289,-1.97469,Gipuzkoa,231,ADM3,6358121
elduayen,43.14017,-2.00102,Gipuzkoa,0,PPLA3,3123515
elexalde,43.15,-2.93333,Bizkaia,96,PPLA3,3129911
elgeta,43.15733,-2.4929,Gipuzkoa,1120,ADM3,6358123
elgoibar,43.21139,-2.4069,Gipuzkoa,11438,ADM3,6358122
elgorriaga,43.14156,-1.68687,Navarra,205,ADM3,6359635
"eliana, l'",39.56665,-0.52788,Valencia,17292,ADM3,6361981
eljas,40.22148,-6.83367,Caceres,980,ADM3,6356769
elorrio,43.12832,-2.53683,Bizkaia,7283,ADM3,6362377
els alamus,41.59726,0.78997,Lleida,751,ADM3,6358764
els garidells,41.21128,1.24023,Tarragona,202,ADM3,6361309
els guiamets,41.10885,0.74723,Tarragona,311,ADM3,6361313
els hostalets de pierola,41.53913,1.8015,Barcelona,2897,ADM3,6356189
els omellons,41.50053,0.96827,Lleida,243,ADM3,6358893
els omells de na gaia,41.50049,1.07608,Lleida,151,ADM3,6358894
els pallaresos,41.16949,1.25836,Tarragona,4387,ADM3,6361342
els plans de sio,41.73087,1.20484,Lleida,569,ADM3,6358988
els poblets,38.85799,0.01854,Alicante,3404,ADM3,6355514
els prats de rei,41.70509,1.54066,Barcelona,534,ADM3,6356196
els torms,41.39632,0.71988,Lleida,169,ADM3,6358952
elvillar/bilar,42.558,-2.5383,Araba / Alava,368,ADM3,6355261
embid,40.97236,-1.71117,Guadalajara,53,ADM3,6357892
embid de ariza,41.38439,-1.95363,Zaragoza,52,ADM3,6362789
emperador,39.55399,-0.33912,Valencia,633,ADM3,6361982
encina de san silvestre,41.01341,-6.09752,Salamanca,117,ADM3,6360363
"encina, la",40.52025,-6.53033,Salamanca,122,ADM3,6360362
encinacorba,41.28586,-1.27574,Zaragoza,189,ADM3,6362790
encinas,41.39858,-3.67913,Segovia,56,ADM3,6360808
encinas de abajo,40.91511,-5.45553,Salamanca,620,ADM3,6360364
encinas de arriba,40.77123,-5.56403,Salamanca,250,ADM3,6360365
encinas de esgueva,41.7612,-4.08317,Valladolid,290,ADM3,6362188
encinas reales,37.27939,-4.47018,Cordoba,2391,ADM3,6357219
encinasola,38.11775,-6.89929,Huelva,1481,ADM3,6358207
encinasola de los comendadores,41.01415,-6.54609,Salamanca,215,ADM3,6360366
encinedo,42.2729,-6.62024,Leon,828,ADM3,6358613
encinillas,41.02668,-4.14932,Segovia,232,ADM3,6360809
encio,42.68023,-3.13069,Burgos,51,ADM3,6356423
enciso,42.13977,-2.24938,La Rioja,167,ADM3,6359048
endrinal,40.58997,-5.81798,Salamanca,259,ADM3,6360367
eneriz,42.67095,-1.72794,Navarra,219,PPLA3,3123156
eneriz/eneritz,42.66308,-1.74387,Navarra,368,ADM3,6359637
enguera,38.98558,-0.84804,Valencia,5903,ADM3,6361983
enguidanos,39.69117,-1.61551,Cuenca,375,ADM3,6357432
enix,36.85925,-2.58586,Almeria,456,ADM3,6355554
"enova, l'",39.04665,-0.47998,Valencia,974,ADM3,6361984
entrala,41.4361,-5.76249,Zamora,169,ADM3,6362504
entrambasaguas,43.37267,-3.68523,Cantabria,4655,ADM3,6360675
entrena,42.3958,-2.51514,La Rioja,1523,ADM3,6359049
entrimo,41.94281,-8.13322,Ourense,1391,ADM3,6359848
entrin bajo,38.71614,-6.70319,Badajoz,608,ADM3,6355910
epila,41.591,-1.33241,Zaragoza,4402,ADM3,6362791
erandio,43.30732,-2.9464,Bizkaia,24326,ADM3,6362436
eratsun,43.10908,-1.80999,Navarra,160,ADM3,6359638
"ercina, la",42.7923,-5.22964,Leon,537,ADM3,6358614
ereno,43.35563,-2.60673,Bizkaia,260,ADM3,6362378
ergoiena,42.89776,-2.02335,Navarra,384,ADM3,6359639
erla,42.11152,-0.98458,Zaragoza,345,ADM3,6362792
ermua,43.18774,-2.50305,Bizkaia,16278,ADM3,6362379
errenteria,43.31253,-1.89873,Gipuzkoa,39324,ADM3,6358155
errezil,43.1752,-2.18666,Gipuzkoa,617,ADM3,6358154
erribera beitia / ribera baja,42.72319,-2.89734,Araba / Alava,1332,ADM3,6355276
errigoiti,43.332,-2.73414,Bizkaia,537,ADM3,6362420
erro,42.96967,-1.41814,Navarra,804,ADM3,6359640
erustes,39.95539,-4.49856,Toledo,245,ADM3,6361720
es bordes,42.72296,0.7052,Lleida,238,ADM3,6358813
es castell,39.87951,4.28544,Illes Balears,7962,ADM3,6533981
es mercadal,40.01455,4.10906,Illes Balears,5396,ADM3,6533958
es migjorn gran,39.93952,4.03469,Illes Balears,1539,ADM3,6533984
escacena del campo,37.5032,-6.3832,Huelva,2009,ADM3,6358208
escalante,43.43668,-3.50624,Cantabria,766,ADM3,6360676
escalona,40.15228,-4.38532,Toledo,3454,ADM3,6361721
escalona del prado,41.16526,-4.11486,Segovia,586,ADM3,6360810
escalonilla,39.92191,-4.3418,Toledo,1546,ADM3,6361722
escamilla,40.55642,-2.56381,Guadalajara,80,ADM3,6357893
escanuela,37.87769,-4.02848,Jaen,975,ADM3,6358482
escarabajosa de cabezas,41.10857,-4.17908,Segovia,336,ADM3,6360811
escariche,40.40316,-3.06659,Guadalajara,203,ADM3,6357894
escatron,41.2674,-0.28389,Zaragoza,1177,ADM3,6362793
escobar de campos,42.32263,-4.95916,Leon,52,ADM3,6358615
escobar de polendos,41.10284,-4.10863,Segovia,207,ADM3,6360812
escobosa de almazan,41.48773,-2.36862,Soria,29,ADM3,6361130
escopete,40.41581,-3.00324,Guadalajara,75,ADM3,6357895
escorca,39.82037,2.86838,Illes Balears,267,ADM3,6533943
"escorial, el",40.5742,-4.09697,Madrid,15161,ADM3,6359280
escorihuela,40.53004,-0.94614,Teruel,130,ADM3,6361510
escucha,40.77599,-0.84671,Teruel,788,ADM3,6361511
escurial,39.18802,-5.91068,Caceres,876,ADM3,6356770
escurial de la sierra,40.61563,-5.95411,Salamanca,269,ADM3,6360368
escuzar,37.05149,-3.77482,Granada,792,ADM3,6357699
esgos,42.33464,-7.70641,Ourense,1180,ADM3,6359849
esguevillas de esgueva,41.75337,-4.37514,Valladolid,288,ADM3,6362189
eskoriatza,42.99706,-2.5376,Gipuzkoa,4054,ADM3,6358124
eslava,42.57076,-1.46553,Navarra,122,ADM3,6359642
eslida,39.88457,-0.30928,Castello,928,ADM3,6357010
espadana,41.05289,-6.26584,Salamanca,42,ADM3,6360369
espadanedo,42.14366,-6.41854,Zamora,150,ADM3,6362505
espadilla,40.02647,-0.36155,Castello,116,ADM3,6357011
esparragalejo,38.95478,-6.43197,Badajoz,1526,ADM3,6355911
esparragosa de la serena,38.65836,-5.59174,Badajoz,1069,ADM3,6355912
esparragosa de lares,38.95613,-5.3551,Badajoz,1018,ADM3,6355913
esparreguera,41.54698,1.86843,Barcelona,21856,ADM3,6356108
espartinas,37.38645,-6.1269,Sevilla,14217,ADM3,6360995
esparza de salazar/espartza zaraitzu,42.86087,-1.08989,Navarra,91,ADM3,6359643
espeja,40.52522,-6.74113,Salamanca,265,ADM3,6360370
espeja de san marcelino,41.78363,-3.23546,Soria,180,ADM3,6361131
espejo,37.67341,-4.54914,Cordoba,3563,ADM3,6357220
espejon,41.85649,-3.26815,Soria,198,ADM3,6361132
espeluy,38.02196,-3.86182,Jaen,735,ADM3,6358483
espera,36.87267,-5.79435,Cadiz,3951,ADM3,6356932
espiel,38.18909,-5.01732,Cordoba,2464,ADM3,6357221
"espinar, el",40.72995,-4.2128,Segovia,9711,ADM3,6360813
espinelves,41.87676,2.42184,Girona,201,ADM3,6357603
espino de la orbada,41.11868,-5.41297,Salamanca,286,ADM3,6360371
espinosa de cerrato,41.95409,-3.95703,Palencia,194,ADM3,6360034
espinosa de cervera,41.9023,-3.47361,Burgos,98,ADM3,6356424
espinosa de henares,40.8957,-3.0466,Guadalajara,800,ADM3,6357896
espinosa de los caballeros,41.01591,-4.67837,Avila,108,ADM3,6355678
espinosa de los monteros,43.12216,-3.60415,Burgos,2007,ADM3,6356426
espinosa de villagonzalo,42.48089,-4.3667,Palencia,220,ADM3,6360035
espinosa del camino,42.40273,-3.28143,Burgos,39,ADM3,6356425
espinoso del rey,39.64306,-4.79146,Toledo,577,ADM3,6361723
espirdo,41.00173,-4.07241,Segovia,1051,ADM3,6360814
esplegares,40.86069,-2.36807,Guadalajara,44,ADM3,6357897
esplugues de llobregat,41.37674,2.08637,Barcelona,46726,ADM3,6356109
esplus,41.76793,0.29953,Huesca,676,ADM3,6358335
espolla,42.39066,2.99998,Girona,421,ADM3,6534054
esponella,42.17361,2.80403,Girona,446,ADM3,6534055
esporles,39.66908,2.57728,Illes Balears,4915,ADM3,6533944
espot,42.57243,1.04098,Lleida,352,ADM3,6358835
espronceda,42.59493,-2.29984,Navarra,128,ADM3,6359644
esquivias,40.10833,-3.75169,Toledo,5507,ADM3,6361724
estables,41.01418,-2.03596,Guadalajara,45,ADM3,6357898
estada,42.07581,0.24606,Huesca,215,ADM3,6358336
estadilla,42.04465,0.2447,Huesca,810,ADM3,6358337
estamariu,42.38129,1.53,Lleida,119,ADM3,6358839
estaras,41.70385,1.38162,Lleida,160,ADM3,6358836
estella-lizarra,42.66252,-2.02519,Navarra,14138,ADM3,6359645
estellencs,39.65272,2.48081,Illes Balears,380,ADM3,6356032
estepa,37.31116,-4.88297,Sevilla,12671,ADM3,6360996
estepa de san juan,41.93884,-2.32035,Soria,8,ADM3,6361133
estepar,42.27731,-3.89774,Burgos,705,ADM3,6356427
estepona,36.44543,-5.12739,Malaga,67101,ADM3,6359456
estercuel,40.88736,-0.62508,Teruel,198,ADM3,6361512
esteribar,42.95472,-1.53284,Navarra,2432,ADM3,6359646
esterri d'aneu,42.62183,1.11874,Lleida,900,ADM3,6358837
esterri de cardos,42.58839,1.26806,Lleida,75,ADM3,6358838
estivella,39.71877,-0.36304,Valencia,1384,ADM3,6361985
estollo,42.32072,-2.84415,La Rioja,98,ADM3,6359050
estopinan del castillo,42.01317,0.54612,Huesca,147,ADM3,6358338
"estrada, a",42.70773,-8.46022,Pontevedra,21657,ADM3,6360219
"estrella, la",39.6906,-5.07872,Toledo,305,ADM3,6361725
estremera,40.14017,-3.09374,Madrid,1236,ADM3,6359281
estriegana,41.06443,-2.53131,Guadalajara,22,ADM3,6357899
estubeny,39.01232,-0.6141,Valencia,125,ADM3,6361986
etayo,42.61353,-2.17544,Navarra,80,ADM3,6359647
etxalar,43.24348,-1.63338,Navarra,818,ADM3,6359630
etxarri-aranatz,42.93245,-2.07573,Navarra,2487,ADM3,6359632
etxauri,42.79701,-1.79854,Navarra,585,ADM3,6359633
etxebarri,43.25308,-2.88106,Bizkaia,10337,ADM3,6362374
etxebarria,43.26079,-2.47303,Bizkaia,805,ADM3,6362375
eulate,42.7663,-2.20528,Navarra,332,ADM3,6359648
ezcabarte,42.87729,-1.63533,Navarra,1707,ADM3,6359649
ezcaray,42.26325,-3.02384,La Rioja,2054,ADM3,6359051
ezcaroz/ezkaroze,42.90157,-1.06173,Navarra,336,ADM3,6359641
ezkio itsaso,43.08174,-2.2746,Gipuzkoa,625,ADM3,6325473
ezkurra,43.10996,-1.83962,Navarra,164,ADM3,6359650
ezprogui,42.59707,-1.44356,Navarra,49,ADM3,6359651
fabara,41.20178,0.16673,Zaragoza,1047,ADM3,6362794
fabero,42.77379,-6.61823,Leon,5106,ADM3,6358616
facheca,38.73988,-0.27845,Alicante,104,ADM3,6355443
fago,42.72589,-0.88627,Huesca,24,ADM3,6358339
falces,42.4235,-1.79993,Navarra,2559,ADM3,6359652
falset,41.16637,0.81742,Tarragona,2856,ADM3,6361298
famorca,38.72859,-0.23428,Alicante,59,ADM3,6355444
fanlo,42.61219,0.00666,Huesca,114,ADM3,6358340
fanzara,40.01512,-0.31311,Castello,351,ADM3,6357012
farajan,36.61245,-5.19657,Malaga,287,ADM3,6359457
faramontanos de tabara,41.86086,-5.86447,Zamora,400,ADM3,6362506
fariza,41.42254,-6.25812,Zamora,601,ADM3,6362507
farlete,41.69551,-0.52764,Zaragoza,394,ADM3,6362795
farrera,42.4805,1.30566,Lleida,140,ADM3,6358840
fasnia,28.23191,-16.44211,Santa Cruz de Tenerife,2963,ADM3,6360625
faura,39.72817,-0.25875,Valencia,3602,ADM3,6361987
favara,39.11854,-0.30005,Valencia,2456,ADM3,6361988
fayon,41.26536,0.31859,Zaragoza,430,ADM3,6362796
"fayos, los",41.87656,-1.78292,Zaragoza,133,ADM3,6362797
felanitx,39.46986,3.14655,Illes Balears,18388,ADM3,6533945
felix,36.86811,-2.70967,Almeria,662,ADM3,6355555
fene,43.46561,-8.15758,Coruna,13780,ADM3,6357305
ferez,38.3827,-1.94759,Albacete,743,ADM3,6355323
feria,38.50063,-6.54356,Badajoz,1268,ADM3,6355914
fermoselle,41.31008,-6.39613,Zamora,1450,ADM3,6362508
fernan caballero,39.12166,-3.94773,Ciudad Real,1121,ADM3,6357134
fernan-nunez,37.68836,-4.72468,Cordoba,9826,ADM3,6357222
ferreira,37.18187,-3.02164,Granada,346,ADM3,6357700
ferreras de abajo,41.90935,-6.06241,Zamora,599,ADM3,6362509
ferreras de arriba,41.9205,-6.20726,Zamora,447,ADM3,6362510
ferreries,39.99463,3.99902,Illes Balears,4670,ADM3,6533946
ferreruela,41.78961,-6.03751,Zamora,543,ADM3,6362511
ferreruela de huerva,41.05603,-1.23774,Teruel,81,ADM3,6361513
ferrol,43.50337,-8.22773,Coruna,71997,ADM3,6357306
figaro-montmany,41.72021,2.26919,Barcelona,1103,ADM3,6356163
figols,42.17441,1.78234,Barcelona,46,ADM3,6356112
figols i alinya,42.21129,1.38632,Lleida,278,ADM3,6358985
figueres,42.26432,2.96176,Girona,45262,ADM3,6534056
figuerola del camp,41.36229,1.25968,Tarragona,345,ADM3,6361302
figueroles,40.13177,-0.21337,Castello,574,ADM3,6357013
figueruela de arriba,41.8649,-6.46356,Zamora,419,ADM3,6362512
figueruelas,41.7693,-1.1842,Zaragoza,1270,ADM3,6362798
finana,37.18473,-2.85826,Almeria,2367,ADM3,6355557
fines,37.36802,-2.26719,Almeria,2260,ADM3,6355556
finestrat,38.56151,-0.19913,Alicante,6932,ADM3,6355445
firgas,28.10865,-15.55731,Las Palmas,7648,ADM3,6360178
fiscal,42.49868,-0.11913,Huesca,327,ADM3,6358341
fisterra,42.9224,-9.26653,Coruna,4990,ADM3,6357307
fitero,42.04075,-1.85475,Navarra,2212,ADM3,6359653
flaca,42.04817,2.96152,Girona,1065,ADM3,6534057
flix,41.22877,0.54794,Tarragona,3961,ADM3,6361303
flores de avila,40.94211,-5.08348,Avila,339,ADM3,6355679
florida de liebana,41.01148,-5.7637,Salamanca,291,ADM3,6360372
fogars de la selva,41.72315,2.6411,Barcelona,1529,ADM3,6533990
fogars de montclus,41.75341,2.43925,Barcelona,442,ADM3,6356113
foios,39.54519,-0.36059,Valencia,7034,ADM3,6361991
foixa,42.03865,2.99729,Girona,311,ADM3,6534058
folgoso de la ribera,42.65976,-6.33734,Leon,1226,ADM3,6358617
folgoso do courel,42.60877,-7.15925,Lugo,1160,ADM3,6359178
folgueroles,41.93766,2.31503,Barcelona,2230,ADM3,6356114
fombellida,41.74957,-4.18805,Valladolid,196,ADM3,6362190
fombuena,41.17079,-1.18965,Zaragoza,55,ADM3,6362799
fompedraza,41.51857,-4.14468,Valladolid,124,ADM3,6362191
foncea,42.61197,-3.04224,La Rioja,98,ADM3,6359052
fondarella,41.63238,0.8717,Lleida,792,ADM3,6358842
"fondo de les neus, el/hondon de las nieves",38.30756,-0.89019,Alicante,3037,ADM3,6355453
fondon,36.98187,-2.85868,Almeria,989,ADM3,6355558
fonelas,37.41695,-3.16061,Granada,1085,ADM3,6357701
fonfria,40.99011,-1.08514,Teruel,35,ADM3,6361514
fonfria,41.63341,-6.16975,Zamora,921,ADM3,6362513
fonollosa,41.7659,1.70096,Barcelona,1438,ADM3,6356115
"fonsagrada, a",43.14943,-7.07969,Lugo,4198,ADM3,6359179
"font d'en carros, la",38.91703,-0.16038,Valencia,4083,ADM3,6361992
"font de la figuera, la",38.82574,-0.89273,Valencia,2223,ADM3,6361993
font-rubi,41.42068,1.65004,Barcelona,1437,ADM3,6356116
fontanals de cerdanya,42.38162,1.92436,Girona,472,ADM3,6357604
fontanar,40.73019,-3.18255,Guadalajara,2342,ADM3,6357900
fontanarejo,39.19734,-4.55444,Ciudad Real,309,ADM3,6357135
fontanars dels alforins,38.77736,-0.78013,Valencia,1020,ADM3,6361989
fontanilles,42.01468,3.10841,Girona,156,ADM3,6534059
fontcoberta,42.13602,2.80546,Girona,1375,ADM3,6534060
fontellas,42.014,-1.56839,Navarra,955,ADM3,6359654
fontihoyuelo,42.16871,-5.05439,Valladolid,34,ADM3,6362192
fontioso,41.91883,-3.74891,Burgos,56,ADM3,6356428
fontiveros,40.923,-4.96189,Avila,828,ADM3,6355680
fontscaldes,41.33237,1.23246,Tarragona,0,PPLA3,13645464
fonz,42.01223,0.23987,Huesca,982,ADM3,6358342
fonzaleche,42.58971,-3.00067,La Rioja,159,ADM3,6359053
foradada,41.87289,1.0183,Lleida,173,ADM3,6358843
foradada del toscar,42.44031,0.35874,Huesca,163,ADM3,6358343
forallac,41.95123,3.08317,Girona,1721,ADM3,6534061
forcall,40.65993,-0.20992,Castello,522,ADM3,6357014
forcarei,42.57164,-8.32656,Pontevedra,3916,ADM3,6360220
fores,41.50108,1.23693,Tarragona,50,ADM3,6361304
forfoleda,41.11238,-5.74748,Salamanca,188,ADM3,6360373
formentera,38.71905,1.45871,Illes Balears,10757,ADM3,6356033
formentera del segura,38.09233,-0.73441,Alicante,4559,ADM3,6355446
formiche alto,40.31994,-0.87968,Teruel,156,ADM3,6361515
fornalutx,39.78173,2.7401,Illes Balears,692,ADM3,6533947
fornells de la selva,41.93096,2.81718,Girona,2449,ADM3,6534062
fornelos de montes,42.33581,-8.44545,Pontevedra,1906,ADM3,6360221
fornoles,40.89214,-0.00863,Teruel,71,ADM3,6361516
fortaleny,39.17863,-0.31432,Valencia,1035,ADM3,6361990
fortanete,40.49819,-0.53263,Teruel,195,ADM3,6361517
fortia,42.24245,3.04019,Girona,679,ADM3,6534063
fortuna,38.18484,-1.12435,Murcia,10060,ADM3,6359525
forua,43.3385,-2.67629,Bizkaia,969,ADM3,6362440
foz,43.57692,-7.32954,Lugo,9978,ADM3,6359180
foz-calanda,40.91345,-0.26919,Teruel,272,ADM3,6361518
frades,43.04238,-8.28332,Coruna,2566,ADM3,6534001
frades de la sierra,40.65848,-5.77768,Salamanca,221,ADM3,6360374
fraga,41.47828,0.19751,Huesca,15576,ADM3,6358344
"frago, el",42.28256,-0.93213,Zaragoza,134,ADM3,6362800
frailes,37.49756,-3.80893,Jaen,1723,ADM3,6358484
"franco, el",43.5451,-6.84197,Asturias,3946,ADM3,6359928
frandovinez,42.31131,-3.84108,Burgos,107,ADM3,6356429
"frasno, el",41.4113,-1.50191,Zaragoza,361,ADM3,6362801
frechilla,42.13676,-4.82662,Palencia,195,ADM3,6360036
frechilla de almazan,41.42192,-2.51611,Soria,27,ADM3,6361134
fregenal de la sierra,38.21585,-6.55239,Badajoz,5148,ADM3,6355915
"fregeneda, la",40.99823,-6.87305,Salamanca,420,ADM3,6360375
freginals,40.65206,0.52216,Tarragona,424,ADM3,6361305
freila,37.52212,-2.92597,Granada,1060,ADM3,6357702
frescano,41.87907,-1.45614,Zaragoza,194,ADM3,6362802
fresneda de altarejos,39.92595,-2.2875,Cuenca,62,ADM3,6357433
fresneda de cuellar,41.29703,-4.46181,Segovia,194,ADM3,6360815
fresneda de la sierra,40.40553,-2.11714,Cuenca,55,ADM3,6357434
fresneda de la sierra tiron,42.28232,-3.12887,Burgos,136,ADM3,6356430
"fresneda, la",40.92769,0.07307,Teruel,459,ADM3,6361519
fresnedilla,40.23897,-4.6533,Avila,112,ADM3,6355681
fresnedillas de la oliva,40.47483,-4.1788,Madrid,1592,ADM3,6359282
fresnedoso,40.43753,-5.7149,Salamanca,112,ADM3,6360376
fresnedoso de ibor,39.68932,-5.52669,Caceres,318,ADM3,6356771
fresnena,42.40581,-3.1313,Burgos,94,ADM3,6356431
fresnillo de las duenas,41.64086,-3.63297,Burgos,560,ADM3,6356432
fresno alhandiga,40.71245,-5.62414,Salamanca,275,ADM3,6360377
fresno de cantespino,41.36392,-3.49055,Segovia,261,ADM3,6360816
fresno de caracena,41.45881,-3.1031,Soria,29,ADM3,6361135
fresno de la fuente,41.40376,-3.64322,Segovia,108,ADM3,6360817
fresno de la polvorosa,42.08604,-5.76686,Zamora,163,ADM3,6362514
fresno de la ribera,41.54514,-5.56229,Zamora,395,ADM3,6362515
fresno de la vega,42.34498,-5.53377,Leon,654,ADM3,6358618
fresno de rio tiron,42.46425,-3.18579,Burgos,185,ADM3,6356433
fresno de rodilla,42.42004,-3.48404,Burgos,46,ADM3,6356434
fresno de sayago,41.31781,-5.98003,Zamora,228,ADM3,6362516
fresno de torote,40.60458,-3.40403,Madrid,2089,ADM3,6359283
fresno del rio,42.68606,-4.844,Palencia,196,ADM3,6360037
fresno el viejo,41.18041,-5.16445,Valladolid,990,ADM3,6362193
"fresno, el",40.62398,-4.74942,Avila,579,ADM3,6355682
frias,42.75144,-3.28164,Burgos,277,ADM3,6356435
frias de albarracin,40.33532,-1.61455,Teruel,151,ADM3,6361520
friera de valverde,41.90227,-5.86465,Zamora,215,ADM3,6362517
frigiliana,36.81027,-3.88684,Malaga,3360,ADM3,6359458
friol,43.02434,-7.80793,Lugo,4137,ADM3,6359181
fromista,42.2698,-4.41104,Palencia,846,ADM3,6360038
frontera,27.72975,-18.0532,Santa Cruz de Tenerife,4104,ADM3,6534185
fruiz,43.32646,-2.79037,Bizkaia,537,ADM3,6362380
frumales,41.37472,-4.18781,Segovia,155,ADM3,6360818
fuembellida,40.74194,-2.03862,Guadalajara,14,ADM3,6357901
fuencaliente,38.40518,-4.29497,Ciudad Real,1111,ADM3,6357136
fuencaliente de la palma,28.49329,-17.85013,Santa Cruz de Tenerife,1840,ADM3,6534186
fuencemillan,40.92014,-3.09255,Guadalajara,136,ADM3,6357902
fuendejalon,41.73293,-1.45526,Zaragoza,763,ADM3,6362803
fuendetodos,41.36015,-0.91885,Zaragoza,145,ADM3,6362804
fuenferrada,40.86612,-1.01271,Teruel,35,ADM3,6361521
fuengirola,36.55815,-4.61475,Malaga,75953,ADM3,6359459
fuenlabrada,40.28854,-3.7973,Madrid,193586,ADM3,6359284
fuenlabrada de los montes,39.12211,-4.89463,Badajoz,1961,ADM3,6355916
fuenllana,38.76016,-2.97073,Ciudad Real,279,ADM3,6357137
fuenmayor,42.47483,-2.5842,La Rioja,3195,ADM3,6359054
fuensaldana,41.71309,-4.74584,Valladolid,1435,ADM3,6362194
fuensalida,40.06396,-4.18003,Toledo,11278,ADM3,6361726
fuensanta,39.2414,-2.06734,Albacete,368,ADM3,6355324
fuensanta de martos,37.61875,-3.91541,Jaen,3254,ADM3,6358485
fuente alamo de murcia,37.74904,-1.17411,Murcia,16175,ADM3,6359526
fuente de cantos,38.22747,-6.26554,Badajoz,4944,ADM3,6355917
fuente de pedro naharro,39.93171,-3.04708,Cuenca,1349,ADM3,6357436
fuente de piedra,37.1259,-4.75107,Malaga,2758,ADM3,6359460
"fuente de san esteban, la",40.80722,-6.18058,Salamanca,1425,ADM3,6360378
fuente de santa cruz,41.21298,-4.62357,Segovia,137,ADM3,6360819
fuente del arco,38.10911,-5.9477,Badajoz,745,ADM3,6355918
fuente del maestre,38.55433,-6.4539,Badajoz,6943,ADM3,6355919
fuente el fresno,39.25044,-3.85437,Ciudad Real,3627,ADM3,6357138
fuente el olmo de fuentiduena,41.40198,-3.98607,Segovia,200,ADM3,6360820
fuente el olmo de iscar,41.28819,-4.49166,Segovia,79,ADM3,6360821
fuente el sauz,40.97387,-4.89958,Avila,192,ADM3,6355683
fuente el saz de jarama,40.63868,-3.52123,Madrid,6379,ADM3,6359285
fuente el sol,41.17215,-4.93273,Valladolid,207,ADM3,6362195
fuente encalada,42.12318,-6.00032,Zamora,115,ADM3,6362518
fuente la lancha,38.42097,-5.04403,Cordoba,369,ADM3,6357223
fuente la reina,40.06101,-0.60842,Castello,57,ADM3,6357015
fuente obejuna,38.26232,-5.45186,Cordoba,5129,ADM3,6357224
fuente palmera,37.70333,-5.08316,Cordoba,11076,ADM3,6357225
fuente vaqueros,37.21978,-3.78108,Granada,4229,ADM3,6357703
fuente-alamo,38.69692,-1.433,Albacete,2649,ADM3,6355325
fuente-alamo de murcia,37.72389,-1.16972,Murcia,9500,PPLA3,2517574
fuente-olmedo,41.24977,-4.64096,Valladolid,44,ADM3,6362196
fuente-tojar,37.52272,-4.12203,Cordoba,746,ADM3,6357226
fuentealbilla,39.2329,-1.58619,Albacete,2013,ADM3,6355326
fuentearmegil,41.71546,-3.18863,Soria,219,ADM3,6361136
fuentebureba,42.63309,-3.23383,Burgos,43,ADM3,6356436
fuentecambron,41.49031,-3.33711,Soria,44,ADM3,6361137
fuentecantos,41.84425,-2.4323,Soria,61,ADM3,6361138
fuentecen,41.63323,-3.86689,Burgos,237,ADM3,6356437
fuenteguinaldo,40.42017,-6.67417,Salamanca,728,ADM3,6360379
fuenteheridos,37.91038,-6.66335,Huelva,559,ADM3,6358209
fuentelahiguera de albatages,40.77334,-3.30851,Guadalajara,129,ADM3,6357903
fuentelapena,41.24791,-5.38855,Zamora,814,ADM3,6362519
fuentelcesped,41.60319,-3.63772,Burgos,225,ADM3,6356438
fuentelencina,40.50822,-2.8735,Guadalajara,326,ADM3,6357904
fuentelespino de haro,39.68843,-2.63532,Cuenca,272,ADM3,6357437
fuentelespino de moya,39.93519,-1.46692,Cuenca,137,ADM3,6357438
fuenteliante,40.83534,-6.56752,Salamanca,117,ADM3,6360380
fuentelisendo,41.62146,-3.90361,Burgos,107,ADM3,6356439
fuentelmonge,41.41468,-2.18048,Soria,80,ADM3,6361139
fuentelsaz,41.05622,-1.81754,Guadalajara,109,ADM3,6357905
fuentelsaz de soria,41.86896,-2.42579,Soria,58,ADM3,6361140
fuentelviejo,40.52019,-2.98829,Guadalajara,48,ADM3,6357906
fuentemolinos,41.60843,-3.85286,Burgos,106,ADM3,6356440
fuentenava de jabaga,40.11965,-2.29674,Cuenca,581,ADM3,6357589
fuentenebro,41.5142,-3.75003,Burgos,152,ADM3,6356441
fuentenovilla,40.37632,-3.10175,Guadalajara,634,ADM3,6357907
fuentepelayo,41.22841,-4.17095,Segovia,984,ADM3,6360822
fuentepinel,41.40787,-4.03662,Segovia,117,ADM3,6360823
fuentepinilla,41.55345,-2.74577,Soria,103,ADM3,6361141
fuenterrabia,43.36859,-1.79622,Gipuzkoa,16458,PPLA3,3121881
fuenterrebollo,41.3154,-3.93917,Segovia,370,ADM3,6360824
fuenterroble de salvatierra,40.5517,-5.73817,Salamanca,255,ADM3,6360381
fuenterrobles,39.58607,-1.36613,Valencia,719,ADM3,6361994
fuentes,39.94034,-2.0134,Cuenca,492,ADM3,6357439
fuentes calientes,40.69013,-0.97546,Teruel,89,ADM3,6361522
fuentes claras,40.86426,-1.32551,Teruel,428,ADM3,6361523
fuentes de andalucia,37.52684,-5.33272,Sevilla,7315,ADM3,6360997
fuentes de ano,41.02512,-4.91127,Avila,135,ADM3,6355684
fuentes de ayodar,40.01935,-0.42518,Castello,149,ADM3,6357016
fuentes de bejar,40.51105,-5.69521,Salamanca,256,ADM3,6360382
fuentes de carbajal,42.18181,-5.4545,Leon,115,ADM3,6358619
fuentes de ebro,41.49251,-0.62886,Zaragoza,4850,ADM3,6362805
fuentes de jiloca,41.22324,-1.54825,Zaragoza,209,ADM3,6362806
fuentes de leon,38.06459,-6.52004,Badajoz,2468,ADM3,6355920
fuentes de magana,41.9295,-2.20067,Soria,94,ADM3,6361142
fuentes de nava,42.09216,-4.76499,Palencia,731,ADM3,6360039
fuentes de onoro,40.57488,-6.78247,Salamanca,1380,ADM3,6360383
fuentes de ropel,42.0233,-5.56885,Zamora,478,ADM3,6362521
fuentes de rubielos,40.16596,-0.59947,Teruel,148,ADM3,6361524
fuentes de valdepero,42.06154,-4.48822,Palencia,347,ADM3,6360040
fuentesauco,41.242,-5.50375,Zamora,1918,ADM3,6362520
fuentesauco de fuentiduena,41.42965,-4.06135,Segovia,278,ADM3,6360825
fuentesecas,41.62873,-5.47931,Zamora,72,ADM3,6362522
fuentesoto,41.45119,-3.90666,Segovia,145,ADM3,6360826
fuentespalda,40.82055,0.06766,Teruel,305,ADM3,6361525
fuentespina,41.62968,-3.68126,Burgos,757,ADM3,6356442
fuentespreadas,41.33111,-5.62888,Zamora,336,ADM3,6362523
fuentestrun,41.86898,-2.08051,Soria,57,ADM3,6361143
fuentiduena,41.33239,-4.03072,Segovia,109,ADM3,6360827
fuentiduena de tajo,40.11364,-3.16454,Madrid,2077,ADM3,6359286
fuerte del rey,37.90996,-3.90649,Jaen,1402,ADM3,6358486
fuertescusa,40.45743,-2.14394,Cuenca,82,ADM3,6357440
"fueva, la",42.37389,0.26747,Huesca,597,ADM3,6358345
fulleda,41.45775,1.03804,Lleida,84,ADM3,6358845
funes,42.29147,-1.7912,Navarra,2525,ADM3,6359655
fustinana,42.02173,-1.45476,Navarra,2578,ADM3,6359656
gabaldon,39.64462,-1.96159,Cuenca,207,ADM3,6357441
gabiria,43.05643,-2.28758,Gipuzkoa,488,ADM3,6358127
gador,36.96104,-2.51221,Almeria,3241,ADM3,6355559
gaia,41.92513,1.91049,Barcelona,167,ADM3,6356120
gaianes,38.81408,-0.40729,Alicante,445,ADM3,6355448
gaibiel,39.93342,-0.50659,Castello,195,ADM3,6357017
gaintza,43.0557,-2.12614,Gipuzkoa,121,ADM3,6358126
gainza,43.05271,-2.1329,Gipuzkoa,0,PPLA3,3121774
gajanejos,40.83984,-2.88527,Guadalajara,53,ADM3,6357908
gajates,40.79136,-5.36857,Salamanca,172,ADM3,6360384
galapagar,40.55947,-3.97669,Madrid,33379,ADM3,6359287
galapagos,40.70861,-3.3476,Guadalajara,2246,ADM3,6357909
galar,42.75651,-1.66834,Navarra,1865,ADM3,6359657
galaroza,37.92824,-6.68219,Huelva,1587,ADM3,6358210
galbarros,42.52311,-3.44522,Burgos,30,ADM3,6356443
galbarruli,42.6209,-2.95722,La Rioja,62,ADM3,6359055
galdakao,43.22713,-2.84529,Bizkaia,29130,ADM3,6362381
galdames,43.26868,-3.1065,Bizkaia,843,ADM3,6362382
galdar,28.15132,-15.65088,Las Palmas,24319,ADM3,6360179
galende,42.11925,-6.70304,Zamora,1361,ADM3,6362524
galera,37.70639,-2.57569,Granada,1243,ADM3,6357704
galilea,42.36162,-2.22672,La Rioja,381,ADM3,6359056
galindo y perahuy,40.94385,-5.83367,Salamanca,733,ADM3,6360385
galinduste,40.66475,-5.5273,Salamanca,470,ADM3,6360386
galisancho,40.72287,-5.54299,Salamanca,428,ADM3,6360387
galisteo,39.99392,-6.28272,Caceres,1046,ADM3,6356772
"gallardos, los",37.14843,-1.95826,Almeria,3831,ADM3,6355560
"gallega, la",41.88856,-3.26187,Burgos,65,ADM3,6356444
gallegos,41.06883,-3.77468,Segovia,94,ADM3,6360828
gallegos de altamiros,40.70682,-4.90814,Avila,60,ADM3,6355685
gallegos de arganan,40.62378,-6.69226,Salamanca,312,ADM3,6360388
gallegos de hornija,41.60891,-5.08753,Valladolid,147,ADM3,6362197
gallegos de sobrinos,40.70194,-5.14117,Avila,72,ADM3,6355686
gallegos de solmiron,40.53404,-5.46495,Salamanca,143,ADM3,6360389
gallegos del pan,41.60061,-5.58023,Zamora,136,ADM3,6362525
gallegos del rio,41.73537,-6.17481,Zamora,601,ADM3,6362526
gallifa,41.69269,2.11421,Barcelona,200,ADM3,6356117
gallinero de cameros,42.17479,-2.61193,La Rioja,25,ADM3,6359057
gallipienzo,42.5245,-1.41115,Navarra,155,PPLA3,3121687
gallipienzo/galipentzu,42.50382,-1.41392,Navarra,115,ADM3,6359658
gallocanta,40.99398,-1.52489,Zaragoza,133,ADM3,6362807
gallues/galoze,42.79335,-1.09566,Navarra,106,ADM3,6359659
gallur,41.86721,-1.31534,Zaragoza,2603,ADM3,6362808
galve,40.64771,-0.87617,Teruel,149,ADM3,6361526
galve de sorbe,41.21038,-3.20828,Guadalajara,121,ADM3,6357910
galvez,39.72573,-4.28401,Toledo,3355,ADM3,6361727
gamiz-fika,43.31624,-2.81195,Bizkaia,1349,ADM3,6362383
gamones,41.46714,-6.17711,Zamora,96,ADM3,6362527
gandesa,41.0481,0.4326,Tarragona,3162,ADM3,6361307
gandia,38.98585,-0.19627,Valencia,79010,ADM3,6361996
garaballa,39.80028,-1.39412,Cuenca,96,ADM3,6357442
garachico,28.36051,-16.76117,Santa Cruz de Tenerife,5090,ADM3,6360626
garafia,28.81521,-17.91858,Santa Cruz de Tenerife,1654,ADM3,6534187
garai,43.19746,-2.61799,Bizkaia,342,ADM3,6362384
garaioa,42.92105,-1.24231,Navarra,104,ADM3,6359660
garape,43.26667,-3.16667,Bizkaia,2604,ADM3,3108691
garbayuela,39.05735,-5.00763,Badajoz,559,ADM3,6355921
garcia,41.14151,0.65274,Tarragona,543,ADM3,6361308
garciaz,39.4487,-5.60754,Caceres,817,ADM3,6356773
garcibuey,40.50485,-5.97026,Salamanca,192,ADM3,6360390
garcihernandez,40.86346,-5.43159,Salamanca,516,ADM3,6360391
garcillan,40.99377,-4.26558,Segovia,488,ADM3,6360829
garciotum,40.11735,-4.6361,Toledo,182,ADM3,6361728
garcirrey,40.88471,-6.14253,Salamanca,78,ADM3,6360392
garde,42.78023,-0.8896,Navarra,169,ADM3,6359661
gargallo,40.83152,-0.58883,Teruel,88,ADM3,6361527
garganta de los montes,40.92778,-3.689,Madrid,396,ADM3,6359288
garganta del villar,40.45287,-5.11771,Avila,43,ADM3,6355687
garganta la olla,40.11966,-5.77609,Caceres,1009,ADM3,6356775
"garganta, la",40.32061,-5.8163,Caceres,477,ADM3,6356774
gargantilla,40.235,-5.90204,Caceres,426,ADM3,6356776
gargantilla del lozoya y pinilla de buitrago,40.96481,-3.69683,Madrid,369,ADM3,6359289
gargueera,40.0223,-5.92884,Caceres,119,ADM3,6356777
garguera,40.0613,-5.92781,Caceres,160,PPLA3,3121575
garinoain,42.59596,-1.66553,Navarra,531,ADM3,6359662
garlitos,38.89708,-4.99138,Badajoz,634,ADM3,6355922
garrafe de torio,42.73715,-5.51292,Leon,1374,ADM3,6358620
garralda,42.95648,-1.30283,Navarra,189,ADM3,6359663
garray,41.83744,-2.49639,Soria,629,ADM3,6361144
garrigas,42.19306,2.95333,Girona,382,ADM3,6534064
garrigoles,42.10476,3.02461,Girona,167,ADM3,6534065
garriguella,42.34177,3.06514,Girona,874,ADM3,6534066
"garrobo, el",37.62777,-6.16385,Sevilla,777,ADM3,6360998
"garrovilla, la",38.93739,-6.48919,Badajoz,2513,ADM3,6355923
garrovillas de alconetar,39.69489,-6.50453,Caceres,2246,ADM3,6356778
garrucha,37.18743,-1.83493,Almeria,8748,ADM3,6355561
garvin,39.71419,-5.35519,Caceres,110,ADM3,6356779
gascones,41.02898,-3.66149,Madrid,188,ADM3,6359290
gascuena,40.30237,-2.52483,Cuenca,214,ADM3,6357443
gascuena de bornova,41.14285,-3.00294,Guadalajara,62,ADM3,6357911
gasteiz / vitoria,42.84998,-2.67268,Araba / Alava,257407,PPLA,3104499
"gastor, el",36.84311,-5.35137,Cadiz,1858,ADM3,6356933
gata,40.19957,-6.62891,Caceres,1639,ADM3,6356780
gata de gorgos,38.77579,0.08111,Alicante,6327,ADM3,6355447
gatika,43.36035,-2.88193,Bizkaia,1623,ADM3,6362385
gaton de campos,42.04406,-4.97958,Valladolid,38,ADM3,6362198
gatova,39.7621,-0.51979,Valencia,429,ADM3,6362128
gaucin,36.51313,-5.34364,Malaga,1727,ADM3,6359461
gautegiz arteaga,43.36476,-2.66014,Bizkaia,910,ADM3,6362386
gava,41.30138,1.98461,Barcelona,46488,ADM3,6356119
gavarda,39.08533,-0.55086,Valencia,1123,ADM3,6361995
gavet de la conca,42.07874,0.97131,Lleida,306,ADM3,6358846
gavilanes,40.26222,-4.85843,Avila,651,ADM3,6355688
gaztelu,43.10853,-2.02207,Gipuzkoa,168,ADM3,6358176
gea de albarracin,40.39881,-1.34881,Teruel,405,ADM3,6361528
gejuelo del barro,41.06669,-6.10135,Salamanca,46,ADM3,6360393
geldo,39.83756,-0.46495,Castello,687,ADM3,6357018
gelida,41.44038,1.86212,Barcelona,7102,ADM3,6356121
gelsa,41.42871,-0.3937,Zaragoza,986,ADM3,6362809
gelves,37.33144,-6.02436,Sevilla,9506,ADM3,6360999
gema,41.40328,-5.6265,Zamora,238,ADM3,6362528
gemuno,40.58982,-4.77405,Avila,164,ADM3,6355689
genalguacil,36.52631,-5.23224,Malaga,522,ADM3,6359462
genave,38.44318,-2.75278,Jaen,646,ADM3,6358487
genevilla,42.64789,-2.39457,Navarra,80,ADM3,6359664
genoves,38.98915,-0.46992,Valencia,2567,PPLA3,2517252
ger,42.43785,1.82485,Girona,481,ADM3,6357605
gerena,37.55606,-6.16213,Sevilla,7187,ADM3,6361000
gergal,37.13197,-2.54244,Almeria,1086,ADM3,6355562
geria,41.57851,-4.88559,Valladolid,508,ADM3,6362199
gerindote,39.94532,-4.275,Toledo,2425,ADM3,6361729
gernika-lumo,43.30936,-2.68128,Bizkaia,16812,ADM3,6362390
gestalgar,39.58193,-0.84997,Valencia,737,ADM3,6361998
getafe,40.29463,-3.65978,Madrid,180747,ADM3,6359291
getaria,43.30001,-2.20685,Gipuzkoa,2679,ADM3,6358128
getxo,43.35553,-3.01569,Bizkaia,80026,ADM3,6362388
gibraleon,37.38986,-7.00326,Huelva,12590,ADM3,6358211
gijon,43.53573,-5.66152,Asturias,271780,PPLA3,3121424
gijon/xixon,43.52931,-5.67732,Asturias,277733,ADM3,6359929
gil garcia,40.27329,-5.5869,Avila,40,ADM3,6355691
gilbuena,40.42206,-5.59201,Avila,88,ADM3,6355690
gilena,37.23513,-4.92567,Sevilla,3919,ADM3,6361001
gilet,39.6747,-0.3281,Valencia,3328,ADM3,6361999
gimenells i el pla de la font,41.65947,0.38722,Lleida,1170,ADM3,6358989
gimialcon,40.86915,-5.12704,Avila,94,ADM3,6355692
gimileo,42.55351,-2.81833,La Rioja,163,ADM3,6359058
gines,37.38705,-6.0777,Sevilla,13302,ADM3,6361002
ginestar,41.02688,0.63303,Tarragona,794,ADM3,6361310
"gineta, la",39.13807,-1.99701,Albacete,2582,ADM3,6355327
girona,41.98246,2.83081,Girona,97198,ADM3,6534067
gironella,42.02272,1.88597,Barcelona,5063,ADM3,6356122
gisclareny,42.26092,1.79821,Barcelona,31,ADM3,6356123
gistain,42.67061,0.36957,Huesca,114,ADM3,6358346
gizaburuaga,43.32711,-2.53928,Bizkaia,204,ADM3,6362391
gobernador,37.47899,-3.29645,Granada,322,ADM3,6357705
godall,40.67163,0.46288,Tarragona,812,ADM3,6361311
godella,39.53492,-0.41874,Valencia,13217,ADM3,6362000
godelleta,39.43163,-0.68752,Valencia,3371,ADM3,6362001
godojos,41.26406,-1.87327,Zaragoza,54,ADM3,6362810
goizueta,43.19486,-1.84923,Navarra,758,ADM3,6359665
gojar,37.09597,-3.58655,Granada,5340,ADM3,6357706
golmayo,41.72254,-2.64966,Soria,2219,ADM3,6361145
golmes,41.62458,0.924,Lleida,1864,ADM3,6358847
golosalvo,39.23738,-1.63451,Albacete,118,ADM3,6355328
golpejas,41.00251,-5.91075,Salamanca,155,ADM3,6360394
gomara,41.59067,-2.22196,Soria,377,ADM3,6361146
gombren,42.25075,2.05926,Girona,209,ADM3,6357606
gomecello,41.03682,-5.53698,Salamanca,510,ADM3,6360395
gomesende,42.2071,-8.09562,Ourense,914,ADM3,6359851
gomezserracin,41.292,-4.28996,Segovia,721,ADM3,6360830
gondomar,42.10744,-8.76228,Pontevedra,13954,ADM3,6360223
goni,42.83392,-1.88796,Navarra,189,ADM3,6359666
gor,37.36552,-2.92004,Granada,877,ADM3,6357707
gorafe,37.53116,-3.03363,Granada,461,ADM3,6357708
gordaliza del pino,42.33232,-5.13854,Leon,283,ADM3,6358621
gordexola,43.18333,-3.06667,Bizkaia,1733,ADM3,3121294
"gordo, el",39.8372,-5.40432,Caceres,395,ADM3,6356781
gordoncillo,42.13309,-5.40354,Leon,494,ADM3,6358622
gorga,38.72433,-0.37613,Alicante,261,ADM3,6355449
gorliz,43.42255,-2.93972,Bizkaia,5532,ADM3,6362387
gormaz,41.51076,-3.01404,Soria,26,ADM3,6361147
gosol,42.20374,1.68054,Lleida,221,ADM3,6358848
gotarrendura,40.82791,-4.7318,Avila,163,ADM3,6355693
gotor,41.55115,-1.65545,Zaragoza,306,ADM3,6362811
gozon,43.62201,-5.83855,Asturias,10763,ADM3,6359930
gradefes,42.65371,-5.28208,Leon,1074,ADM3,6358623
grado,43.3134,-6.09978,Asturias,10746,ADM3,6359931
"grado, el",42.12264,0.20124,Huesca,383,ADM3,6358347
graja de campalbo,39.89585,-1.2661,Cuenca,107,ADM3,6357444
graja de iniesta,39.51587,-1.6739,Cuenca,420,ADM3,6357445
grajal de campos,42.31924,-5.01695,Leon,238,ADM3,6358624
grajera,41.37336,-3.61024,Segovia,256,ADM3,6360831
granada,37.18863,-3.59078,Granada,239017,ADM3,6357709
"granada de rio-tinto, la",37.77313,-6.51271,Huelva,239,ADM3,6358212
granadilla de abona,28.10211,-16.55765,Santa Cruz de Tenerife,42545,ADM3,6360627
"granado, el",37.51659,-7.42993,Huelva,570,ADM3,6358213
granatula de calatrava,38.75958,-3.6956,Ciudad Real,865,ADM3,6357139
grandas de salime,43.20576,-6.89817,Asturias,1001,ADM3,6359932
grandes y san martin,40.76423,-4.96053,Avila,30,ADM3,6355694
granen,41.9316,-0.3405,Huesca,1990,ADM3,6358348
granera,41.72704,2.06766,Barcelona,84,ADM3,6356125
"granja de la costera, la",38.99183,-0.55698,Valencia,387,ADM3,6362002
granja de moreruela,41.82049,-5.75077,Zamora,302,ADM3,6362529
granja de rocamora,38.15559,-0.87106,Alicante,2461,ADM3,6355450
granja de torrehermosa,38.31665,-5.56741,Badajoz,2269,ADM3,6355924
"granja, la",40.23854,-5.99386,Caceres,361,ADM3,6356782
"granjuela, la",38.36135,-5.33934,Cordoba,510,ADM3,6357227
granollers,41.60748,2.28481,Barcelona,59954,ADM3,6356126
granon,42.43845,-3.02002,La Rioja,293,ADM3,6359059
granucillo,42.04843,-5.91599,Zamora,169,ADM3,6362530
granyanella,41.6559,1.21482,Lleida,140,ADM3,6358851
granyena de les garrigues,41.43631,0.65308,Lleida,175,ADM3,6358853
granyena de segarra,41.61993,1.21767,Lleida,136,ADM3,6358852
gratallops,41.18949,0.76982,Tarragona,229,ADM3,6361312
graus,42.19825,0.3746,Huesca,3400,ADM3,6358349
gravalos,42.11389,-1.9858,La Rioja,229,ADM3,6359060
grazalema,36.76869,-5.39333,Cadiz,2181,ADM3,6356934
griegos,40.44202,-1.71699,Teruel,154,ADM3,6361530
grijalba,42.43113,-4.12673,Burgos,120,ADM3,6356445
grijota,42.0481,-4.58844,Palencia,1932,ADM3,6360041
grinon,40.2216,-3.84203,Madrid,10173,ADM3,6359292
grisalena,42.59549,-3.26434,Burgos,39,ADM3,6356446
grisel,41.87097,-1.71745,Zaragoza,67,ADM3,6362812
grisen,41.74459,-1.15955,Zaragoza,597,ADM3,6362813
guadahortuna,37.52315,-3.376,Granada,1963,ADM3,6357710
guadalajara,40.64362,-3.17188,Guadalajara,84803,ADM3,6357912
guadalaviar,40.4065,-1.74385,Teruel,236,ADM3,6361531
guadalcanal,38.09859,-5.82036,Sevilla,2897,ADM3,6361003
guadalcazar,37.75552,-4.94865,Cordoba,1617,ADM3,6357228
guadalix de la sierra,40.77089,-3.6776,Madrid,6100,ADM3,6359293
guadalmez,38.72518,-4.95583,Ciudad Real,906,ADM3,6357140
guadalupe,39.44846,-5.31556,Caceres,1999,ADM3,6356783
guadamur,39.82389,-4.1474,Toledo,1847,ADM3,6361730
guadarrama,40.68174,-4.09095,Madrid,15534,ADM3,6359294
guadasequies,38.92539,-0.48585,Valencia,385,PPLA3,2516945
guadassequies,38.92876,-0.49256,Valencia,447,ADM3,6362003
guadassuar,39.17819,-0.51758,Valencia,6115,ADM3,6362004
guadiana del caudillo,38.92863,-6.69127,Badajoz,2524,ADM3,8630119
guadix,37.3955,-3.09781,Granada,18920,ADM3,6357711
guadramiro,41.00775,-6.50295,Salamanca,165,ADM3,6360396
"guajares, los",36.85767,-3.6056,Granada,1170,ADM3,6357798
gualba,41.74175,2.50395,Barcelona,1359,ADM3,6356127
gualchos,36.74361,-3.38963,Granada,4805,ADM3,6357712
gualta,42.0243,3.11784,Girona,362,ADM3,6534068
guardamar de la safor,38.96385,-0.14553,Valencia,497,ADM3,6362005
guardamar del segura,38.07861,-0.65357,Alicante,17138,ADM3,6355452
"guardia de jaen, la",37.75552,-3.70342,Jaen,4551,ADM3,6358488
"guardia, la",39.7852,-3.43899,Toledo,2317,ADM3,6361731
guardiola de bergueda,42.2624,1.88286,Barcelona,998,ADM3,6356129
guardo,42.78467,-4.83561,Palencia,7027,ADM3,6360042
guarena,38.89194,-6.13519,Badajoz,7289,ADM3,6355925
guaro,36.67405,-4.83731,Malaga,2289,ADM3,6359463
guarrate,41.30479,-5.49003,Zamora,369,ADM3,6362531
guarroman,38.18438,-3.6583,Jaen,2936,ADM3,6358489
guaza de campos,42.12802,-4.89559,Palencia,68,ADM3,6360043
gudar,40.43232,-0.69119,Teruel,73,ADM3,6361532
"gudina, a",42.03465,-7.1869,Ourense,1506,ADM3,6359852
gueejar sierra,37.14279,-3.35559,Granada,3007,ADM3,6357713
gueenes,43.22031,-3.05073,Bizkaia,6483,ADM3,6362389
gueesa/gorza,42.82261,-1.06524,Navarra,51,ADM3,6359667
gueevejar,37.25731,-3.60004,Granada,2565,ADM3,6357714
gueimar,28.27371,-16.40829,Santa Cruz de Tenerife,18445,ADM3,6360630
guesalaz/gesalatz,42.76392,-1.91428,Navarra,464,ADM3,6359668
guevejar,37.25759,-3.59691,Granada,1943,PPLA3,2516865
guia de isora,28.19069,-16.7965,Santa Cruz de Tenerife,20387,ADM3,6360629
guijo (el),38.49821,-4.77562,Cordoba,411,ADM3,6357229
guijo de avila,40.52498,-5.63548,Salamanca,98,ADM3,6360397
guijo de coria,40.05686,-6.4612,Caceres,252,ADM3,6356784
guijo de galisteo,40.03726,-6.38759,Caceres,1631,ADM3,6356785
guijo de granadilla,40.20344,-6.13608,Caceres,607,ADM3,6356786
guijo de santa barbara,40.16581,-5.64696,Caceres,433,ADM3,6356787
guijuelo,40.5704,-5.67854,Salamanca,6001,ADM3,6360398
guillena,37.60762,-6.08918,Sevilla,12139,ADM3,6361004
guils de cerdanya,42.45748,1.86467,Girona,558,ADM3,6357607
guimera,41.56409,1.18275,Lleida,270,ADM3,6358854
guirguillano,42.72092,-1.85976,Navarra,92,ADM3,6359669
guisando,40.21493,-5.14093,Avila,564,ADM3,6355695
guissona,41.79127,1.28721,Lleida,7034,ADM3,6358855
guitiriz,43.22735,-7.8253,Lugo,5658,ADM3,6359183
guixers,42.14378,1.63933,Lleida,138,ADM3,6358856
gumiel de izan,41.76718,-3.68283,Burgos,618,ADM3,6356447
gumiel de mercado,41.73896,-3.80248,Burgos,363,ADM3,6356448
guntin,42.87874,-7.63227,Lugo,3018,ADM3,6359184
gurb,41.96136,2.22271,Barcelona,2580,ADM3,6356130
guriezo,43.3283,-3.2906,Cantabria,2419,ADM3,6360677
gurrea de gallego,42.02801,-0.76654,Huesca,1430,ADM3,6358350
gusendos de los oteros,42.38059,-5.42166,Leon,142,ADM3,6358625
gutierre-munoz,40.96676,-4.65727,Avila,81,ADM3,6355696
"haba, la",38.86977,-5.80149,Badajoz,1319,ADM3,6355926
hacinas,41.98453,-3.28648,Burgos,177,ADM3,6356449
harana/valle de arana,42.76048,-2.32204,Araba / Alava,278,ADM3,6355283
haria,29.16495,-13.46238,Las Palmas,5190,ADM3,6360180
haro,42.5877,-2.85585,La Rioja,11806,ADM3,6359061
haza,41.57995,-3.84665,Burgos,26,ADM3,6356450
hazas de cesto,43.4094,-3.58296,Cantabria,1526,ADM3,6360678
helechosa de los montes,39.37657,-4.83345,Badajoz,727,ADM3,6355927
hellin,38.45,-1.75,Albacete,31262,ADM3,2516798
henarejos,39.82115,-1.44783,Cuenca,189,ADM3,6357446
henche,40.71663,-2.71028,Guadalajara,104,ADM3,6357913
heras de ayuso,40.78706,-3.11384,Guadalajara,260,ADM3,6357914
herbes,40.71354,-0.0196,Castello,56,ADM3,6357019
herce,42.2297,-2.17085,La Rioja,362,ADM3,6359062
herencia,39.28311,-3.41451,Ciudad Real,9067,ADM3,6357141
"herencias, las",39.88595,-4.82574,Toledo,840,ADM3,6361732
herguijuela,39.365,-5.75501,Caceres,362,ADM3,6356788
herguijuela de ciudad rodrigo,40.44712,-6.51816,Salamanca,96,ADM3,6360399
herguijuela de la sierra,40.42461,-6.08208,Salamanca,299,ADM3,6360400
herguijuela del campo,40.61614,-5.88226,Salamanca,103,ADM3,6360401
hermandad de campoo de suso,43.0249,-4.25535,Cantabria,1756,ADM3,6360679
hermedes de cerrato,41.81626,-4.18226,Palencia,98,ADM3,6360044
hermigua,28.16829,-17.1924,Santa Cruz de Tenerife,2116,ADM3,6534188
hermisende,41.9831,-6.91311,Zamora,296,ADM3,6362532
hernan-perez,40.20855,-6.47798,Caceres,496,ADM3,6356789
hernani,43.23878,-1.94426,Gipuzkoa,19284,ADM3,6358129
hernansancho,40.85967,-4.72938,Avila,188,ADM3,6355697
hernialde,43.15399,-2.09291,Gipuzkoa,361,ADM3,6358130
herradon de pinares,40.58703,-4.53648,Avila,532,ADM3,6355698
herramelluri,42.50294,-3.01304,La Rioja,117,ADM3,6359063
herrera,37.38673,-4.85852,Sevilla,6526,ADM3,6361005
herrera de alcantara,39.598,-7.38085,Caceres,292,ADM3,6356790
herrera de los navarros,41.21766,-1.08138,Zaragoza,504,ADM3,6362814
herrera de pisuerga,42.5555,-4.31222,Palencia,2292,ADM3,6360045
herrera de soria,41.76194,-3.03936,Soria,14,ADM3,6361148
herrera de valdecanas,42.04483,-4.20248,Palencia,158,ADM3,6360046
herrera del duque,39.25558,-5.02587,Badajoz,3707,ADM3,6355928
"herrera, la",38.93109,-2.09676,Albacete,349,ADM3,6355329
herreria,40.89764,-1.95447,Guadalajara,23,ADM3,6357915
herrerias,43.30184,-4.48215,Cantabria,639,ADM3,6360680
herreros de suso,40.80355,-5.04351,Avila,164,ADM3,6355699
herreruela,39.43999,-6.84648,Caceres,365,ADM3,6356791
herreruela de oropesa,39.89852,-5.23809,Toledo,454,ADM3,6361733
herrin de campos,42.1278,-4.96017,Valladolid,155,ADM3,6362200
"herrumblar, el",39.41108,-1.59625,Cuenca,777,ADM3,6357447
hervas,40.27635,-5.86769,Caceres,4190,ADM3,6356792
hervias,42.45016,-2.85565,La Rioja,142,ADM3,6359064
hiendelaencina,41.07771,-3.00399,Guadalajara,154,ADM3,6357916
higuera,39.73914,-5.65793,Caceres,110,ADM3,6356793
higuera de calatrava,37.79951,-4.15327,Jaen,653,ADM3,6358491
higuera de la serena,38.64605,-5.77201,Badajoz,1025,ADM3,6355929
higuera de la sierra,37.83361,-6.43557,Huelva,1390,ADM3,6358214
higuera de las duenas,40.23477,-4.61454,Avila,336,ADM3,6355700
higuera de llerena,38.3246,-5.95949,Badajoz,358,ADM3,6355930
higuera de vargas,38.42973,-6.99658,Badajoz,2083,ADM3,6355931
higuera la real,38.12566,-6.72651,Badajoz,2461,ADM3,6355932
higueras,39.98814,-0.50167,Castello,57,ADM3,6357020
higueruela,38.96084,-1.40114,Albacete,1310,ADM3,6355330
higueruelas,39.77062,-0.86277,Valencia,509,ADM3,6362006
"hija de dios, la",40.51757,-4.96589,Avila,85,ADM3,6355701
hijar,41.14129,-0.4061,Teruel,1797,ADM3,6361533
hijes,41.26244,-3.0095,Guadalajara,29,ADM3,6357917
"hiniesta, la",41.56577,-5.82374,Zamora,339,ADM3,6362533
hinojal,39.70507,-6.34187,Caceres,443,ADM3,6356794
hinojales,37.99486,-6.55799,Huelva,348,ADM3,6358215
hinojares,37.73084,-3.00804,Jaen,436,ADM3,6358492
hinojos,37.20859,-6.40368,Huelva,3933,ADM3,6358216
hinojosa de duero,40.99757,-6.79665,Salamanca,720,ADM3,6360402
hinojosa de jarque,40.67482,-0.76562,Teruel,104,ADM3,6361534
hinojosa de san vicente,40.10919,-4.73919,Toledo,446,ADM3,6361734
hinojosa del campo,41.74678,-2.08476,Soria,32,ADM3,6361149
hinojosa del duque,38.49283,-5.13748,Cordoba,7250,ADM3,6357230
hinojosa del valle,38.47886,-6.17984,Badajoz,529,ADM3,6355933
"hinojosa, la",39.72653,-2.42988,Cuenca,242,ADM3,6357448
hinojosas de calatrava,38.5571,-4.17018,Ciudad Real,527,ADM3,6357142
"hinojosos, los",39.60225,-2.85575,Cuenca,963,ADM3,6357449
hiriberri/villanueva de aezkoa,42.95031,-1.19733,Navarra,121,ADM3,6359803
"hiruela, la",41.07444,-3.4475,Madrid,48,ADM3,6359295
hita,40.84792,-3.02675,Guadalajara,403,ADM3,6357918
"hito, el",39.845,-2.71264,Cuenca,179,ADM3,6357450
holguera,39.89488,-6.35366,Caceres,742,ADM3,6356795
hombrados,40.82131,-1.66217,Guadalajara,37,ADM3,6357919
hondarribia,43.37489,-1.82397,Gipuzkoa,16518,ADM3,6358125
hondon de los frailes,38.2735,-0.92809,Alicante,1238,ADM3,6355454
honrubia,39.61298,-2.25441,Cuenca,1743,ADM3,6357451
honrubia de la cuesta,41.49769,-3.70279,Segovia,69,ADM3,6360832
hontalbilla,41.33788,-4.11527,Segovia,339,ADM3,6360833
hontanar,39.55774,-4.53206,Toledo,200,ADM3,6361735
hontanares de eresma,40.98449,-4.20072,Segovia,1133,ADM3,6360834
hontanas,42.31245,-4.04443,Burgos,73,ADM3,6356451
hontanaya,39.71172,-2.83256,Cuenca,365,ADM3,6357452
hontangas,41.58807,-3.79043,Burgos,115,ADM3,6356452
hontecillas,39.68516,-2.19949,Cuenca,74,ADM3,6357453
hontoba,40.45193,-3.0389,Guadalajara,315,ADM3,6357920
hontoria de cerrato,41.91338,-4.40941,Palencia,110,ADM3,6360047
hontoria de la cantera,42.18893,-3.63378,Burgos,135,ADM3,6356453
hontoria de valdearados,41.76338,-3.49815,Burgos,219,ADM3,6356455
hontoria del pinar,41.86911,-3.14298,Burgos,773,ADM3,6356454
"horcajada, la",40.43892,-5.47383,Avila,556,ADM3,6355702
horcajo de la sierra,41.06723,-3.58534,Madrid,0,PPLA3,3120680
horcajo de la sierra-aoslos,41.07983,-3.58945,Madrid,167,ADM3,6359296
horcajo de las torres,41.06344,-5.11082,Avila,603,ADM3,6355703
horcajo de los montes,39.36275,-4.61086,Ciudad Real,1006,ADM3,6357143
horcajo de montemayor,40.43178,-5.89018,Salamanca,162,ADM3,6360403
horcajo de santiago,39.84245,-3.02066,Cuenca,4306,ADM3,6357454
horcajo medianero,40.65405,-5.44585,Salamanca,250,ADM3,6360404
horcajuelo de la sierra,41.07529,-3.5485,Madrid,95,ADM3,6359297
horche,40.56931,-3.04904,Guadalajara,2510,ADM3,6357921
"hormazas, las",42.52827,-3.88995,Burgos,109,ADM3,6356456
hormigos,40.09219,-4.45523,Toledo,834,ADM3,6361736
hormilla,42.454,-2.77835,La Rioja,445,ADM3,6359065
hormilleja,42.46376,-2.72942,La Rioja,162,ADM3,6359066
hornachos,38.558,-6.06463,Badajoz,3812,ADM3,6355934
hornachuelos,37.93909,-5.32992,Cordoba,4694,ADM3,6357231
"hornillo, el",40.26225,-5.12397,Avila,342,ADM3,6355704
hornillos de cameros,42.21247,-2.40323,La Rioja,14,ADM3,6359067
hornillos de cerrato,41.99757,-4.25797,Palencia,115,ADM3,6360048
hornillos de eresma,41.36161,-4.72189,Valladolid,184,ADM3,6362201
hornillos del camino,42.33872,-3.9262,Burgos,57,ADM3,6356457
hornos,38.17151,-2.74699,Jaen,685,ADM3,6358493
hornos de moncalvillo,42.39734,-2.57891,La Rioja,94,ADM3,6359068
"horra, la",41.75091,-3.87547,Burgos,386,ADM3,6356458
horta de sant joan,40.94458,0.31646,Tarragona,1280,ADM3,6361314
hortezuela de ocen,40.95407,-2.40848,Guadalajara,67,ADM3,6357922
hortigueela,42.06016,-3.44837,Burgos,101,ADM3,6356459
hortiguela,42.06842,-3.42578,Burgos,126,PPLA3,3120631
hospital de orbigo,42.46509,-5.88099,Leon,1005,ADM3,6358626
hostalric,41.74238,2.63509,Girona,4018,ADM3,6534069
"hoya, la",40.38767,-5.68903,Salamanca,48,ADM3,6360405
hoya-gonzalo,38.95014,-1.55521,Albacete,737,ADM3,6355331
hoyales de roa,41.66188,-3.84459,Burgos,237,ADM3,6356460
hoyo de manzanares,40.62229,-3.90873,Madrid,7812,ADM3,6359298
"hoyo de pinares, el",40.50704,-4.39821,Avila,2449,ADM3,6355706
hoyocasero,40.43741,-4.99503,Avila,327,ADM3,6355705
hoyorredondo,40.46443,-5.41203,Avila,83,ADM3,6355707
hoyos,40.16303,-6.7196,Caceres,930,ADM3,6356796
hoyos de miguel munoz,40.39137,-5.07453,Avila,43,ADM3,6355710
hoyos del collado,40.36384,-5.19919,Avila,35,ADM3,6355708
hoyos del espino,40.34099,-5.17618,Avila,443,ADM3,6355709
hoz de jaca,42.68149,-0.29663,Huesca,81,ADM3,6358351
"hoz de la vieja, la",40.93294,-0.83688,Teruel,79,ADM3,6361535
hoz y costean,42.12752,0.11875,Huesca,225,ADM3,6358454
huarte,42.83035,-1.59087,Navarra,3879,PPLA3,3120567
huarte/uharte,42.82883,-1.59439,Navarra,6543,ADM3,6359670
huecas,40.01522,-4.19855,Toledo,711,ADM3,6361737
huecija,36.95188,-2.62899,Almeria,519,ADM3,6355563
huelaga,40.06013,-6.61067,Caceres,211,ADM3,6356797
huelago,37.42028,-3.26029,Granada,361,ADM3,6357715
huelamo,40.28748,-1.80493,Cuenca,141,ADM3,6357455
huelma,37.67132,-3.38997,Jaen,6162,ADM3,6358494
huelva,37.2582,-6.92932,Huelva,148568,ADM3,6358217
huelves,40.0507,-2.90478,Cuenca,76,ADM3,6357456
hueneja,37.18982,-2.93952,Granada,1228,ADM3,6357716
huercal de almeria,36.87908,-2.45538,Almeria,16319,ADM3,6355564
huercal-overa,37.4101,-1.96127,Almeria,18686,ADM3,6355565
huercanos,42.43204,-2.66753,La Rioja,902,ADM3,6359069
"huerce, la",41.12494,-3.17489,Guadalajara,59,ADM3,6357923
huerguina,40.04092,-1.60003,Cuenca,51,ADM3,6357457
huermeces,42.5458,-3.79356,Burgos,128,ADM3,6356461
huermeces del cerro,41.05352,-2.78883,Guadalajara,54,ADM3,6357924
huerta,40.96932,-5.45942,Salamanca,334,ADM3,6360406
huerta de arriba,42.09864,-3.08532,Burgos,135,ADM3,6356462
huerta de la obispalia,39.97819,-2.47857,Cuenca,138,ADM3,6357458
huerta de rey,41.82506,-3.32731,Burgos,1064,ADM3,6356463
huerta de valdecarabanos,39.83037,-3.61862,Toledo,1900,ADM3,6361738
huerta del marquesado,40.15626,-1.7089,Cuenca,228,ADM3,6357459
huertahernando,40.81743,-2.29779,Guadalajara,62,ADM3,6357925
huerto,41.9211,-0.17806,Huesca,226,ADM3,6355239
"huertos, los",41.00024,-4.21123,Segovia,168,ADM3,6360835
huesa,37.6763,-3.06104,Jaen,2648,ADM3,6358495
huesa del comun,41.01103,-0.9603,Teruel,86,ADM3,6361536
huesca,42.14838,-0.41253,Huesca,55454,ADM3,6358352
huescar,37.93484,-2.59096,Granada,8015,ADM3,6357717
huete,40.10219,-2.64366,Cuenca,1974,ADM3,6357460
huetor de santillan,37.28418,-3.46274,Granada,1836,ADM3,6357718
huetor vega,37.14529,-3.56963,Granada,11853,ADM3,6357720
huetor-tajar,37.19687,-4.04683,Granada,10084,ADM3,6357719
hueva,40.46561,-2.95995,Guadalajara,140,ADM3,6357926
huevar del aljarafe,37.35242,-6.29432,Sevilla,2723,ADM3,6361006
humada,42.65547,-4.08366,Burgos,142,ADM3,6356464
humanes,40.85844,-3.15103,Guadalajara,1616,ADM3,6357927
humanes de madrid,40.24896,-3.82236,Madrid,18870,ADM3,6359299
humilladero,37.13722,-4.69971,Malaga,3383,ADM3,6359464
hurones,42.40571,-3.6145,Burgos,75,ADM3,6356465
hurtumpascual,40.68121,-5.10261,Avila,73,ADM3,6355711
husillos,42.08619,-4.53444,Palencia,254,ADM3,6360049
ibahernando,39.32938,-5.91802,Caceres,524,ADM3,6356798
ibargoiti,42.67462,-1.46274,Navarra,237,ADM3,6359672
ibarra,43.14221,-2.05753,Gipuzkoa,4269,ADM3,6358131
ibarrangelu,43.40068,-2.65736,Bizkaia,641,ADM3,6362392
ibdes,41.22266,-1.85912,Zaragoza,372,ADM3,6362815
ibeas de juarros,42.32632,-3.52798,Burgos,1456,ADM3,6356466
ibi,38.62556,-0.55926,Alicante,23616,ADM3,6355455
ibias,43.01311,-6.85419,Asturias,1634,ADM3,6359933
ibieca,42.16039,-0.19634,Huesca,110,ADM3,6358353
ibiza,38.90894,1.43577,Illes Balears,49768,ADM3,6356034
ibrillos,42.45771,-3.07802,Burgos,61,ADM3,6356467
ibros,38.05685,-3.53366,Jaen,3059,ADM3,6358496
icazteguieta,43.09444,-2.12373,Gipuzkoa,0,PPLA3,3120461
icod de los vinos,28.36704,-16.69992,Santa Cruz de Tenerife,23726,ADM3,6360631
idiazabal,42.99581,-2.22846,Gipuzkoa,2291,ADM3,6358132
igantzi,43.22087,-1.68973,Navarra,634,ADM3,6359806
igea,42.05283,-2.02636,La Rioja,698,ADM3,6359070
iglesiarrubia,41.97113,-3.84833,Burgos,49,ADM3,6356468
iglesias,42.29814,-3.99053,Burgos,143,ADM3,6356469
"iglesuela, la",40.23254,-4.74162,Toledo,441,ADM3,6361739
igorre,43.1756,-2.78101,Bizkaia,4235,ADM3,6362433
igries,42.20705,-0.43026,Huesca,727,ADM3,6358354
igualada,41.5876,1.61411,Barcelona,39198,ADM3,6356132
igualeja,36.6248,-5.09595,Malaga,871,ADM3,6359465
igueena,42.73721,-6.26501,Leon,1356,ADM3,6358627
iguena,42.72853,-6.27738,Leon,1633,PPLA3,3120427
iguzquiza,42.64082,-2.09246,Navarra,336,ADM3,6359673
ikaztegieta,43.09273,-2.12111,Gipuzkoa,469,ADM3,6358133
ilche,41.93825,0.05112,Huesca,183,ADM3,6358355
"illa de arousa, a",42.54962,-8.86725,Pontevedra,4981,ADM3,6360258
illan de vacas,39.9715,-4.55648,Toledo,2,ADM3,6361740
illana,40.19584,-2.98,Guadalajara,893,ADM3,6357928
illano,43.34371,-6.84777,Asturias,439,ADM3,6359934
illar,36.98688,-2.64056,Almeria,416,ADM3,6355566
illas,43.49819,-5.96855,Asturias,1038,ADM3,6359935
illescas,40.13581,-3.85713,Toledo,24581,ADM3,6361741
illora,37.27553,-3.90395,Granada,10716,ADM3,6357721
illueca,41.53558,-1.62591,Zaragoza,2727,ADM3,6362816
imotz,42.96009,-1.80285,Navarra,435,ADM3,6359674
inca,39.71868,2.90588,Illes Balears,30066,ADM3,6533948
"incio, o",42.66408,-7.36959,Lugo,1875,ADM3,6359185
ingenio,27.93444,-15.45768,Las Palmas,30048,ADM3,6360181
iniesta,39.45663,-1.73628,Cuenca,4619,ADM3,6357461
iniestola,40.99288,-2.36503,Guadalajara,20,ADM3,6357929
instincion,36.97525,-2.66777,Almeria,470,ADM3,6355567
"inviernas, las",40.86289,-2.66703,Guadalajara,80,ADM3,6357930
iraneta,42.9129,-1.93684,Navarra,166,ADM3,6359675
"irixo, o",42.51318,-8.167,Ourense,1689,ADM3,6359853
irixoa,43.29426,-8.07858,Coruna,1492,ADM3,6357308
"iruela, la",37.97127,-2.92798,Jaen,2132,ADM3,6358497
iruelos,41.1479,-6.33201,Salamanca,35,ADM3,6360407
irueste,40.60702,-2.89644,Guadalajara,63,ADM3,6357931
irun,43.31864,-1.77373,Gipuzkoa,61102,ADM3,6358134
iruna oka/iruna de oca,42.82931,-2.81194,Araba / Alava,3072,ADM3,6355291
irura,43.16667,-2.06008,Gipuzkoa,1640,ADM3,6358135
iruraiz-gauna,42.82001,-2.49002,Araba / Alava,541,ADM3,6355262
irurtzun,42.92665,-1.82611,Navarra,2302,ADM3,6534179
isaba/izaba,42.89688,-0.85404,Navarra,507,ADM3,6359676
isabena,42.30925,0.54485,Huesca,234,ADM3,6358356
isar,42.36222,-3.92933,Burgos,364,ADM3,6356470
isasondo,43.06909,-2.16464,Gipuzkoa,0,PPLA3,3120289
iscar,41.34343,-4.52458,Valladolid,6844,ADM3,6362202
isla cristina,37.22086,-7.30739,Huelva,21958,ADM3,6358218
isla mayor,37.13296,-6.17212,Sevilla,5948,ADM3,6361059
isona i conca della,42.12628,1.03854,Lleida,1083,ADM3,6358860
isovol,42.39392,1.82767,Girona,327,ADM3,6357608
ispaster,43.3639,-2.5354,Bizkaia,704,ADM3,6362393
istan,36.61316,-4.97842,Malaga,1533,ADM3,6359466
isuerre,42.47864,-1.05734,Zaragoza,30,ADM3,6362817
itero de la vega,42.28848,-4.25772,Palencia,184,ADM3,6360050
itero del castillo,42.28995,-4.24544,Burgos,104,ADM3,6356471
itrabo,36.79193,-3.63596,Granada,1070,ADM3,6357722
itsasondo,43.08071,-2.17415,Gipuzkoa,677,ADM3,6358136
ituero de azaba,40.48834,-6.67181,Salamanca,231,ADM3,6360408
ituero y lama,40.79889,-4.37267,Segovia,362,ADM3,6360836
ituren,43.1287,-1.7159,Navarra,518,ADM3,6359677
iturmendi,42.9107,-2.12603,Navarra,390,ADM3,6359678
iurreta,43.19,-2.65541,Bizkaia,3884,ADM3,6362444
ivars d'urgell,41.69407,0.96139,Lleida,1647,ADM3,6358858
ivars de noguera,41.86853,0.60749,Lleida,361,ADM3,6358857
ivorra,41.77615,1.39405,Lleida,104,ADM3,6358859
iza/itza,42.88198,-1.77016,Navarra,1134,ADM3,6359679
izagaondoa,42.74267,-1.43147,Navarra,183,ADM3,6359680
izagre,42.23839,-5.28542,Leon,204,ADM3,6358628
izalzu/itzaltzu,42.92739,-1.03001,Navarra,50,ADM3,6359681
iznajar,37.27941,-4.31612,Cordoba,4712,ADM3,6357232
iznalloz,37.43921,-3.55157,Granada,6995,ADM3,6357723
iznate,36.78481,-4.1879,Malaga,951,ADM3,6359467
iznatoraf,38.12273,-2.91265,Jaen,1080,ADM3,6358498
izurtza,43.15144,-2.65071,Bizkaia,276,ADM3,6362394
jabaloyas,40.23704,-1.40806,Teruel,66,ADM3,6361538
jabalquinto,38.01757,-3.76009,Jaen,2335,ADM3,6358499
jabugo,37.91252,-6.74575,Huelva,2327,ADM3,6358219
jaca,42.57605,-0.54094,Huesca,14024,ADM3,6358357
jacarilla,38.0608,-0.86443,Alicante,2076,ADM3,6355456
jadraque,40.92253,-2.92923,Guadalajara,1662,ADM3,6357932
jaen,37.82585,-3.73316,Jaen,116731,ADM3,6358500
jafre,42.07353,3.01121,Girona,425,ADM3,6534070
jalance,39.20872,-1.11527,Valencia,975,ADM3,6362007
jalon de cameros,42.21355,-2.49268,La Rioja,23,ADM3,6359071
jambrina,41.38592,-5.64832,Zamora,197,ADM3,6362534
jamilena,37.73787,-3.91638,Jaen,3496,ADM3,6358501
jaraba,41.19962,-1.89822,Zaragoza,295,ADM3,6362818
jarafuel,39.14721,-1.0824,Valencia,824,ADM3,6362009
jaraicejo,39.69507,-5.85403,Caceres,551,ADM3,6356799
jaraiz de la vera,40.03407,-5.75231,Caceres,6727,ADM3,6356800
jaramillo de la fuente,42.12404,-3.31747,Burgos,57,ADM3,6356472
jaramillo quemado,42.09905,-3.35946,Burgos,4,ADM3,6356473
jarandilla de la vera,40.09347,-5.62446,Caceres,3070,ADM3,6356801
jarilla,40.16933,-6.00806,Caceres,155,ADM3,6355238
jarque,41.56673,-1.69391,Zaragoza,381,ADM3,6362819
jarque de la val,40.70995,-0.79543,Teruel,66,ADM3,6361539
jasa,42.70331,-0.64931,Huesca,94,ADM3,6358358
jatar,36.93238,-3.91113,Granada,0,ADM3,11395787
jatiel,41.23775,-0.40015,Teruel,48,ADM3,6361540
jaulin,41.42984,-0.97542,Zaragoza,292,ADM3,6362820
jaurrieta,42.91272,-1.15418,Navarra,218,ADM3,6359682
javea,38.76439,0.19166,Alicante,32983,ADM3,6355458
javier,42.50412,-1.28984,Navarra,120,ADM3,6359683
jayena,36.93691,-3.79427,Granada,1151,ADM3,6357724
jerez de la frontera,36.69687,-6.13277,Cadiz,211900,ADM3,6356935
jerez de los caballeros,38.34283,-6.81169,Badajoz,9870,ADM3,6355935
jerez del marquesado,37.16528,-3.18807,Granada,1061,ADM3,6357725
jerica,39.89985,-0.58597,Castello,1656,ADM3,6357022
jerte,40.22771,-5.74717,Caceres,1329,ADM3,6356802
jete,36.79777,-3.66785,Granada,909,ADM3,6357726
jijona/xixona,38.55494,-0.47922,Alicante,6865,ADM3,6355459
jimena,37.83687,-3.48576,Jaen,1399,ADM3,6358502
jimena de la frontera,36.42221,-5.43205,Cadiz,10480,ADM3,6356936
jimera de libar,36.65201,-5.28069,Malaga,463,ADM3,6359468
jirueque,40.96529,-2.90526,Guadalajara,72,ADM3,6357933
joarilla de las matas,42.29472,-5.19254,Leon,354,ADM3,6358629
jodar,37.83832,-3.3487,Jaen,12117,ADM3,6358503
jorba,41.60329,1.5285,Barcelona,826,ADM3,6356133
jorcas,40.54827,-0.75389,Teruel,42,ADM3,6361541
jorquera,39.15628,-1.54245,Albacete,431,ADM3,6355332
josa,40.96279,-0.77276,Teruel,34,ADM3,6361542
josa i tuixen,42.24745,1.60824,Lleida,140,ADM3,6358987
juarros de riomoros,40.93263,-4.32104,Segovia,68,ADM3,6360837
juarros de voltoya,41.04625,-4.50863,Segovia,250,ADM3,6360838
jubrique,36.56849,-5.21867,Malaga,739,ADM3,6359469
juia,42.01576,2.90861,Girona,347,ADM3,6534072
jumilla,38.46882,-1.27513,Murcia,25547,ADM3,6359527
jun,37.21721,-3.5893,Granada,3558,ADM3,6357727
junciana,40.41572,-5.56522,Avila,65,ADM3,6355712
juncosa,41.37693,0.79553,Lleida,393,ADM3,6358861
juneda,41.54002,0.82853,Lleida,3409,ADM3,6358862
junta de traslaloma,43.02944,-3.41005,Burgos,152,ADM3,6356474
junta de villalba de losa,42.9501,-3.06996,Burgos,104,ADM3,6356475
jurisdiccion de lara,42.13896,-3.46111,Burgos,44,ADM3,6356476
jurisdiccion de san zadornil,42.83902,-3.15819,Burgos,68,ADM3,6356477
juslapena,42.89969,-1.70098,Navarra,558,ADM3,6359684
justel,42.14779,-6.2739,Zamora,100,ADM3,6362535
juviles,36.96632,-3.23289,Granada,163,ADM3,6357728
juzbado,41.08862,-5.88763,Salamanca,172,ADM3,6360409
juzcar,36.5916,-5.16142,Malaga,243,ADM3,6359470
karrantza,43.21667,-3.35,Bizkaia,2806,ADM3,3126213
kortezubi,43.33335,-2.64298,Bizkaia,423,ADM3,6362441
kripan,42.5934,-2.51248,Araba / Alava,194,ADM3,6355257
kuartango,42.88832,-2.92168,Araba / Alava,358,ADM3,6355258
l'albages,41.44624,0.75606,Lleida,425,ADM3,6358766
l'albi,41.42809,0.92079,Lleida,860,ADM3,6358769
l'albiol,41.2464,1.12092,Tarragona,459,ADM3,6361246
l'aldea,40.76183,0.61414,Tarragona,4530,ADM3,6361424
l'aleixar,41.20592,1.06632,Tarragona,926,ADM3,6361250
l'alfas del pi,38.57971,-0.10265,Alicante,21964,ADM3,6355387
l'ametlla de mar,40.89628,0.79242,Tarragona,7688,ADM3,6361256
l'ametlla del valles,41.67863,2.25072,Barcelona,8190,ADM3,6356043
l'ampolla,40.8302,0.69306,Tarragona,3606,ADM3,6361426
l'arboc,41.27748,1.6057,Tarragona,5758,ADM3,6361259
l'argentera,41.13458,0.90497,Tarragona,129,ADM3,6361260
l'armentera,42.17027,3.07282,Girona,860,ADM3,6534010
l'escala,42.12248,3.13179,Girona,10508,ADM3,6534053
l'espluga calba,41.4956,1.0085,Lleida,399,ADM3,6358834
l'espluga de francoli,41.41518,1.10107,Tarragona,3913,ADM3,6361297
l'espunyola,42.04174,1.75294,Barcelona,255,ADM3,6356110
l'esquirol,42.03798,2.36468,Barcelona,2193,ADM3,6356275
l'estany,41.86815,2.10972,Barcelona,398,ADM3,6356111
l'hospitalet de llobregat,41.36578,2.11172,Barcelona,257057,ADM3,6356131
la albuera,38.71132,-6.80411,Badajoz,2078,ADM3,7577094
la aldehuela,40.41681,-5.40313,Avila,199,ADM3,6355624
la algaba,37.47639,-6.01916,Sevilla,15754,ADM3,6360962
la baronia de rialb,41.9344,1.18712,Lleida,255,ADM3,6358799
la bisbal d'emporda,41.95126,3.04209,Girona,10679,ADM3,6534020
la bisbal del penedes,41.2796,1.4793,Tarragona,4168,ADM3,6361271
la bouza,40.83621,-6.79547,Salamanca,84,ADM3,6360310
la carrera,40.35452,-5.56214,Avila,210,ADM3,6355659
la cellera de ter,41.96877,2.60241,Girona,2066,ADM3,6534042
la coma i la pedra,42.17369,1.58688,Lleida,274,ADM3,6358900
la fatarella,41.15968,0.48756,Tarragona,852,ADM3,6361299
la febro,41.27472,0.99807,Tarragona,49,ADM3,6361300
la figuera,41.20517,0.71343,Tarragona,122,ADM3,6361301
la floresta,41.49775,0.92657,Lleida,164,ADM3,6358841
la frontera,40.40945,-2.21067,Cuenca,197,ADM3,6357435
la fuliola,41.72045,0.99821,Lleida,1217,ADM3,6358844
la galera,40.69663,0.44895,Tarragona,843,ADM3,6361306
la garriga,41.68649,2.28491,Barcelona,15472,ADM3,6356118
la ginebrosa,40.85673,-0.19389,Teruel,188,ADM3,6361529
la granada,41.38103,1.72983,Barcelona,2047,ADM3,6356124
la granadella,41.34929,0.66146,Lleida,750,ADM3,6358849
la granja d'escarp,41.40934,0.38404,Lleida,986,ADM3,6358850
la guancha,28.37889,-16.66035,Santa Cruz de Tenerife,5441,ADM3,6360628
la guingueta d'aneu,42.6072,1.15194,Lleida,341,ADM3,6358980
la iglesuela del cid,40.48413,-0.31233,Teruel,357,ADM3,6361537
la jana,40.50485,0.23052,Castello,757,ADM3,6357021
la jonquera,42.41636,2.87464,Girona,3203,ADM3,6534071
la joyosa,41.75147,-1.07645,Zaragoza,1132,ADM3,6362821
la llacuna,41.47872,1.54693,Barcelona,928,ADM3,6356134
la llagosta,41.51649,2.20462,Barcelona,13612,ADM3,6356135
la maso,41.24055,1.22204,Tarragona,288,ADM3,6361323
la matanza de acentejo,28.44512,-16.44974,Santa Cruz de Tenerife,8806,ADM3,6360632
la minosa,41.17962,-2.93659,Guadalajara,41,ADM3,6357957
la molsosa,41.78072,1.52493,Lleida,109,ADM3,6358878
la morera de montsant,41.264,0.83942,Tarragona,167,ADM3,6361338
la nou de bergueda,42.18741,1.89231,Barcelona,153,ADM3,6356171
la nou de gaia,41.18637,1.38038,Tarragona,555,ADM3,6361339
la nucia,38.61352,-0.12772,Alicante,19135,ADM3,6355469
la palma d'ebre,41.2722,0.66641,Tarragona,396,ADM3,6361341
la palma de cervello,41.41031,1.96316,Barcelona,3023,ADM3,6356330
la pera,42.01892,2.97422,Girona,428,ADM3,6534101
la pobla de cervoles,41.39251,0.87829,Lleida,245,ADM3,6358906
la pobla de claramunt,41.55901,1.67778,Barcelona,2258,ADM3,6356191
la pobla de farnals,39.5789,-0.32933,Valencia,7677,ADM3,6362064
la pobla de lillet,42.23165,1.98289,Barcelona,1249,ADM3,6356192
la pobla de mafumet,41.18462,1.20919,Tarragona,2948,ADM3,6361351
la pobla de massaluca,41.19448,0.36024,Tarragona,364,ADM3,6361352
la pobla de montornes,41.18593,1.4083,Tarragona,2897,ADM3,6361353
la pobla de segur,42.26742,0.98741,Lleida,3156,ADM3,6358908
la pobla de vallbona,39.59747,-0.55468,Valencia,20431,PPLA3,2512251
la poblachuela,38.96419,-3.95089,Ciudad Real,0,PPLA3,13192193
la portella,41.73627,0.6392,Lleida,703,ADM3,6358911
la quar,42.099,1.96377,Barcelona,62,ADM3,6356202
la riba,41.30898,1.16904,Tarragona,659,ADM3,6361366
la ribera,43.3087,-5.87224,Asturias,1971,ADM3,6359960
la riera de gaia,41.1649,1.3649,Tarragona,1691,ADM3,6361368
la rinconada,37.48613,-5.98091,Sevilla,35928,PPLA3,2515562
la roca del valles,41.60118,2.32741,Barcelona,10393,ADM3,6356206
la roda,39.18041,-2.19224,Albacete,16420,ADM3,6355360
la salzadella,40.42919,0.12954,Castello,850,ADM3,6357048
la secuita,41.21526,1.28413,Tarragona,1607,ADM3,6361386
la selva de mar,42.3241,3.18606,Girona,203,ADM3,6534145
la selva del camp,41.21143,1.12996,Tarragona,5619,ADM3,6361387
la senia,40.71614,0.26112,Tarragona,5594,ADM3,6361287
la sentiu de sio,41.79807,0.86948,Lleida,471,ADM3,6358792
la seu d'urgell,42.35757,1.47623,Lleida,12529,ADM3,6358933
la tallada d'emporda,42.07978,3.06563,Girona,459,ADM3,6534150
la torre de cabdella,42.45162,0.97462,Lleida,755,ADM3,6358955
la torre de claramunt,41.53044,1.66117,Barcelona,3863,ADM3,6356304
la torre de fontaubella,41.12774,0.86621,Tarragona,131,ADM3,6361393
la torre de l'espanyol,41.20672,0.65554,Tarragona,681,ADM3,6361394
la torre de les macanes,38.60895,-0.40081,Alicante,797,ADM3,6355505
la vajol,42.40331,2.79978,Girona,93,ADM3,6534013
la vall d'en bas,42.13886,2.44105,Girona,2931,ADM3,6357634
la vall d'uixo,39.82357,-0.24727,Castello,32782,ADM3,6357076
la vall de bianya,42.22348,2.45674,Girona,1335,ADM3,6357635
la vall de boi,42.50368,0.80415,Lleida,1052,ADM3,6358800
la vall de laguar,38.76872,-0.12202,Alicante,959,ADM3,6355510
la vansa i fornols,42.24173,1.49487,Lleida,206,ADM3,6358986
la vilavella,39.86341,-0.19083,Castello,3281,ADM3,6357086
la vilella alta,41.2342,0.78377,Tarragona,143,ADM3,6361415
la vilella baixa,41.2212,0.75818,Tarragona,222,ADM3,6361416
la yesa,39.89788,-0.95959,Valencia,256,ADM3,6362126
labajos,40.84925,-4.51779,Segovia,147,ADM3,6360839
labastida,42.60614,-2.81351,Araba / Alava,1508,ADM3,6355263
"labores, las",39.16598,-3.4736,Ciudad Real,651,ADM3,6357144
labuerda,42.44966,0.11621,Huesca,173,ADM3,6358359
lachar,37.1917,-3.84406,Granada,3205,ADM3,6357730
ladrillar,40.44233,-6.1838,Caceres,204,ADM3,6356803
lagartera,39.98233,-5.23499,Toledo,1558,ADM3,6361742
lagartos,42.39931,-4.8896,Palencia,146,ADM3,6360051
lagata,41.21025,-0.80463,Zaragoza,115,ADM3,6362822
lagran,42.62619,-2.61364,Araba / Alava,180,ADM3,6355264
laguardia,42.55207,-2.58333,Araba / Alava,1548,ADM3,6355265
lagueruela,41.02926,-1.1991,Teruel,71,ADM3,6361543
laguna dalga,42.3192,-5.75411,Leon,725,ADM3,6358630
laguna de cameros,42.16397,-2.54024,La Rioja,135,ADM3,6359072
laguna de contreras,41.49264,-4.02001,Segovia,119,ADM3,6360840
laguna de duero,41.56963,-4.72002,Valladolid,22455,ADM3,6362203
laguna de negrillos,42.21993,-5.64855,Leon,1123,ADM3,6358631
laguna del marquesado,40.19041,-1.66861,Cuenca,59,ADM3,6357462
lagunaseca,40.50828,-1.98128,Cuenca,91,ADM3,6357463
lagunilla,40.33061,-5.96397,Salamanca,552,ADM3,6360410
lagunilla del jubera,42.32688,-2.34514,La Rioja,327,ADM3,6359073
lahiguera,37.95497,-3.99308,Jaen,1856,ADM3,6358490
lakuntza,42.93268,-2.01361,Navarra,1252,ADM3,6359686
lalin,42.71667,-8.11667,Pontevedra,20409,ADM3,3119535
laluenga,42.01242,-0.01982,Huesca,198,ADM3,6358360
lalueza,41.86028,-0.24957,Huesca,849,ADM3,6358361
"lama, a",42.41328,-8.41513,Pontevedra,2918,ADM3,6360226
lamason,43.23361,-4.4868,Cantabria,303,ADM3,6360681
lana,42.71011,-2.25458,Navarra,191,ADM3,6359687
lanaja,41.74161,-0.35344,Huesca,1140,ADM3,6358362
lancara,42.85243,-7.37458,Lugo,2866,ADM3,6359187
lanciego/lantziego,42.5377,-2.50112,Araba / Alava,685,ADM3,6355266
landete,39.90426,-1.35435,Cuenca,1349,ADM3,6357464
lanestosa,43.2182,-3.4374,Bizkaia,264,ADM3,6362395
langa,41.0038,-4.8542,Avila,520,ADM3,6355713
langa de duero,41.618,-3.36973,Soria,821,ADM3,6361150
langa del castillo,41.22729,-1.39397,Zaragoza,110,ADM3,6362823
langayo,41.56215,-4.2488,Valladolid,310,ADM3,6362204
langreo,43.2916,-5.69938,Asturias,43647,ADM3,6359936
languilla,41.45453,-3.40863,Segovia,95,ADM3,6360841
lanjaron,36.91853,-3.4818,Granada,3826,ADM3,6357731
lantadilla,42.34091,-4.27694,Palencia,369,ADM3,6360052
lantaron,42.75891,-3.03037,Araba / Alava,926,ADM3,6355292
lanteira,37.16758,-3.13016,Granada,570,ADM3,6357732
"lantejuela, la",37.35841,-5.21884,Sevilla,3938,ADM3,6361007
lantz,43.00942,-1.6059,Navarra,140,ADM3,6359688
lanzahita,40.19051,-4.9334,Avila,938,ADM3,6355714
lanzuela,41.10851,-1.18661,Teruel,24,ADM3,6361544
"lapa, la",38.46037,-6.52565,Badajoz,294,ADM3,6355936
laperdiguera,41.99553,-0.04726,Huesca,87,ADM3,6358363
lapoblacion,42.60504,-2.46033,Navarra,147,ADM3,6359689
lapuebla de labarca,42.49478,-2.5703,Araba / Alava,848,ADM3,6355267
"laracha, a",43.25961,-8.57353,Coruna,11367,ADM3,6357310
lardero,42.41409,-2.47206,La Rioja,8750,ADM3,6359074
laredo,43.40739,-3.42404,Cantabria,12094,ADM3,6360682
larouco,42.35173,-7.1627,Ourense,557,ADM3,6359856
laroya,37.28882,-2.33957,Almeria,170,ADM3,6355568
larrabetzu,43.26557,-2.79343,Bizkaia,1974,ADM3,6362396
larraga,42.55182,-1.85909,Navarra,2152,ADM3,6359690
larraona,42.77374,-2.25545,Navarra,114,ADM3,6359691
larraul,43.18601,-2.12146,Gipuzkoa,247,ADM3,6358137
larraun,43.00027,-1.90631,Navarra,1015,ADM3,6359692
larrodrigo,40.72244,-5.43181,Salamanca,209,ADM3,6360411
larva,37.76204,-3.19357,Jaen,495,ADM3,6358504
las gabias,37.13411,-3.69348,Granada,18381,ADM3,6357797
las palmas de gran canaria,28.11654,-15.43898,Las Palmas,382296,ADM3,6360186
las rozas de madrid,40.52673,-3.903,Madrid,90390,ADM3,6359348
las torres de cotillas,38.02478,-1.26274,Murcia,21608,ADM3,6359542
lasarte-oria,43.26379,-2.01193,Gipuzkoa,17922,ADM3,6358171
lascellas-ponzano,42.07212,-0.08494,Huesca,138,ADM3,6358364
lascuarre,42.18891,0.51807,Huesca,139,ADM3,6358365
laspaules,42.48252,0.59859,Huesca,255,ADM3,6358366
laspuna,42.52168,0.17679,Huesca,277,ADM3,6358367
lastras de cuellar,41.28019,-4.08249,Segovia,447,ADM3,6360842
lastras del pozo,40.87042,-4.31273,Segovia,87,ADM3,6360843
"lastrilla, la",40.96898,-4.0905,Segovia,3492,ADM3,6360844
laudio/llodio,43.14391,-2.9739,Araba / Alava,18498,ADM3,6355269
laujar de andarax,37.00886,-2.9031,Almeria,1735,ADM3,6355569
laukiz,43.34898,-2.90971,Bizkaia,1149,ADM3,6362397
laviana,43.23333,-5.53333,Asturias,14044,ADM3,3118685
laxe,43.20924,-9.01299,Coruna,3313,ADM3,6357309
layana,42.30306,-1.24379,Zaragoza,98,ADM3,6362824
layos,39.7698,-4.05858,Toledo,589,ADM3,6361743
laza,42.09843,-7.44323,Ourense,1541,ADM3,6359857
lazagurria,42.49247,-2.23363,Navarra,206,ADM3,6359693
lazcano,43.03239,-2.18616,Gipuzkoa,0,PPLA3,3118644
lazkao,43.021,-2.17191,Gipuzkoa,5435,ADM3,6358138
leaburu,43.11909,-2.05765,Gipuzkoa,384,ADM3,6358139
leache,42.61547,-1.40969,Navarra,57,ADM3,6359694
lebrija,36.9211,-6.02983,Sevilla,27267,ADM3,6361008
lecera,41.19863,-0.70424,Zaragoza,599,ADM3,6362825
lechon,41.09092,-1.28226,Zaragoza,44,ADM3,6362827
lecinena,41.83768,-0.61569,Zaragoza,1090,ADM3,6362826
lecrin,36.95012,-3.53304,Granada,2299,ADM3,6357733
ledana,39.35608,-1.71254,Cuenca,1893,ADM3,6357465
ledanca,40.87169,-2.86861,Guadalajara,112,ADM3,6357934
ledesma,41.13477,-6.02079,Salamanca,1909,ADM3,6360412
ledesma de la cogolla,42.3185,-2.70427,La Rioja,19,ADM3,6359075
ledigos,42.36565,-4.84783,Palencia,70,ADM3,6360054
ledrada,40.47733,-5.71935,Salamanca,534,ADM3,6360413
leganes,40.32736,-3.77931,Madrid,188425,ADM3,6359300
leganiel,40.16307,-2.97565,Cuenca,214,ADM3,6357466
legarda,42.71796,-1.77779,Navarra,118,ADM3,6359695
legaria,42.64285,-2.17679,Navarra,109,ADM3,6359696
legazpi,43.03075,-2.34237,Gipuzkoa,8639,ADM3,6358140
legazpia,43.05319,-2.33689,Gipuzkoa,0,PPLA3,3118587
legorreta,43.09064,-2.15318,Gipuzkoa,1483,ADM3,6358141
legutiano,42.98289,-2.64518,Araba / Alava,1762,ADM3,6355285
leintz-gatzaga,42.97623,-2.56855,Gipuzkoa,256,ADM3,6358156
leioa,43.32719,-2.98138,Bizkaia,30626,ADM3,6362398
leiro,42.3745,-8.15659,Ourense,1763,ADM3,6359858
leitza,43.12296,-1.88208,Navarra,2916,ADM3,6359697
leiva,42.50889,-3.04404,La Rioja,290,ADM3,6359076
lekeitio,43.36658,-2.50074,Bizkaia,7419,ADM3,6362400
lekunberri,43.00608,-1.90389,Navarra,1463,ADM3,6359819
lemoa,43.21667,-2.78333,Bizkaia,3451,ADM3,3118550
lemoiz,43.42879,-2.88682,Bizkaia,1083,ADM3,6362399
lena,43.1,-5.73333,Asturias,11086,ADM3,3118547
lentegi,36.84702,-3.69468,Granada,333,ADM3,6357734
leon,42.57357,-5.56716,Leon,131680,ADM3,6362996
leoz/leotz,42.58594,-1.57566,Navarra,261,ADM3,6359698
lepe,37.27891,-7.19039,Huelva,27214,ADM3,6358220
lerga,42.56195,-1.50125,Navarra,74,ADM3,6359699
lerin,42.49006,-1.9609,Navarra,1814,ADM3,6359700
lerma,42.00025,-3.77105,Burgos,2886,ADM3,6356478
les,42.8086,0.71674,Lleida,1012,ADM3,6362989
les avellanes i santa linya,41.92276,0.79763,Lleida,458,ADM3,6358794
les borges blanques,41.50768,0.85295,Lleida,6060,ADM3,6358814
les borges del camp,41.18173,1.01772,Tarragona,2260,ADM3,6361274
les cabanyes,41.37379,1.69027,Barcelona,947,ADM3,6356063
les franqueses del valles,41.62263,2.29305,Barcelona,20715,ADM3,3118929
les llosses,42.16184,2.07639,Girona,224,ADM3,6357611
les masies de roda,41.98645,2.32282,Barcelona,760,ADM3,6356145
les masies de voltrega,42.01944,2.23546,Barcelona,3144,ADM3,6356146
les oluges,41.69444,1.33927,Lleida,167,ADM3,6358892
les piles,41.50122,1.34817,Tarragona,214,ADM3,6361347
les planes d'hostoles,42.07213,2.54824,Girona,1701,ADM3,6534103
les preses,42.14984,2.47278,Girona,1752,ADM3,6357619
les valls d'aguilar,42.2977,1.2612,Lleida,300,ADM3,6358983
les valls de valira,42.41725,1.45775,Lleida,948,ADM3,6358963
lesaka,43.26224,-1.72615,Navarra,2807,ADM3,6359701
letur,38.35012,-2.1295,Albacete,1074,ADM3,6355333
letux,41.22978,-0.78735,Zaragoza,356,ADM3,6362828
leza,42.56622,-2.6332,Araba / Alava,218,ADM3,6355268
leza de rio leza,42.3362,-2.40813,La Rioja,50,ADM3,6359077
lezama,43.27263,-2.82467,Bizkaia,2476,ADM3,6362421
lezaun,42.78659,-2.00191,Navarra,264,ADM3,6359702
lezo,43.32634,-1.88577,Gipuzkoa,6027,ADM3,6358142
lezuza,38.96051,-2.32408,Albacete,1582,ADM3,6355334
librilla,37.90331,-1.34156,Murcia,5196,ADM3,6359528
libros,40.1422,-1.21908,Teruel,102,ADM3,6361545
liceras,41.39826,-3.23328,Soria,63,ADM3,6361151
lidon,40.7282,-1.10542,Teruel,56,ADM3,6361546
liedena,42.61152,-1.25396,Navarra,327,ADM3,6359703
liendo,43.39844,-3.38533,Cantabria,1290,ADM3,6360683
lierganes,43.35,-3.76667,Cantabria,2441,ADM3,3118443
lietor,38.51133,-1.94306,Albacete,1388,ADM3,6355335
lijar,37.28717,-2.22566,Almeria,471,ADM3,6355570
lillo,39.70885,-3.34683,Toledo,3114,ADM3,6361744
limpias,43.37815,-3.4114,Cantabria,1897,ADM3,6360684
linares,38.09734,-3.64455,Jaen,60950,ADM3,6358505
linares de la sierra,37.85052,-6.60984,Huelva,286,ADM3,6358221
linares de mora,40.30903,-0.55175,Teruel,242,ADM3,6361547
linares de riofrio,40.58386,-5.91713,Salamanca,978,ADM3,6360414
"linea de la concepcion, la",36.18299,-5.3467,Cadiz,64704,ADM3,6356937
linyola,41.70866,0.89025,Lleida,2661,ADM3,6358864
litago,41.80118,-1.76362,Zaragoza,192,ADM3,6362829
lituenigo,41.83275,-1.76901,Zaragoza,124,ADM3,6362830
lizartza,43.09383,-2.02254,Gipuzkoa,649,ADM3,6358143
lizarza,43.10236,-2.03489,Gipuzkoa,0,PPLA3,3118353
lizoain,42.79868,-1.46753,Navarra,300,PPLA3,3118350
lizoain-arriasgoiti,42.82966,-1.46955,Navarra,317,ADM3,6359704
llado,42.2485,2.81471,Girona,736,ADM3,6534073
lladorre,42.68036,1.27715,Lleida,227,ADM3,6358865
lladurs,42.07264,1.46811,Lleida,179,ADM3,6358866
llagostera,41.82333,2.89644,Girona,8157,ADM3,6534074
llamas de la ribera,42.63805,-5.88214,Leon,963,ADM3,6358634
llambilles,41.91952,2.86568,Girona,713,ADM3,6534075
llanars,42.34127,2.35076,Girona,534,ADM3,6357609
llanca,42.36143,3.15037,Girona,5105,ADM3,6534076
llanera,43.44263,-5.85735,Asturias,14167,ADM3,6359938
llanera de ranes,38.99983,-0.59256,Valencia,1143,ADM3,6362019
llanes,43.41892,-4.78878,Asturias,13893,ADM3,6359939
llano de bureba,42.62516,-3.44367,Burgos,65,ADM3,6356479
llano de olmedo,41.27618,-4.60215,Valladolid,74,ADM3,6362206
"llanos de aridane, los",28.61464,-17.90084,Santa Cruz de Tenerife,20895,ADM3,6534189
"llanos de tormes, los",40.33213,-5.47368,Avila,92,ADM3,6355716
llanos del caudillo,39.11903,-3.34258,Ciudad Real,704,ADM3,6357195
llardecans,41.39473,0.54025,Lleida,460,ADM3,6358867
llauri,39.1449,-0.32052,Valencia,1333,ADM3,6362020
llavorsi,42.48568,1.1929,Lleida,352,ADM3,6358868
lledo,40.95449,0.27449,Teruel,150,ADM3,6361549
lleida,41.63077,0.59561,Lleida,139834,ADM3,6358863
llera,38.44552,-6.06445,Badajoz,917,ADM3,6355938
llerena,38.23537,-6.0739,Badajoz,5986,ADM3,6355939
llers,42.29468,2.91314,Girona,1194,ADM3,6534077
lles de cerdanya,42.43581,1.67113,Lleida,269,ADM3,6358869
lliber,38.71888,0.0082,Alicante,1071,ADM3,6355461
llica d'amunt,41.60743,2.22015,Barcelona,14584,ADM3,6356137
llica de vall,41.5908,2.2419,Barcelona,6394,ADM3,6356138
llimiana,42.05868,0.92902,Lleida,142,ADM3,6358870
llinars del valles,41.63649,2.39502,Barcelona,9477,ADM3,6356136
lliria,39.6637,-0.64687,Valencia,23542,ADM3,6362012
llivia,42.46301,1.97726,Girona,1689,ADM3,6357610
llobera,41.92847,1.45189,Lleida,195,ADM3,6358871
llocnou d'en fenollet,39.01008,-0.46988,Valencia,920,ADM3,6362016
llocnou de la corona,39.42121,-0.38135,Valencia,165,ADM3,6362017
llocnou de sant jeroni,38.90428,-0.28902,Valencia,583,ADM3,6362018
llombai,39.29613,-0.572,Valencia,2817,ADM3,6362021
llorac,41.55586,1.33005,Tarragona,105,ADM3,6361316
llorenc del penedes,41.28865,1.54138,Tarragona,2280,ADM3,6361317
lloret de mar,41.70435,2.8544,Girona,40837,ADM3,6534078
lloret de vistalegre,39.61759,2.97249,Illes Balears,1346,ADM3,6533949
"llosa de ranes, la",39.02998,-0.53935,Valencia,4066,ADM3,6362022
"llosa, la",39.76219,-0.19406,Castello,955,ADM3,6357025
lloseta,39.71785,2.86589,Illes Balears,5674,ADM3,6533950
llubi,39.699,3.0045,Illes Balears,2294,ADM3,6533951
lluca,42.07432,2.05813,Barcelona,259,ADM3,6356139
llucmajor,39.49003,2.88983,Illes Balears,36994,ADM3,6533952
llutxent,38.94351,-0.33375,Valencia,2508,ADM3,6362015
loarre,42.31375,-0.62485,Huesca,361,ADM3,6358368
lobeira,41.9793,-8.03444,Ourense,909,ADM3,6359859
lobera de onsella,42.46753,-1.0053,Zaragoza,27,ADM3,6362831
lobios,41.90178,-8.08572,Ourense,2175,ADM3,6359860
lobon,38.83779,-6.62259,Badajoz,2869,ADM3,6355937
lobras,36.90868,-3.20859,Granada,159,ADM3,6357735
lodosa,42.39501,-2.07483,Navarra,4939,ADM3,6359705
loeches,40.38285,-3.42061,Madrid,8673,ADM3,6359301
logrono,42.46712,-2.44541,La Rioja,151000,ADM3,6359078
logrosan,39.27943,-5.49582,Caceres,2089,ADM3,6356804
loiu,43.31054,-2.91271,Bizkaia,2498,ADM3,6362437
loja,37.21259,-4.16939,Granada,21496,ADM3,6357736
loma de ucieza,42.47727,-4.58373,Palencia,262,ADM3,6360169
lomas,42.27501,-4.55266,Palencia,51,ADM3,6360055
lominchar,40.08552,-3.98148,Toledo,2369,ADM3,6361745
lomoviejo,41.15982,-4.88841,Valladolid,197,ADM3,6362205
longares,41.39225,-1.14764,Zaragoza,830,ADM3,6362832
longas,42.47464,-0.93128,Zaragoza,45,ADM3,6362833
longuida/longida,42.78178,-1.35871,Navarra,324,ADM3,6359706
lopera,37.96347,-4.22617,Jaen,3888,ADM3,6358506
loporzano,42.20599,-0.30757,Huesca,549,ADM3,6358369
lora de estepa,37.27651,-4.82082,Sevilla,871,ADM3,6361009
lora del rio,37.66015,-5.48845,Sevilla,19421,ADM3,6361010
loranca de tajuna,40.44522,-3.11043,Guadalajara,1388,ADM3,6357935
lorca,37.61909,-1.7023,Murcia,93079,ADM3,6359529
"lorcha/orxa, l'",38.85519,-0.3209,Alicante,729,ADM3,6355460
loriguilla,39.64124,-0.97495,Valencia,1827,ADM3,6362013
lorqui,38.0985,-1.25256,Murcia,7002,ADM3,6359530
los morillas,37.29192,-2.1292,Almeria,0,PPLA3,12261499
los palacios y villafranca,37.16181,-5.92433,Sevilla,36824,PPLA3,2514553
los realejos,28.38487,-16.58275,Santa Cruz de Tenerife,36405,PPLA3,6692471
losa del obispo,39.69583,-0.87405,Valencia,574,ADM3,6362014
"losa, la",40.8403,-4.15165,Segovia,530,ADM3,6360845
losacino,41.67295,-6.06609,Zamora,249,ADM3,6362536
losacio,41.7189,-6.03816,Zamora,125,ADM3,6362537
losar de la vera,40.14474,-5.57941,Caceres,2841,ADM3,6356805
"losar del barco, el",40.40255,-5.53094,Avila,133,ADM3,6355715
loscorrales,42.20378,-0.67166,Huesca,98,ADM3,6358370
loscos,41.06604,-1.05907,Teruel,121,ADM3,6361548
"losilla, la",41.87558,-2.26276,Soria,15,ADM3,6361152
lourenza,43.45638,-7.28955,Lugo,2399,ADM3,6359188
lousame,42.76863,-8.82996,Coruna,3621,ADM3,6357311
lozoya,40.96005,-3.78135,Madrid,559,ADM3,6359302
lozoyuela-navas-sieteiglesias,40.92154,-3.61554,Madrid,1200,ADM3,6359403
lubian,42.05636,-6.89668,Zamora,358,ADM3,6362538
lubrin,37.21976,-2.06612,Almeria,1729,ADM3,6355571
lucainena de las torres,37.04937,-2.14245,Almeria,656,ADM3,6355572
lucar,37.437,-2.43463,Almeria,886,ADM3,6355573
lucena,37.40207,-4.48689,Cordoba,42592,ADM3,6357233
lucena de jalon,41.56039,-1.30083,Zaragoza,224,ADM3,6362834
lucena del cid,40.13745,-0.29441,Castello,1484,ADM3,6357023
lucena del puerto,37.24614,-6.74066,Huelva,3124,ADM3,6358222
luceni,41.81997,-1.24727,Zaragoza,1003,ADM3,6362835
luciana,38.98755,-4.37458,Ciudad Real,410,ADM3,6357145
lucillo,42.39212,-6.37314,Leon,414,ADM3,6358632
lucillos,40.00202,-4.62111,Toledo,656,ADM3,6361746
ludiente,40.09805,-0.3727,Castello,192,ADM3,6357024
luelmo,41.43238,-6.13765,Zamora,206,ADM3,6362539
luena,43.10795,-3.89056,Cantabria,694,ADM3,6360685
luesia,42.35989,-1.01419,Zaragoza,331,ADM3,6362836
luesma,41.18101,-1.152,Zaragoza,41,ADM3,6362837
lugo,43.00263,-7.49944,Lugo,98457,ADM3,6359189
lugros,37.21047,-3.2424,Granada,340,ADM3,6357737
"luisiana, la",37.54963,-5.22339,Sevilla,4652,ADM3,6361011
lujar,36.77846,-3.37406,Granada,519,ADM3,6357738
lumbier,42.64793,-1.29,Navarra,1417,ADM3,6359707
lumbrales,40.94106,-6.69283,Salamanca,1876,ADM3,6360415
lumbreras,42.0833,-2.58602,La Rioja,164,ADM3,6359079
lumpiaque,41.64301,-1.35147,Zaragoza,862,ADM3,6362838
luna,42.17954,-0.92446,Zaragoza,675,ADM3,6362839
lupiana,40.61856,-3.04345,Guadalajara,275,ADM3,6357936
lupinen-ortilla,42.15493,-0.65241,Huesca,359,ADM3,6358451
lupion,38.01578,-3.57789,Jaen,960,ADM3,6358507
luque,37.55982,-4.27025,Cordoba,3309,ADM3,6357234
luquin,42.53895,-2.15431,Navarra,131,ADM3,6359708
luyego,42.34769,-6.23714,Leon,747,ADM3,6358633
luzaga,40.96576,-2.44975,Guadalajara,91,ADM3,6357937
luzaide/valcarlos,43.0651,-1.31403,Navarra,406,ADM3,6359795
luzon,41.03371,-2.27394,Guadalajara,79,ADM3,6357938
macael,37.30974,-2.30119,Almeria,5936,ADM3,6355574
macanet de cabrenys,42.38568,2.75083,Girona,739,ADM3,6534079
macanet de la selva,41.76614,2.72666,Girona,7175,ADM3,6534080
macastre,39.35317,-0.80081,Valencia,1308,ADM3,6362023
maceda,42.25449,-7.59617,Ourense,3112,ADM3,6359861
machacon,40.92416,-5.51611,Salamanca,461,ADM3,6360417
macharavialla,36.7624,-4.21389,Malaga,0,PPLA3,2514356
macharaviaya,36.76871,-4.22158,Malaga,504,ADM3,6359471
macotera,40.83574,-5.29,Salamanca,1268,ADM3,6360416
madarcos,41.03658,-3.57508,Madrid,47,ADM3,6359303
"maderal, el",41.27054,-5.63372,Zamora,233,ADM3,6362540
maderuelo,41.51334,-3.52019,Segovia,136,ADM3,6360846
madremanya,41.98362,2.94202,Girona,266,ADM3,6534081
madrid,40.48935,-3.68275,Madrid,3233527,ADM3,6359304
madridanos,41.47216,-5.58553,Zamora,508,ADM3,6362541
madridejos,39.43565,-3.53674,Toledo,11206,ADM3,6361747
madrigal de la vera,40.19006,-5.36707,Caceres,1801,ADM3,6356806
madrigal de las altas torres,41.10574,-5.0194,Avila,1621,ADM3,6355717
madrigal del monte,42.14314,-3.65554,Burgos,171,ADM3,6356480
madrigalejo,39.14955,-5.63741,Caceres,1870,ADM3,6356807
madrigalejo del monte,42.14637,-3.72777,Burgos,182,ADM3,6356481
madrigueras,39.22554,-1.81371,Albacete,4836,ADM3,6355336
madronal,40.4627,-6.06,Salamanca,158,ADM3,6360418
madronera,39.45911,-5.73904,Caceres,2901,ADM3,6356808
"madrono, el",37.64508,-6.45492,Sevilla,324,ADM3,6361012
maella,41.11146,0.09976,Zaragoza,2007,ADM3,6362840
maello,40.82112,-4.56262,Avila,734,ADM3,6355718
magacela,38.88107,-5.72192,Badajoz,573,ADM3,6355940
magallon,41.81221,-1.39576,Zaragoza,1093,ADM3,6362841
magan,39.96834,-3.93095,Toledo,3087,ADM3,6361748
magana,41.89299,-2.18344,Soria,89,ADM3,6361153
magaz de cepeda,42.56284,-6.10614,Leon,397,ADM3,6358635
magaz de pisuerga,41.98476,-4.45308,Palencia,1097,ADM3,6360056
maguilla,38.38111,-5.82525,Badajoz,1025,ADM3,6355941
mahamud,42.13273,-3.90577,Burgos,141,ADM3,6356482
mahide,41.89298,-6.35559,Zamora,384,ADM3,6362542
mahon,39.88811,4.2633,Illes Balears,28972,ADM3,6533953
mahora,39.19352,-1.71149,Albacete,1431,ADM3,6355337
maia de montcal,42.21132,2.74982,Girona,443,ADM3,6534082
maials,41.33455,0.49764,Lleida,980,ADM3,6358875
maicas,40.96549,-0.88939,Teruel,35,ADM3,6361550
"maillo, el",40.56213,-6.20583,Salamanca,327,ADM3,6360419
mainar,41.21645,-1.29886,Zaragoza,176,ADM3,6362842
maire de castroponce,42.1149,-5.78119,Zamora,163,ADM3,6362543
mairena del alcor,37.34532,-5.74201,Sevilla,22024,ADM3,6361013
mairena del aljarafe,37.33576,-6.07384,Sevilla,42784,ADM3,6361014
majadahonda,40.47385,-3.86993,Madrid,71785,ADM3,6359305
majadas,39.95503,-5.77591,Caceres,1352,ADM3,6356809
"majadas, las",40.29091,-1.98971,Cuenca,307,ADM3,6357467
majaelrayo,41.14047,-3.34255,Guadalajara,60,ADM3,6357939
majan,41.46844,-2.29761,Soria,13,ADM3,6361154
malaga,36.75854,-4.39717,Malaga,567433,ADM3,6359472
malaga del fresno,40.78164,-3.23719,Guadalajara,204,ADM3,6357940
malagon,39.21392,-4.00053,Ciudad Real,8734,ADM3,6357146
malaguilla,40.83947,-3.26577,Guadalajara,145,ADM3,6357941
"malaha, la",37.10418,-3.73682,Granada,1837,ADM3,6357739
malanquilla,41.57786,-1.87823,Zaragoza,73,ADM3,6362843
malcocinado,38.13092,-5.70725,Badajoz,426,ADM3,6355942
malda,41.53622,1.02624,Lleida,225,ADM3,6358872
malejan,41.82767,-1.54869,Zaragoza,279,ADM3,6362844
malgrat de mar,41.6527,2.74479,Barcelona,18504,ADM3,6533991
malla,41.89308,2.23984,Barcelona,269,ADM3,6356140
mallabia,43.20664,-2.52888,Bizkaia,1198,ADM3,6362401
mallen,41.89628,-1.43263,Zaragoza,2951,ADM3,6362847
malon,41.95339,-1.66631,Zaragoza,442,ADM3,6362845
malpartida,40.7616,-5.23807,Salamanca,108,ADM3,6360420
malpartida de caceres,39.44481,-6.5067,Caceres,4456,ADM3,6356810
malpartida de corneja,40.51652,-5.34848,Avila,138,ADM3,6355719
malpartida de la serena,38.69858,-5.62408,Badajoz,628,ADM3,6355943
malpartida de plasencia,39.93125,-6.04992,Caceres,4782,ADM3,6356811
malpica de bergantinos,43.31494,-8.82271,Coruna,5998,ADM3,6357312
malpica de tajo,39.89111,-4.57212,Toledo,2091,ADM3,6361749
maluenda,41.26008,-1.63488,Zaragoza,915,ADM3,6362846
malva,41.65831,-5.49385,Zamora,167,ADM3,6362544
mamblas,41.00774,-5.02329,Avila,229,ADM3,6355720
mambrilla de castrejon,41.66993,-3.98577,Burgos,107,ADM3,6356483
mambrillas de lara,42.11663,-3.50218,Burgos,57,ADM3,6356484
mamolar,41.91302,-3.35027,Burgos,35,ADM3,6356485
manacor,39.56881,3.20857,Illes Balears,40831,ADM3,6533954
manaria,43.12968,-2.66283,Bizkaia,507,ADM3,6362402
mancera de abajo,40.83895,-5.18973,Salamanca,241,ADM3,6360421
mancera de arriba,40.79245,-5.14494,Avila,97,ADM3,6355721
mancha real,37.86352,-3.60115,Jaen,11308,ADM3,6358508
manchita,38.79805,-6.00788,Badajoz,765,ADM3,6355944
manchones,41.15668,-1.44339,Zaragoza,96,ADM3,6362848
manciles,42.45785,-3.94515,Burgos,25,ADM3,6356486
mancor de la vall,39.74844,2.87134,Illes Balears,1330,ADM3,6533955
mandayona,40.96251,-2.73202,Guadalajara,354,ADM3,6357942
maneru,42.65604,-1.84992,Navarra,442,ADM3,6359709
manganeses de la lampreana,41.76043,-5.71577,Zamora,552,ADM3,6362545
manganeses de la polvorosa,42.03856,-5.74768,Zamora,756,ADM3,6362546
manilva,36.34878,-5.25213,Malaga,14391,ADM3,6359473
manises,39.50386,-0.48747,Valencia,31066,ADM3,6362024
manjabalago,40.67919,-5.06487,Avila,40,ADM3,6355722
manjarres,42.39163,-2.66187,La Rioja,141,ADM3,6359080
manlleu,41.9993,2.28035,Barcelona,20416,ADM3,6356141
manon,43.65252,-7.73414,Coruna,1537,ADM3,6357313
manquillos,42.21132,-4.56193,Palencia,68,ADM3,6360057
manresa,41.72405,1.8227,Barcelona,76570,ADM3,6356142
mansilla de la sierra,42.11194,-2.9064,La Rioja,63,ADM3,6359081
mansilla de las mulas,42.4995,-5.38405,Leon,1922,ADM3,6358636
mansilla mayor,42.5122,-5.44426,Leon,325,ADM3,6358637
mantiel,40.63349,-2.67547,Guadalajara,58,ADM3,6357943
mantinos,42.7551,-4.85475,Palencia,158,ADM3,6360058
manuel,39.05568,-0.49078,Valencia,2546,ADM3,6362025
manzanal de arriba,41.97806,-6.43938,Zamora,393,ADM3,6362547
manzanal de los infantes,42.06051,-6.36397,Zamora,142,ADM3,6362549
manzanal del barco,41.63022,-5.93323,Zamora,155,ADM3,6362548
manzanares,39.01722,-3.36794,Ciudad Real,19237,ADM3,6357147
manzanares de rioja,42.38196,-2.9047,La Rioja,98,ADM3,6359082
manzanares el real,40.74064,-3.90053,Madrid,7949,ADM3,6359306
manzaneda,42.2969,-7.20298,Ourense,1001,ADM3,6359862
manzaneque,39.64016,-3.7935,Toledo,446,ADM3,6361750
manzanera,40.01851,-0.8589,Teruel,539,ADM3,6361551
manzanilla,37.39487,-6.43427,Huelva,2270,ADM3,6358223
manzanillo,41.58932,-4.2081,Valladolid,66,ADM3,6362207
"manzano, el",41.17679,-6.30201,Salamanca,71,ADM3,6360422
mao,39.88853,4.26583,Illes Balears,29125,PPLA3,2514301
maqueda,40.08006,-4.34501,Toledo,543,ADM3,6361751
mara,41.28457,-1.51919,Zaragoza,161,ADM3,6362849
maracena,37.21251,-3.64013,Granada,21514,ADM3,6357740
marana,43.05879,-5.18774,Leon,162,ADM3,6358638
maranchon,41.03326,-2.09696,Guadalajara,254,ADM3,6357944
maranon,42.6236,-2.44128,Navarra,55,ADM3,6359710
marazoleja,40.94287,-4.33962,Segovia,123,ADM3,6360952
marazuela,40.98046,-4.35694,Segovia,60,ADM3,6360847
marbella,36.51443,-4.88604,Malaga,140473,ADM3,6359474
marca,41.1241,0.80607,Tarragona,612,ADM3,6361319
marchagaz,40.27292,-6.27938,Caceres,238,ADM3,6356812
marchal,37.30152,-3.19527,Granada,446,ADM3,6357741
marchamalo,40.68427,-3.20822,Guadalajara,6468,ADM3,7577092
marchena,37.30536,-5.39396,Sevilla,19984,ADM3,6361015
marcilla,42.35193,-1.71176,Navarra,2815,ADM3,6359711
marcilla de campos,42.32717,-4.39837,Palencia,43,ADM3,6360059
margalef,41.30366,0.78046,Tarragona,106,ADM3,6361318
marganell,41.62995,1.79679,Barcelona,308,ADM3,6356263
maria,37.7298,-2.22323,Almeria,1370,ADM3,6355575
maria de huerva,41.52984,-1.02652,Zaragoza,6371,ADM3,6362850
maria de la salut,39.66227,3.07102,Illes Balears,2152,ADM3,6533956
mariana,40.17273,-2.11937,Cuenca,279,ADM3,6357468
marin,42.37674,-8.71759,Pontevedra,25562,ADM3,6360227
marina de cudeyo,43.4245,-3.76582,Cantabria,5278,ADM3,6360686
marinaleda,37.37029,-4.94233,Sevilla,2786,ADM3,6361016
marines,39.72385,-0.54964,Valencia,1850,ADM3,6362026
"marines, los",37.9066,-6.6199,Huelva,331,ADM3,6358224
marjaliza,39.55183,-3.96261,Toledo,316,ADM3,6361752
markina-xemein,43.25969,-2.43583,Bizkaia,4969,ADM3,6362403
marlin,40.71431,-4.82422,Avila,36,ADM3,6355723
marmolejo,38.04701,-4.16176,Jaen,7329,ADM3,6358509
marracos,42.09642,-0.77574,Zaragoza,82,ADM3,6362986
marratxi,39.64165,2.75225,Illes Balears,34583,ADM3,6533957
marrupe,40.08817,-4.80704,Toledo,175,ADM3,6361753
martiago,40.44132,-6.47841,Salamanca,316,ADM3,6360423
martiherrero,40.68232,-4.785,Avila,300,ADM3,6355724
martin de la jara,37.13934,-4.96794,Sevilla,2812,ADM3,6361017
martin de yeltes,40.75087,-6.29348,Salamanca,461,ADM3,6360425
martin del rio,40.8349,-0.91749,Teruel,429,ADM3,6361552
martin miguel,40.95705,-4.27931,Segovia,252,ADM3,6360848
martin munoz de la dehesa,41.06796,-4.67998,Segovia,209,ADM3,6360849
martin munoz de las posadas,40.98883,-4.54738,Segovia,377,ADM3,6360850
martinamor,40.79975,-5.58285,Salamanca,115,ADM3,6360424
martinez,40.63092,-5.35497,Avila,156,ADM3,6355725
martorell,41.4788,1.91986,Barcelona,28070,ADM3,6356143
martorelles,41.52943,2.23988,Barcelona,4927,ADM3,6356144
martos,37.67088,-4.00201,Jaen,24547,ADM3,6358510
marugan,40.89705,-4.38807,Segovia,666,ADM3,6360851
maruri-jatabe,43.39088,-2.8645,Bizkaia,961,ADM3,6362404
marzales,41.57982,-5.14046,Valladolid,56,ADM3,6362208
mas de barberans,40.71687,0.35516,Tarragona,636,ADM3,6361320
mas de las matas,40.85003,-0.26136,Teruel,1230,ADM3,6361553
masalaves,39.14377,-0.5226,Valencia,1535,PPLA3,2514068
masarac,42.35115,2.97139,Girona,293,ADM3,6534083
mascaraque,39.74776,-3.80216,Toledo,523,ADM3,6361754
masdenverge,40.71708,0.52834,Tarragona,1138,ADM3,6361321
masegosa,40.54257,-1.98328,Cuenca,104,ADM3,6357469
masegoso,38.73185,-2.33574,Albacete,122,ADM3,6355338
masegoso de tajuna,40.82683,-2.69902,Guadalajara,84,ADM3,6357945
maside,42.42026,-8.00502,Ourense,2969,ADM3,6359863
masllorenc,41.26588,1.43642,Tarragona,528,ADM3,6361322
"masnou, el",41.48335,2.31821,Barcelona,22550,ADM3,6356147
maspujols,41.1898,1.03393,Tarragona,915,ADM3,6361324
masquefa,41.50471,1.80702,Barcelona,8373,ADM3,6356148
massalaves,39.15201,-0.51414,Valencia,1640,ADM3,6362027
massalcoreig,41.4527,0.3592,Lleida,585,ADM3,6358873
massalfassar,39.55656,-0.3167,Valencia,2388,ADM3,6362028
massamagrell,39.57259,-0.32642,Valencia,15550,ADM3,6362029
massanassa,39.40011,-0.37282,Valencia,8809,ADM3,6362030
massanes,41.77648,2.65521,Girona,711,ADM3,6534084
massoteres,41.80497,1.33494,Lleida,232,ADM3,6358874
masueco,41.20479,-6.57487,Salamanca,390,ADM3,6360426
mata de alcantara,39.70765,-6.79011,Caceres,328,ADM3,6356813
mata de cuellar,41.39993,-4.47965,Segovia,291,ADM3,6360853
"mata de ledesma, la",40.98678,-5.98275,Salamanca,112,ADM3,6360428
"mata de los olmos, la",40.87388,-0.5233,Teruel,281,ADM3,6361554
"mata de morella, la",40.61151,-0.27231,Castello,211,ADM3,6357026
"mata, la",39.92751,-4.44727,Toledo,1019,ADM3,6361755
matabuena,41.09197,-3.75094,Segovia,236,ADM3,6360852
matadeon de los oteros,42.33872,-5.37565,Leon,277,ADM3,6358639
matadepera,41.63171,2.01558,Barcelona,8669,ADM3,6356149
matalebreras,41.82942,-2.05464,Soria,82,ADM3,6361155
matallana de torio,42.85098,-5.51101,Leon,1403,ADM3,6358640
matamala de almazan,41.49484,-2.63169,Soria,328,ADM3,6361156
matanza,42.26899,-5.36802,Leon,232,ADM3,6358641
matapozuelos,41.41172,-4.76927,Valladolid,1038,ADM3,6362209
mataro,41.5498,2.44975,Barcelona,124084,ADM3,6356150
matarrubia,40.87102,-3.29867,Guadalajara,59,ADM3,6357946
matet,39.94797,-0.45762,Castello,107,ADM3,6357027
matilla de arzon,42.10781,-5.64365,Zamora,193,ADM3,6362550
matilla de los canos,41.54533,-4.95396,Valladolid,95,ADM3,6362210
matilla de los canos del rio,40.83025,-5.93836,Salamanca,656,ADM3,6360429
matilla la seca,41.5849,-5.49502,Zamora,56,ADM3,6362551
"matilla, la",41.18734,-3.80375,Segovia,101,ADM3,6360854
matillas,40.94452,-2.8342,Guadalajara,158,ADM3,6357947
matute,42.29289,-2.79315,La Rioja,131,ADM3,6359083
"maya, la",40.69136,-5.61377,Salamanca,214,ADM3,6360430
mayalde,41.24424,-5.79943,Zamora,209,ADM3,6362552
mayorga,42.16229,-5.29945,Valladolid,1914,ADM3,6362211
mazaleon,41.02409,0.1021,Teruel,474,ADM3,6361555
mazarambroz,39.64008,-4.0653,Toledo,1315,ADM3,6361756
mazarete,40.97485,-2.18422,Guadalajara,54,ADM3,6357948
mazaricos,42.94283,-8.98567,Coruna,4533,ADM3,6357314
mazariegos,42.04759,-4.7052,Palencia,249,ADM3,6360060
mazarron,37.58641,-1.31652,Murcia,31562,ADM3,6359531
mazcuerras,43.28999,-4.18006,Cantabria,2127,ADM3,6360687
mazuecos,40.2619,-3.01644,Guadalajara,328,ADM3,6357949
mazuecos de valdeginate,42.17012,-4.83162,Palencia,107,ADM3,6360061
mazuela,42.20805,-3.91834,Burgos,68,ADM3,6356487
meano,42.46286,-8.79586,Pontevedra,5453,ADM3,6360228
mecerreyes,42.09641,-3.60824,Burgos,298,ADM3,6356488
meco,40.55314,-3.328,Madrid,13133,ADM3,6359307
medellin,38.96247,-5.99251,Badajoz,2349,ADM3,6355945
mediana de aragon,41.452,-0.72793,Zaragoza,457,ADM3,6362851
mediana de voltoya,40.70942,-4.55666,Avila,101,ADM3,6355726
medina de las torres,38.32498,-6.42336,Badajoz,1305,ADM3,6355946
medina de pomar,42.95252,-3.40831,Burgos,6238,ADM3,6356489
medina de rioseco,41.86475,-5,Valladolid,4967,ADM3,6362213
medina del campo,41.32958,-4.89734,Valladolid,21594,ADM3,6362212
medina-sidonia,36.39688,-5.8675,Cadiz,11863,ADM3,6356938
medinaceli,41.15547,-2.41892,Soria,810,ADM3,6361157
medinilla,40.45398,-5.59463,Avila,133,ADM3,6355727
medio cudeyo,43.38389,-3.75243,Cantabria,7571,ADM3,6360688
mediona,41.47842,1.62237,Barcelona,2348,ADM3,6356151
medranda,40.98604,-2.94026,Guadalajara,98,ADM3,6357950
medrano,42.38996,-2.55818,La Rioja,299,ADM3,6359084
megeces,41.40629,-4.58596,Valladolid,455,ADM3,6362214
megina,40.63861,-1.86508,Guadalajara,48,ADM3,6357951
meira,43.2291,-7.25021,Lugo,1775,ADM3,6359190
meis,42.52054,-8.71538,Pontevedra,4992,ADM3,6360229
mejorada,40.01736,-4.92759,Toledo,1320,ADM3,6361757
mejorada del campo,40.40206,-3.47564,Madrid,22902,ADM3,6359308
melgar de abajo,42.24829,-5.14588,Valladolid,133,ADM3,6362215
melgar de arriba,42.27341,-5.09756,Valladolid,195,ADM3,6362216
melgar de fernamental,42.40673,-4.24776,Burgos,1826,ADM3,6356490
melgar de tera,41.95584,-6.03427,Zamora,423,ADM3,6362553
melgar de yuso,42.25365,-4.25685,Palencia,287,ADM3,6360062
meliana,39.52516,-0.33439,Valencia,10666,ADM3,6362031
melida,42.35346,-1.53089,Navarra,717,ADM3,6359712
melide,42.9343,-8.04352,Coruna,7502,ADM3,6357315
melilla,35.29187,-2.9409,Melilla,80802,ADM3,7577101
melon,42.27591,-8.21587,Ourense,1479,ADM3,6359864
melque de cercos,41.05337,-4.4749,Segovia,97,ADM3,6360855
membibre de la hoz,41.45792,-4.09625,Segovia,43,ADM3,6360856
membribe de la sierra,40.70569,-5.79733,Salamanca,151,ADM3,6360431
membrilla,38.90309,-3.32848,Ciudad Real,6335,ADM3,6357148
membrillera,40.9429,-2.99125,Guadalajara,119,ADM3,6357952
membrio,39.58694,-7.09533,Caceres,738,ADM3,6356814
menaka,43.37323,-2.79687,Bizkaia,754,ADM3,6362407
menarguens,41.74139,0.73661,Lleida,801,ADM3,6358876
menasalbas,39.62433,-4.36526,Toledo,3117,ADM3,6361758
mendaro,43.24578,-2.37858,Gipuzkoa,1962,ADM3,6358170
mendata,43.28339,-2.63682,Bizkaia,378,ADM3,6362405
mendavia,42.44788,-2.20237,Navarra,3726,ADM3,6359713
mendaza,42.66023,-2.25094,Navarra,350,ADM3,6359714
mendexa,43.35267,-2.47946,Bizkaia,439,ADM3,6362406
mendigorria,42.61748,-1.84072,Navarra,1085,ADM3,6359715
meneses de campos,41.95087,-4.91792,Palencia,124,ADM3,6360063
mengabril,38.9192,-5.94162,Badajoz,472,ADM3,6355947
mengamunoz,40.49922,-5.01194,Avila,67,ADM3,6355728
mengibar,37.97014,-3.79645,Jaen,9908,ADM3,6358511
mentrida,40.23075,-4.16859,Toledo,4987,ADM3,6361759
mequinenza,41.32462,0.24593,Zaragoza,2232,ADM3,6362852
meranges,42.4574,1.76925,Girona,91,ADM3,6357612
"merca, a",42.20851,-7.89204,Ourense,2197,ADM3,6359865
mercadal,39.99014,4.09387,Illes Balears,4063,PPLA3,2513922
merida,38.97398,-6.41296,Badajoz,58164,ADM3,6355948
merindad de cuesta-urria,42.86373,-3.37908,Burgos,409,ADM3,6356491
merindad de montija,43.06106,-3.48217,Burgos,848,ADM3,6356492
merindad de rio ubierna,42.55017,-3.68128,Burgos,1411,ADM3,6356695
merindad de sotoscueva,43.02907,-3.64511,Burgos,464,ADM3,6356493
merindad de valdeporres,43.01354,-3.75509,Burgos,461,ADM3,6356494
merindad de valdivielso,42.82363,-3.54439,Burgos,432,ADM3,6356495
meruelo,43.44723,-3.58839,Cantabria,1798,ADM3,6360689
mesas de ibor,39.76496,-5.54562,Caceres,177,ADM3,6356815
"mesas, las",39.37249,-2.74705,Cuenca,2548,ADM3,6357470
mesegar de corneja,40.51601,-5.30564,Avila,77,ADM3,6355729
mesegar de tajo,39.91874,-4.50022,Toledo,237,ADM3,6361760
mesia,43.08964,-8.24478,Coruna,2879,ADM3,6357316
mesones de isuela,41.58099,-1.53559,Zaragoza,266,ADM3,6362853
mestanza,38.49949,-3.98126,Ciudad Real,812,ADM3,6357149
metauten,42.68714,-2.12641,Navarra,287,ADM3,6359716
mezalocha,41.41653,-1.06292,Zaragoza,206,ADM3,6362854
mezquita de jarque,40.73299,-0.87395,Teruel,83,ADM3,6361556
miajadas,39.11794,-5.9396,Caceres,10150,ADM3,6356816
mianos,42.59096,-0.9398,Zaragoza,28,ADM3,6362855
micereces de tera,41.98323,-5.86387,Zamora,530,ADM3,6362554
micieces de ojeda,42.68168,-4.46535,Palencia,93,ADM3,6360064
miedes de aragon,41.24791,-1.45187,Zaragoza,403,ADM3,6362856
miedes de atienza,41.24606,-2.96341,Guadalajara,73,ADM3,6357953
miengo,43.43821,-4.00298,Cantabria,4677,ADM3,6360690
miera,43.28394,-3.71624,Cantabria,424,ADM3,6360691
mieres,43.23428,-5.75071,Asturias,42421,ADM3,6359940
mieres,42.12304,2.6266,Girona,333,ADM3,6534085
"mierla, la",40.94127,-3.24317,Guadalajara,37,ADM3,6357954
mieza,41.16678,-6.69496,Salamanca,248,ADM3,6360432
miguel esteban,39.51933,-3.10345,Toledo,5417,ADM3,6361761
miguelanez,41.14255,-4.3794,Segovia,177,ADM3,6360857
miguelturra,39.08441,-3.96006,Ciudad Real,14727,ADM3,6357150
mijares,40.27198,-4.82856,Avila,828,ADM3,6355730
mijas,36.53507,-4.67355,Malaga,82124,ADM3,6359475
milagro,42.23861,-1.764,Navarra,3378,ADM3,6359717
milagros,41.58811,-3.68466,Burgos,505,ADM3,6356496
"milano, el",41.10429,-6.59751,Salamanca,133,ADM3,6360433
millana,40.50357,-2.56407,Guadalajara,152,ADM3,6357956
millanes,39.85598,-5.56453,Caceres,271,ADM3,6356817
millares,39.22769,-0.7708,Valencia,451,ADM3,6362032
millena,38.7373,-0.37901,Alicante,217,ADM3,6355462
milles de la polvorosa,41.92307,-5.74048,Zamora,239,ADM3,6362555
milmarcos,41.09303,-1.87414,Guadalajara,104,ADM3,6357955
minas de riotinto,37.69065,-6.56939,Huelva,4112,ADM3,6358225
minaya,39.21557,-2.31107,Albacete,1683,ADM3,6355339
minglanilla,39.50162,-1.55507,Cuenca,2696,ADM3,6357471
mingorria,40.76719,-4.68053,Avila,410,ADM3,6355731
mino,43.35152,-8.1767,Coruna,5739,ADM3,6357317
mino de medinaceli,41.17303,-2.55186,Soria,81,ADM3,6361158
mino de san esteban,41.55318,-3.3418,Soria,66,ADM3,6361159
mira,39.6674,-1.49731,Cuenca,1051,ADM3,6357472
mirabel,39.86399,-6.22992,Caceres,702,ADM3,6356818
mirabueno,40.92667,-2.7108,Guadalajara,96,ADM3,6357958
miraflores de la sierra,40.78442,-3.75983,Madrid,5979,ADM3,6359309
mirafuentes,42.62327,-2.27649,Navarra,49,ADM3,6359718
miralcamp,41.60207,0.89474,Lleida,1347,ADM3,6358877
miralrio,40.88775,-2.9335,Guadalajara,91,ADM3,6357959
miramar,38.95612,-0.13393,Valencia,2558,ADM3,6362033
mirambel,40.58488,-0.34615,Teruel,107,ADM3,6355240
miranda de arga,42.48425,-1.83125,Navarra,916,ADM3,6359719
miranda de azan,40.87781,-5.69474,Salamanca,437,ADM3,6360434
miranda de ebro,42.6725,-2.97034,Burgos,38400,ADM3,6356497
miranda del castanar,40.47301,-5.99093,Salamanca,495,ADM3,6360435
mirandilla,39.03027,-6.28019,Badajoz,1362,ADM3,6355949
miraveche,42.67902,-3.187,Burgos,86,ADM3,6356498
miravet,41.0437,0.5817,Tarragona,703,ADM3,6361327
miravete de la sierra,40.56705,-0.70855,Teruel,31,ADM3,6361557
"miron, el",40.55893,-5.39626,Avila,152,ADM3,6355732
mironcillo,40.55832,-4.81869,Avila,104,ADM3,6355733
miruena de los infanzones,40.7366,-5.07524,Avila,122,ADM3,6355734
mislata,39.47518,-0.42066,Valencia,43800,ADM3,6362034
moana,42.28574,-8.71009,Pontevedra,19291,ADM3,6360230
mocejon,39.91805,-3.90916,Toledo,5003,ADM3,6361762
mochales,41.0958,-2.02541,Guadalajara,64,ADM3,6357960
moclin,37.35656,-3.79464,Granada,4204,ADM3,6357742
moclinejo,36.76728,-4.26082,Malaga,1295,ADM3,6359476
modubar de la emparedada,42.26118,-3.65948,Burgos,604,ADM3,6356499
moeche,43.56653,-7.96915,Coruna,1358,ADM3,6357318
mogan,27.83541,-15.71592,Las Palmas,24225,ADM3,6360182
mogarraz,40.503,-6.05775,Salamanca,314,ADM3,6360436
moguer,37.24619,-6.8168,Huelva,20944,ADM3,6358226
mohedas de granadilla,40.27195,-6.18477,Caceres,953,ADM3,6356819
mohedas de la jara,39.60207,-5.15632,Toledo,491,ADM3,6361763
mohernando,40.79863,-3.1685,Guadalajara,200,ADM3,6357961
moia,41.81009,2.09581,Barcelona,5793,ADM3,6356167
moixent,38.86148,-0.8075,Valencia,4737,ADM3,6362035
mojacar,37.12145,-1.85515,Almeria,8173,ADM3,6355576
mojados,41.42784,-4.66924,Valladolid,3295,ADM3,6362217
"mojonera, la",36.78243,-2.68459,Almeria,8682,ADM3,6355618
molacillos,41.58793,-5.66753,Zamora,278,ADM3,6362556
"molar, el",40.70036,-3.56901,Madrid,8226,ADM3,6359310
"molares, los",37.15996,-5.69152,Sevilla,3459,ADM3,6361018
molezuelas de la carballeda,42.07648,-6.19949,Zamora,90,ADM3,6362557
molina de aragon,40.86095,-1.83286,Guadalajara,3706,ADM3,6357962
molina de segura,38.09564,-1.1986,Murcia,70964,ADM3,6359532
molinaseca,42.54307,-6.47302,Leon,886,ADM3,6358642
molinicos,38.50406,-2.29608,Albacete,1020,ADM3,6355340
molinillo,40.47484,-5.94988,Salamanca,54,ADM3,6360437
molinos,40.81992,-0.46396,Teruel,232,ADM3,6361558
molinos de duero,41.88251,-2.8276,Soria,180,ADM3,6361160
"molinos, los",40.7178,-4.08646,Madrid,4590,ADM3,6359311
molins de rei,41.42348,2.04057,Barcelona,24805,ADM3,6356152
molledo,43.12374,-4.01381,Cantabria,1610,ADM3,6360692
mollerussa,41.6226,0.88621,Lleida,14729,ADM3,6358879
mollet de peralada,42.3588,3.00038,Girona,180,ADM3,6534086
mollet del valles,41.55222,2.20901,Barcelona,52242,ADM3,6356153
mollina,37.13785,-4.64128,Malaga,5239,ADM3,6359477
mollo,42.34662,2.40309,Girona,350,ADM3,6357613
molvizar,36.79345,-3.6001,Granada,3215,ADM3,6357743
mombeltran,40.15144,-4.93596,Avila,1165,ADM3,6355735
momblona,41.44126,-2.32416,Soria,26,ADM3,6361161
mombuey,42.0014,-6.32816,Zamora,433,ADM3,6362558
monachil,37.13715,-3.54034,Granada,7402,ADM3,6357744
monasterio,40.99437,-3.10679,Guadalajara,19,ADM3,6357963
monasterio de la sierra,42.05093,-3.18269,Burgos,48,ADM3,6356500
monasterio de rodilla,42.46261,-3.48775,Burgos,200,ADM3,6356501
monasterio de vega,42.24711,-5.21169,Valladolid,103,ADM3,6362218
moncada,39.55679,-0.39124,Valencia,21953,ADM3,6362036
moncalvillo,41.95625,-3.18768,Burgos,102,ADM3,6356502
moncofa,39.79759,-0.14863,Castello,6475,ADM3,6357028
monda,36.62502,-4.84757,Malaga,2523,ADM3,6359478
mondariz,42.23586,-8.4335,Pontevedra,4841,ADM3,6360231
mondariz-balneario,42.22525,-8.46793,Pontevedra,690,ADM3,6360232
mondejar,40.33279,-3.13071,Guadalajara,2750,ADM3,6357964
mondonedo,43.43157,-7.34928,Lugo,4183,ADM3,6359191
monegrillo,41.64836,-0.41572,Zaragoza,380,ADM3,6362857
monesma y cajigar,42.22484,0.61373,Huesca,68,ADM3,6358371
monesterio,38.03866,-6.1699,Badajoz,4362,ADM3,6355950
moneva,41.15276,-0.82032,Zaragoza,118,ADM3,6362858
monfarracinos,41.56228,-5.70126,Zamora,924,ADM3,6362559
monfero,43.35397,-8.03234,Coruna,2129,ADM3,6357319
monflorite-lascasas,42.08568,-0.37098,Huesca,475,ADM3,6358372
monforte de la sierra,40.48155,-6.0618,Salamanca,97,ADM3,6360438
monforte de lemos,42.51201,-7.49423,Lugo,19604,ADM3,6359192
monforte de moyuela,41.05478,-0.99973,Teruel,83,ADM3,6361559
monforte del cid,38.36863,-0.7044,Alicante,7803,ADM3,6355463
monistrol de calders,41.75638,2.01397,Barcelona,700,ADM3,6356157
monistrol de montserrat,41.61888,1.83641,Barcelona,2993,ADM3,6356156
monleon,40.58375,-5.84747,Salamanca,107,ADM3,6360439
monleras,41.19175,-6.23092,Salamanca,256,ADM3,6360440
monover/monovar,38.42809,-0.92208,Alicante,12844,ADM3,6355464
monreal,42.70421,-1.50785,Navarra,369,PPLA3,3116456
monreal de ariza,41.28744,-2.11157,Zaragoza,173,ADM3,6362859
monreal del campo,40.77203,-1.33461,Teruel,2578,ADM3,6361560
monreal del llano,39.55778,-2.77176,Cuenca,79,ADM3,6357473
monreal/elo,42.70382,-1.53099,Navarra,482,ADM3,6359720
monroy,39.67833,-6.15391,Caceres,1094,ADM3,6356820
monroyo,40.78812,-0.01375,Teruel,324,ADM3,6361561
monsagro,40.50468,-6.24051,Salamanca,162,ADM3,6360441
monsalupe,40.77031,-4.78908,Avila,60,ADM3,6355736
mont-ral,41.29911,1.1112,Tarragona,167,ADM3,6361333
mont-ras,41.88978,3.15932,Girona,1818,ADM3,6534087
mont-roig del camp,41.05043,0.95835,Tarragona,12702,ADM3,6361334
montagut i oix,42.27389,2.55366,Girona,978,ADM3,6357614
montalban,40.84955,-0.79763,Teruel,1162,ADM3,6361562
montalban de cordoba,37.57669,-4.75296,Cordoba,4635,ADM3,6357235
montalbanejo,39.74856,-2.49021,Cuenca,126,ADM3,6357474
montalbo,39.85989,-2.67079,Cuenca,759,ADM3,6357475
montalvos,39.18333,-2.02014,Albacete,124,ADM3,6355341
montamarta,41.65759,-5.81503,Zamora,618,ADM3,6362560
montan,40.0335,-0.55273,Castello,415,ADM3,6357029
montanchez,39.12805,-6.26184,Caceres,1936,ADM3,6356821
montanejos,40.0704,-0.52861,Castello,620,ADM3,6357030
montanuy,42.55272,0.68843,Huesca,230,ADM3,6358373
montarron,40.90503,-3.11438,Guadalajara,31,ADM3,6357965
montaverner,38.88779,-0.4916,Valencia,1815,ADM3,6362038
montblanc,41.34652,1.14321,Tarragona,7356,ADM3,6361329
montbrio del camp,41.11968,0.99445,Tarragona,2515,ADM3,6361330
montcada i reixac,41.49539,2.18386,Barcelona,34689,ADM3,6356154
montclar,42.01754,1.76365,Barcelona,115,ADM3,6356159
monteagudo,41.96626,-1.69486,Navarra,1145,ADM3,6359721
monteagudo de las salinas,39.81612,-1.90703,Cuenca,155,ADM3,6357476
monteagudo de las vicarias,41.37533,-2.20382,Soria,246,ADM3,6361162
monteagudo del castillo,40.45281,-0.78042,Teruel,43,ADM3,6361563
montealegre de campos,41.89332,-4.90577,Valladolid,126,ADM3,6362219
montealegre del castillo,38.73753,-1.29664,Albacete,2234,ADM3,6355342
montearagon,39.95808,-4.63373,Toledo,555,ADM3,6361764
montecorto,36.8158,-5.29803,Cadiz,0,PPLA3,2513644
montecorto,36.81487,-5.29863,Malaga,0,ADM3,11395789
montederramo,42.28331,-7.4945,Ourense,894,ADM3,6359867
montefrio,37.34443,-4.03292,Granada,6054,ADM3,6357745
montehermoso,40.04372,-6.33886,Caceres,5884,ADM3,6356822
montejaque,36.72841,-5.28519,Malaga,1017,ADM3,6359479
montejicar,37.5577,-3.5111,Granada,2375,ADM3,6357746
montejo,40.64872,-5.62239,Salamanca,235,ADM3,6360442
montejo de arevalo,41.14855,-4.66873,Segovia,215,ADM3,6360858
montejo de la sierra,41.10154,-3.51076,Madrid,354,ADM3,6359312
montejo de la vega de la serrezuela,41.55158,-3.61615,Segovia,154,ADM3,6360859
montejo de tiermes,41.38371,-3.20805,Soria,188,ADM3,6361163
montella i martinet,42.33453,1.70132,Lleida,683,ADM3,6358881
montellano,36.99726,-5.53448,Sevilla,7162,ADM3,6361019
montemayor,37.64903,-4.69254,Cordoba,4123,ADM3,6357236
montemayor de pililla,41.51016,-4.4448,Valladolid,977,ADM3,6362220
montemayor del rio,40.35522,-5.88958,Salamanca,311,ADM3,6360443
montemolin,38.12954,-6.16685,Badajoz,1494,ADM3,6355951
montenegro de cameros,42.08635,-2.74913,Soria,83,ADM3,6361164
monterde,41.1735,-1.75556,Zaragoza,152,ADM3,6362860
monterde de albarracin,40.49981,-1.4863,Teruel,66,ADM3,6361564
monterrei,41.95021,-7.52296,Ourense,2924,ADM3,6359868
monterroso,42.80035,-7.83631,Lugo,3969,ADM3,6359193
monterrubio,40.84154,-4.36715,Segovia,66,ADM3,6360860
monterrubio de armuna,41.03799,-5.65316,Salamanca,1299,ADM3,6360444
monterrubio de la demanda,42.15063,-3.10785,Burgos,68,ADM3,6356503
monterrubio de la serena,38.60899,-5.44556,Badajoz,2650,ADM3,6355952
monterrubio de la sierra,40.75746,-5.69283,Salamanca,185,ADM3,6360445
montesa,38.94186,-0.6351,Valencia,1353,ADM3,6362039
montesclaros,40.08975,-4.92683,Toledo,455,ADM3,6361765
"montesinos, los",38.03047,-0.75255,Alicante,5203,ADM3,6355516
montesquiu,42.11462,2.21122,Barcelona,921,ADM3,6356160
montferrer i castellbo,42.39999,1.32756,Lleida,1036,ADM3,6358882
montferri,41.26202,1.3782,Tarragona,502,ADM3,6361331
montgai,41.80183,0.965,Lleida,635,ADM3,6358880
montgat,41.47377,2.28069,Barcelona,10859,ADM3,6356155
montichelvo,38.89129,-0.34123,Valencia,673,PPLA3,2513607
montiel,38.6579,-2.90927,Ciudad Real,1540,ADM3,6357151
montijo,38.94519,-6.57392,Badajoz,16205,ADM3,6355953
montilla,37.56608,-4.64083,Cordoba,23836,ADM3,6357237
montillana,37.48023,-3.716,Granada,1386,ADM3,6357747
montitxelvo/montichelvo,38.89794,-0.33491,Valencia,676,ADM3,6362040
montizon,38.37354,-3.09823,Jaen,1904,ADM3,6358512
montmajor,41.98408,1.73917,Barcelona,473,ADM3,6356161
montmaneu,41.60434,1.40446,Barcelona,187,ADM3,6356162
montmelo,41.55789,2.24799,Barcelona,8830,ADM3,6356164
montoliu de lleida,41.56106,0.60026,Lleida,511,ADM3,6358884
montoliu de segarra,41.58873,1.27596,Lleida,197,ADM3,6358883
monton,41.20703,-1.51687,Zaragoza,94,ADM3,6362861
montorio,42.5857,-3.77535,Burgos,184,ADM3,6356504
montornes de segarra,41.59938,1.2125,Lleida,92,ADM3,6358885
montornes del valles,41.55011,2.26978,Barcelona,16192,ADM3,6356165
montoro,38.12623,-4.35262,Cordoba,9834,ADM3,6357238
montroy,39.3348,-0.64003,Valencia,2902,ADM3,6362041
montseny,41.77831,2.38992,Barcelona,303,ADM3,6356166
montserrat,39.34963,-0.59021,Valencia,7133,ADM3,6362037
montuiri,39.5664,2.9806,Illes Balears,2855,ADM3,6533959
monturque,37.48409,-4.57981,Cordoba,2004,ADM3,6357239
monzon,41.90231,0.17021,Huesca,17263,ADM3,6358374
monzon de campos,42.10587,-4.46287,Palencia,652,ADM3,6360065
mora,39.68548,-3.73734,Toledo,10466,ADM3,6361766
mora d'ebre,41.104,0.59622,Tarragona,5704,ADM3,6361335
mora de rubielos,40.22664,-0.73177,Teruel,1649,ADM3,6361565
mora la nova,41.09848,0.66125,Tarragona,3285,ADM3,6361336
moradillo de roa,41.54565,-3.78458,Burgos,199,ADM3,6356505
moral de calatrava,38.79193,-3.57857,Ciudad Real,5665,ADM3,6357152
moral de hornuez,41.47232,-3.61453,Segovia,82,ADM3,6360861
moral de la reina,41.97209,-5.08382,Valladolid,208,ADM3,6362221
moral de sayago,41.46274,-6.04736,Zamora,304,ADM3,6362561
moraleda de zafayona,37.19102,-3.95943,Granada,3266,ADM3,6357748
moraleja,40.01622,-6.6977,Caceres,7130,ADM3,6356823
moraleja de enmedio,40.26013,-3.89423,Madrid,4984,ADM3,6359313
moraleja de las panaderas,41.28197,-4.8235,Valladolid,42,ADM3,6362222
moraleja de matacabras,41.1164,-4.94488,Avila,55,ADM3,6355737
moraleja de sayago,41.17666,-5.98191,Zamora,260,ADM3,6362563
moraleja del vino,41.46012,-5.64935,Zamora,1654,ADM3,6362562
morales de campos,41.85861,-5.17483,Valladolid,166,ADM3,6362223
morales de rey,42.06522,-5.77055,Zamora,669,ADM3,6362565
morales de toro,41.53524,-5.29909,Zamora,1063,ADM3,6362566
morales de valverde,41.93911,-5.88006,Zamora,218,ADM3,6362567
morales del vino,41.44288,-5.72664,Zamora,2858,ADM3,6362564
moralina,41.50413,-6.13962,Zamora,342,ADM3,6362568
moralzarzal,40.67126,-3.94042,Madrid,12697,ADM3,6359314
morana,42.58301,-8.57494,Pontevedra,4402,ADM3,6360233
morasverdes,40.59463,-6.28314,Salamanca,310,ADM3,6360446
morata de jalon,41.44961,-1.46278,Zaragoza,1082,ADM3,6362862
morata de jiloca,41.24494,-1.58364,Zaragoza,235,ADM3,6362863
morata de tajuna,40.23372,-3.45405,Madrid,7515,ADM3,6359315
moratalla,38.23179,-1.91331,Murcia,8290,ADM3,6359533
moratilla de los meleros,40.50946,-2.93902,Guadalajara,137,ADM3,6357966
moratinos,42.35602,-4.9336,Palencia,67,ADM3,6360066
morcillo,40.00118,-6.40572,Caceres,415,ADM3,6356824
morcin,43.26372,-5.89314,Asturias,2866,ADM3,6359941
moreda de alava,42.53151,-2.41729,Araba / Alava,246,ADM3,6355271
morelabor,37.44714,-3.30566,Granada,742,ADM3,6357801
morella,40.58187,-0.07762,Castello,2739,ADM3,6357031
morenilla,40.7747,-1.69985,Guadalajara,49,ADM3,6357967
morentin,42.59716,-1.99378,Navarra,133,ADM3,6359722
"morera, la",38.56829,-6.67221,Badajoz,739,ADM3,6355954
moreruela de los infanzones,41.63276,-5.73091,Zamora,379,ADM3,6362569
moreruela de tabara,41.80738,-5.82544,Zamora,360,ADM3,6362570
mores,41.47717,-1.56647,Zaragoza,303,ADM3,6362864
morga,43.31062,-2.76039,Bizkaia,406,ADM3,6362409
moriles,37.43071,-4.61048,Cordoba,3907,ADM3,6357240
morille,40.80348,-5.69782,Salamanca,263,ADM3,6360447
morinigo,40.96309,-5.39485,Salamanca,117,ADM3,6360448
moriscos,41.00853,-5.57038,Salamanca,306,ADM3,6360449
moron de almazan,41.40184,-2.38518,Soria,222,ADM3,6361165
moron de la frontera,37.10375,-5.40797,Sevilla,28390,ADM3,6361020
moronta,40.96037,-6.43063,Salamanca,94,ADM3,6360450
moros,41.39734,-1.83507,Zaragoza,441,ADM3,6362865
mos,42.2,-8.6,Pontevedra,15267,ADM3,3116058
moscardon,40.32271,-1.54707,Teruel,61,ADM3,6361566
mosqueruela,40.36272,-0.4006,Teruel,544,ADM3,6361567
mostoles,40.30955,-3.90057,Madrid,206031,ADM3,6359316
mota de altarejos,39.86893,-2.29666,Cuenca,39,ADM3,6357477
mota del cuervo,39.51013,-2.87378,Cuenca,6370,ADM3,6357478
mota del marques,41.62832,-5.17635,Valladolid,393,ADM3,6362224
motilla del palancar,39.56248,-1.91249,Cuenca,6276,ADM3,6357479
motilleja,39.16392,-1.78538,Albacete,589,ADM3,6355343
motril,36.73643,-3.47028,Granada,61171,ADM3,6357749
moya,39.96328,-1.34025,Cuenca,199,ADM3,6357480
moya,28.09059,-15.58829,Las Palmas,8042,ADM3,6360183
moyuela,41.15158,-0.91574,Zaragoza,227,ADM3,6362866
mozarbez,40.8448,-5.68587,Salamanca,502,ADM3,6360451
mozoncillo,41.15042,-4.1856,Segovia,1064,ADM3,6360862
mozota,41.47715,-1.05244,Zaragoza,130,ADM3,6362867
mucientes,41.76082,-4.7764,Valladolid,731,ADM3,6362225
muda,42.87718,-4.40024,Palencia,100,ADM3,6360067
"mudarra, la",41.78456,-4.94292,Valladolid,179,ADM3,6362226
muduex,40.826,-2.95113,Guadalajara,114,ADM3,6357968
muel,41.4683,-1.11344,Zaragoza,1474,ADM3,6362868
"muela, la",41.56453,-1.09056,Zaragoza,5062,ADM3,6362869
muelas de los caballeros,42.14592,-6.32799,Zamora,209,ADM3,6362571
muelas del pan,41.55844,-5.99777,Zamora,747,ADM3,6362572
mues,42.59669,-2.22879,Navarra,96,ADM3,6359723
muga de sayago,41.36567,-6.21647,Zamora,397,ADM3,6362573
mugardos,43.45641,-8.24661,Coruna,5456,ADM3,6357320
muinos,41.95304,-7.96819,Ourense,1779,ADM3,6359869
mula,37.99296,-1.53661,Murcia,16968,ADM3,6359534
munana,40.60141,-5.01443,Avila,489,ADM3,6355738
mundaka,43.40928,-2.70367,Bizkaia,1940,ADM3,6362411
munebrega,41.24813,-1.71819,Zaragoza,361,ADM3,6362870
munera,39.08589,-2.43347,Albacete,3757,ADM3,6355344
mungia,43.34543,-2.8409,Bizkaia,16912,ADM3,6362412
munico,40.71326,-5.03538,Avila,117,ADM3,6355739
muniesa,41.07441,-0.76065,Teruel,572,ADM3,6361568
munilla,42.19818,-2.32587,La Rioja,123,ADM3,6359085
munitibar-arbatzegi gerrikaitz,43.26206,-2.59326,Bizkaia,438,ADM3,6362358
munogalindo,40.59869,-4.90778,Avila,401,ADM3,6355740
munogrande,40.81449,-4.93752,Avila,81,ADM3,6355741
munomer del peco,40.86874,-4.88735,Avila,139,ADM3,6355742
munopedro,40.88154,-4.48883,Segovia,340,ADM3,6360863
munopepe,40.63283,-4.81528,Avila,106,ADM3,6355743
munosancho,40.92098,-5.02973,Avila,122,ADM3,6355744
munotello,40.5448,-5.03014,Avila,76,ADM3,6355745
munoveros,41.18329,-3.94852,Segovia,191,ADM3,6360864
muntanyola,41.89835,2.16639,Barcelona,600,ADM3,6356158
mura,41.68879,1.97473,Barcelona,227,ADM3,6356168
muras,43.50338,-7.68758,Lugo,754,ADM3,6359194
murchante,42.04198,-1.66278,Navarra,3758,ADM3,6359724
murcia,37.94399,-1.16364,Murcia,441354,ADM3,6362997
murero,41.16911,-1.48648,Zaragoza,92,ADM3,6362871
murias de paredes,42.84238,-6.18768,Leon,483,ADM3,6358643
muriel,41.12982,-4.8507,Valladolid,169,ADM3,6362227
muriel de la fuente,41.72507,-2.86784,Soria,74,ADM3,6361166
muriel viejo,41.77626,-2.9078,Soria,81,ADM3,6361167
murieta,42.65826,-2.14748,Navarra,352,ADM3,6359725
murillo de gallego,42.2289,-0.81622,Zaragoza,203,ADM3,6362872
murillo de rio leza,42.40743,-2.30838,La Rioja,1787,ADM3,6359086
murillo el cuende,42.35731,-1.60247,Navarra,687,ADM3,6359726
murillo el fruto,42.39991,-1.45702,Navarra,683,ADM3,6359727
murla,38.76482,-0.07755,Alicante,598,ADM3,6355466
muro,39.73495,3.05424,Illes Balears,6963,ADM3,6533960
muro de aguas,42.12927,-2.12295,La Rioja,65,ADM3,6359087
muro de alcoy,38.78855,-0.42816,Alicante,9010,ADM3,6355467
muro en cameros,42.22087,-2.53856,La Rioja,48,ADM3,6359088
muros,42.77537,-9.05934,Coruna,9437,ADM3,6357322
muros de nalon,43.55525,-6.09677,Asturias,1911,ADM3,6359942
murtas,36.86091,-3.12196,Granada,621,ADM3,6357750
murueta,43.35836,-2.67966,Bizkaia,302,ADM3,6362442
muruzabal,42.69052,-1.75709,Navarra,282,ADM3,6359728
museros,39.57054,-0.34981,Valencia,6262,ADM3,6362042
muskiz,43.3303,-3.12906,Bizkaia,7541,ADM3,6362413
mutiloa,43.02929,-2.27478,Gipuzkoa,253,ADM3,6358146
mutriku,43.30169,-2.38475,Gipuzkoa,5101,ADM3,6358145
mutxamel,38.42593,-0.45693,Alicante,23834,ADM3,6355465
muxia,43.06753,-9.22221,Coruna,5269,ADM3,6357321
muxika,43.24872,-2.67836,Bizkaia,1468,ADM3,6362410
nabarniz,43.3256,-2.58562,Bizkaia,227,ADM3,6362443
nacimiento,37.1475,-2.65932,Almeria,512,ADM3,6355577
nafria de ucero,41.72146,-3.10085,Soria,46,ADM3,6361168
najera,42.4244,-2.73399,La Rioja,8427,ADM3,6359089
nalda,42.33231,-2.48804,La Rioja,1028,ADM3,6359090
nalec,41.5469,1.11569,Lleida,93,ADM3,6358886
nambroca,39.80284,-3.91661,Toledo,4298,ADM3,6361767
naquera,39.64596,-0.41499,Valencia,6009,ADM3,6362043
narboneta,39.75641,-1.48528,Cuenca,55,ADM3,6357481
naron,43.53334,-8.20062,Coruna,39238,ADM3,6357323
narrillos del alamo,40.5762,-5.46841,Avila,91,ADM3,6355746
narrillos del rebollar,40.68016,-4.9598,Avila,60,ADM3,6355747
narros,41.85295,-2.27753,Soria,45,ADM3,6361169
narros de matalayegua,40.70221,-5.89345,Salamanca,238,ADM3,6360452
narros de salduena,40.87491,-4.86452,Avila,130,ADM3,6355750
narros del castillo,40.85216,-5.04852,Avila,187,ADM3,6355748
narros del puerto,40.54012,-4.99212,Avila,38,ADM3,6355749
naut aran,42.68617,0.90603,Lleida,1758,ADM3,6358784
nava,43.33952,-5.4949,Asturias,5599,ADM3,6359943
nava de arevalo,40.99043,-4.75789,Avila,857,ADM3,6355752
nava de bejar,40.47998,-5.67698,Salamanca,110,ADM3,6360454
nava de francia,40.53058,-6.12135,Salamanca,142,ADM3,6360455
nava de la asuncion,41.14889,-4.4905,Segovia,3014,ADM3,6360865
"nava de ricomalillo, la",39.6512,-5.00287,Toledo,635,ADM3,6361768
nava de roa,41.61578,-3.96261,Burgos,238,ADM3,6356506
"nava de santiago, la",39.07625,-6.51479,Badajoz,1040,ADM3,6355955
nava de sotrobal,40.88938,-5.28503,Salamanca,180,ADM3,6360456
nava del barco,40.26607,-5.55814,Avila,110,ADM3,6355753
nava del rey,41.37667,-5.10473,Valladolid,2103,ADM3,6362228
"nava, la",37.97084,-6.7576,Huelva,313,ADM3,6358227
navacarros,40.3827,-5.70237,Salamanca,136,ADM3,6360453
navacepedilla de corneja,40.48725,-5.16415,Avila,116,ADM3,6355751
navacerrada,40.75686,-4.00711,Madrid,2793,ADM3,6359317
navaconcejo,40.1715,-5.84453,Caceres,1975,ADM3,6356825
navadijos,40.43032,-5.08218,Avila,46,ADM3,6355754
navaescurial,40.4689,-5.26321,Avila,60,ADM3,6355755
navafria,41.03129,-3.83262,Segovia,342,ADM3,6360866
navahermosa,39.65629,-4.47207,Toledo,4143,ADM3,6361769
navahondilla,40.33866,-4.48771,Avila,342,ADM3,6355756
navajas,39.88281,-0.49985,Castello,833,ADM3,6357032
navajun,41.96839,-2.08313,La Rioja,20,ADM3,6359091
naval,42.20129,0.16993,Huesca,250,ADM3,6358375
navalacruz,40.45183,-4.97887,Avila,279,ADM3,6355757
navalafuente,40.82133,-3.67062,Madrid,1397,ADM3,6359318
navalagamella,40.44006,-4.1313,Madrid,2601,ADM3,6359319
navalcan,40.11128,-5.08902,Toledo,2358,ADM3,6361770
navalcarnero,40.2821,-3.99743,Madrid,28305,ADM3,6359320
navaleno,41.85118,-3.00553,Soria,877,ADM3,6361170
navales,40.77854,-5.47343,Salamanca,337,ADM3,6360457
navalilla,41.33859,-3.93851,Segovia,116,ADM3,6360867
navalmanzano,41.22208,-4.25447,Segovia,1186,ADM3,6360868
navalmoral,40.46403,-4.73763,Avila,417,ADM3,6355758
navalmoral de bejar,40.43238,-5.78735,Salamanca,58,ADM3,6360458
navalmoral de la mata,39.93694,-5.56202,Caceres,17401,ADM3,6356826
navalmoralejo,39.75022,-5.11844,Toledo,73,ADM3,6361771
"navalmorales, los",39.70631,-4.61443,Toledo,2872,ADM3,6361772
navalonguilla,40.23389,-5.52747,Avila,289,ADM3,6355759
navalosa,40.39284,-4.8931,Avila,354,ADM3,6355760
navalperal de pinares,40.58666,-4.44624,Avila,1001,ADM3,6355761
navalperal de tormes,40.34542,-5.28234,Avila,107,ADM3,6355762
navalpino,39.25153,-4.61591,Ciudad Real,260,ADM3,6357153
"navalucillos, los",39.5666,-4.6803,Toledo,2574,ADM3,6361773
navaluenga,40.39647,-4.70147,Avila,2152,ADM3,6355763
navalvillar de ibor,39.60071,-5.37411,Caceres,469,ADM3,6356827
navalvillar de pela,39.11472,-5.49277,Badajoz,4831,ADM3,6355956
navamorales,40.47976,-5.48953,Salamanca,82,ADM3,6360459
navamorcuende,40.13057,-4.83622,Toledo,683,ADM3,6361774
navaquesera,40.42438,-4.91491,Avila,33,ADM3,6355764
navarcles,41.75619,1.91299,Barcelona,5973,ADM3,6356169
navardun,42.50667,-1.16188,Zaragoza,39,ADM3,6362873
navares de ayuso,41.37323,-3.69717,Segovia,53,ADM3,6360869
navares de enmedio,41.4074,-3.73174,Segovia,108,ADM3,6360870
navares de las cuevas,41.42499,-3.75267,Segovia,23,ADM3,6360871
navaridas,42.54325,-2.62932,Araba / Alava,220,ADM3,6355272
navarredonda de gredos,40.34817,-5.11563,Avila,485,ADM3,6355765
navarredonda de la rinconada,40.60136,-6.00205,Salamanca,203,ADM3,6360460
navarredonda y san mames,41.00226,-3.72134,Madrid,141,ADM3,6359321
navarredondilla,40.44103,-4.83094,Avila,274,ADM3,6355766
navarres,39.08386,-0.7436,Valencia,3354,ADM3,6362044
navarrete,42.42812,-2.56381,La Rioja,2881,ADM3,6359092
navarrevisca,40.3578,-4.86407,Avila,312,ADM3,6355767
navas,41.89768,1.8742,Barcelona,6145,ADM3,6356170
navas de bureba,42.68738,-3.33374,Burgos,41,ADM3,6356507
navas de estena,39.47369,-4.53312,Ciudad Real,328,ADM3,6357154
"navas de jadraque, las",41.10523,-3.08536,Guadalajara,32,ADM3,6357969
navas de jorquera,39.27947,-1.72045,Albacete,554,ADM3,6355345
"navas de la concepcion, las",37.93159,-5.45337,Sevilla,1721,ADM3,6361021
navas de oro,41.20812,-4.42138,Segovia,1451,ADM3,6360872
navas de riofrio,40.84901,-4.11465,Segovia,423,ADM3,6360953
navas de san antonio,40.72094,-4.34548,Segovia,430,ADM3,6360873
navas de san juan,38.23506,-3.35383,Jaen,4982,ADM3,6358513
navas del madrono,39.6601,-6.62417,Caceres,1412,ADM3,6356828
"navas del marques, las",40.59497,-4.34626,Avila,5728,ADM3,6355768
navas del rey,40.37756,-4.27707,Madrid,2666,ADM3,6359322
navascues,42.71758,-1.11744,Navarra,198,PPLA3,3115589
navascues/nabaskoze,42.72659,-1.10434,Navarra,171,ADM3,6359729
navasfrias,40.29671,-6.80482,Salamanca,508,ADM3,6360461
navata,42.2221,2.86016,Girona,1254,ADM3,6534088
navatalgordo,40.41015,-4.85154,Avila,255,ADM3,6355769
navatejares,40.32199,-5.53518,Avila,61,ADM3,6355770
naves,41.98961,1.63336,Lleida,291,ADM3,6358887
navezuelas,39.50199,-5.42558,Caceres,668,ADM3,6356829
navia,43.5446,-6.66208,Asturias,8982,ADM3,6359944
navia de suarna,42.9849,-6.96833,Lugo,1337,ADM3,6359195
navianos de valverde,41.95274,-5.8144,Zamora,205,ADM3,6362574
nazar,42.63957,-2.28044,Navarra,50,ADM3,6359730
nebreda,41.96221,-3.61708,Burgos,73,ADM3,6356508
neda,43.50054,-8.13624,Coruna,5422,ADM3,6357324
negredo,41.02956,-2.85527,Guadalajara,26,ADM3,6357970
negreira,42.91095,-8.8051,Coruna,7079,ADM3,6357325
negrilla de palencia,41.10923,-5.59963,Salamanca,129,ADM3,6360462
negueira de muniz,43.13125,-6.89597,Lugo,213,ADM3,6359196
neila,42.05179,-2.97852,Burgos,206,ADM3,6356509
neila de san miguel,40.42706,-5.65387,Avila,84,ADM3,6355771
nepas,41.51499,-2.40953,Soria,67,ADM3,6361171
nerja,36.7646,-3.83998,Malaga,22617,ADM3,6359480
nerpio,38.15928,-2.36911,Albacete,1478,ADM3,6355346
nerva,37.70032,-6.52662,Huelva,5766,ADM3,6358228
nestares,42.28622,-2.60525,La Rioja,79,ADM3,6359093
nevada,37.04074,-3.02718,Granada,1158,ADM3,6355241
niebla,37.43064,-6.67988,Huelva,4149,ADM3,6358229
nieva,41.09233,-4.45246,Segovia,344,ADM3,6360874
nieva de cameros,42.2201,-2.6705,La Rioja,99,ADM3,6359094
nigran,42.14598,-8.82104,Pontevedra,17840,ADM3,6360235
nigueelas,36.99632,-3.48555,Granada,1203,ADM3,6357751
nigueella,41.55558,-1.50842,Zaragoza,62,ADM3,6362874
niguelas,36.9776,-3.53949,Granada,924,PPLA3,2513223
niguella,41.53621,-1.5245,Zaragoza,92,PPLA3,3115461
niharra,40.59248,-4.84284,Avila,170,ADM3,6355772
nijar,36.96114,-2.20036,Almeria,29465,ADM3,6355578
nivar,37.26762,-3.55253,Granada,937,ADM3,6357752
noain (valle de elorz)/noain (elortzibar),42.73908,-1.59375,Navarra,7566,ADM3,6359636
noalejo,37.5497,-3.60051,Jaen,2106,ADM3,6358514
noblejas,40.00253,-3.42577,Toledo,3670,ADM3,6361775
noceda del bierzo,42.71013,-6.39797,Leon,760,ADM3,6358644
noez,39.73965,-4.15544,Toledo,980,ADM3,6361776
"nogais, as",42.76514,-7.1092,Lugo,1295,ADM3,6359197
nogal de las huertas,42.38938,-4.63612,Palencia,46,ADM3,6360068
nogales,38.59219,-6.74698,Badajoz,701,ADM3,6355957
nogueira de ramuin,42.39879,-7.70591,Ourense,2336,ADM3,6359870
noguera de albarracin,40.45851,-1.62562,Teruel,152,ADM3,6361569
nogueras,41.1467,-1.07575,Teruel,32,ADM3,6361570
nogueruelas,40.25266,-0.62245,Teruel,188,ADM3,6361571
noia,42.78369,-8.88725,Coruna,14757,ADM3,6357326
noja,43.48594,-3.51571,Cantabria,2653,ADM3,6360693
nolay,41.52252,-2.34514,Soria,59,ADM3,6361172
nombela,40.13196,-4.5294,Toledo,1021,ADM3,6361777
nombrevilla,41.10514,-1.34995,Zaragoza,62,ADM3,6362875
nonaspe,41.21463,0.24856,Zaragoza,1012,ADM3,6362876
norena,43.39672,-5.70828,Asturias,5432,ADM3,6359945
novales,42.03577,-0.28418,Huesca,154,ADM3,6358376
novallas,41.94711,-1.70948,Zaragoza,859,ADM3,6362877
novelda,38.37757,-0.78442,Alicante,26692,ADM3,6355468
novele/novetle,38.98128,-0.54998,Valencia,874,ADM3,6362045
noves,40.04168,-4.27679,Toledo,2950,ADM3,6361778
noviercas,41.68966,-1.99236,Soria,180,ADM3,6361173
novillas,41.91906,-1.37615,Zaragoza,502,ADM3,6362878
nueno,42.29424,-0.31703,Huesca,568,ADM3,6358377
nueva carteya,37.58921,-4.45908,Cordoba,5650,ADM3,6357241
nueva villa de las torres,41.27076,-5.09953,Valladolid,321,ADM3,6362229
nuevalos,41.20288,-1.77372,Zaragoza,306,ADM3,6362879
nuevo baztan,40.37525,-3.24755,Madrid,6239,ADM3,6359323
nuez de ebro,41.58115,-0.68514,Zaragoza,889,ADM3,6362880
nules,39.85818,-0.16891,Castello,13636,ADM3,6357033
nulles,41.25205,1.29063,Tarragona,551,ADM3,6361340
numancia de la sagra,40.07805,-3.82333,Toledo,4951,ADM3,6361779
nuno gomez,40.12877,-4.60734,Toledo,172,ADM3,6361780
nunomoral,40.40944,-6.24671,Caceres,1411,ADM3,6356830
o grove,42.47848,-8.88778,Pontevedra,11236,ADM3,6360224
o porrino,42.13107,-8.63894,Pontevedra,18543,ADM3,6360238
o rosal,41.93517,-8.83597,Pontevedra,6574,ADM3,6360246
o savinao,42.63901,-7.6482,Lugo,4314,ADM3,3109310
obanos,42.66171,-1.78414,Navarra,911,ADM3,6359731
obejo,38.13024,-4.79691,Cordoba,2025,ADM3,6357242
obon,40.91286,-0.72487,Teruel,35,ADM3,6361572
ocana,39.95667,-3.4997,Toledo,11147,ADM3,6361781
ocentejo,40.77079,-2.38989,Guadalajara,25,ADM3,6357971
ochagavia/otsagabia,42.94873,-1.0744,Navarra,618,ADM3,6359733
ochanduri,42.52594,-3.00094,La Rioja,109,ADM3,6359096
oco,42.64349,-2.16046,Navarra,71,ADM3,6359732
ocon,42.30561,-2.19728,La Rioja,330,ADM3,6359095
oden,42.11819,1.44068,Lleida,268,ADM3,6358888
odena,41.61784,1.63284,Barcelona,3580,ADM3,6356172
odieta,42.9315,-1.64592,Navarra,353,ADM3,6359734
odon,40.88218,-1.55767,Teruel,191,ADM3,6361573
oencia,42.54705,-6.99321,Leon,349,ADM3,6358645
ogassa,42.26259,2.25605,Girona,247,ADM3,6357615
ogijares,37.12384,-3.61242,Granada,13403,ADM3,6357753
ohanes,37.06455,-2.76203,Almeria,714,ADM3,6355579
oia,42.02434,-8.87258,Pontevedra,3101,ADM3,6360236
oiartzun,43.25417,-1.84746,Gipuzkoa,10018,ADM3,6358152
oimbra,41.86827,-7.52513,Ourense,2062,ADM3,6359871
oitz,43.09295,-1.69092,Navarra,155,ADM3,6359735
ojacastro,42.34846,-2.9879,La Rioja,186,ADM3,6359097
ojen,36.56123,-4.80688,Malaga,3451,ADM3,6359481
ojos,38.11598,-1.35667,Murcia,500,ADM3,6359535
ojos negros,40.7283,-1.47174,Teruel,445,ADM3,6361574
ojos-albos,40.72193,-4.51504,Avila,60,ADM3,6355773
okondo,43.15,-3.03333,Araba / Alava,1194,ADM3,3115024
olaberria,43.02698,-2.20624,Gipuzkoa,941,ADM3,6358147
olaibar,42.90002,-1.60323,Navarra,262,ADM3,6359736
olazti/olazagutia,42.87596,-2.1983,Navarra,1662,ADM3,6359737
olba,40.12597,-0.64169,Teruel,286,ADM3,6361575
olea de boedo,42.60926,-4.46803,Palencia,37,ADM3,6360069
oleiros,43.37259,-8.33733,Coruna,34386,ADM3,6357327
olejua,42.62332,-2.13975,Navarra,55,ADM3,6359738
olerdola,41.31667,1.71667,Barcelona,3946,ADM3,3115175
olesa de bonesvalls,41.3531,1.84388,Barcelona,1755,ADM3,6356174
olesa de montserrat,41.55205,1.91005,Barcelona,23980,ADM3,6356175
oliana,42.09987,1.32289,Lleida,1920,ADM3,6358889
olias del rey,39.95242,-3.98408,Toledo,7010,ADM3,6361782
oliete,40.99376,-0.63968,Teruel,351,ADM3,6361576
oliola,41.86442,1.17915,Lleida,202,ADM3,6358890
olite-erriberri,42.47971,-1.65196,Navarra,3431,PPLA3,3115162
olite/erriberri,42.44741,-1.6798,Navarra,3832,ADM3,6359739
olius,41.99303,1.57092,Lleida,881,ADM3,6358891
oliva,38.8973,-0.0911,Valencia,28207,ADM3,6362046
oliva de la frontera,38.25421,-6.98528,Badajoz,5513,ADM3,6355958
oliva de merida,38.74104,-6.05424,Badajoz,1842,ADM3,6355959
oliva de plasencia,40.10592,-6.09549,Caceres,304,ADM3,6356831
"oliva, la",28.68818,-13.92263,Las Palmas,24079,ADM3,6360184
"olivar, el",40.60198,-2.75775,Guadalajara,129,ADM3,6357972
olivares,37.44735,-6.16425,Sevilla,9587,ADM3,6361022
olivares de duero,41.64646,-4.36581,Valladolid,325,ADM3,6362230
olivares de jucar,39.75524,-2.33101,Cuenca,391,ADM3,6357482
olivella,41.30283,1.79812,Barcelona,3678,ADM3,6356176
olivenza,38.68316,-7.103,Badajoz,12002,ADM3,6355960
ollauri,42.54185,-2.82808,La Rioja,314,ADM3,6359098
"olleria, l'",38.91055,-0.54693,Valencia,8630,ADM3,6362048
ollo,42.86119,-1.84941,Navarra,401,ADM3,6359742
olmeda de cobeta,40.84192,-2.20763,Guadalajara,82,ADM3,6357973
"olmeda de jadraque, la",41.12331,-2.73946,Guadalajara,14,ADM3,6357974
olmeda de la cuesta,40.30746,-2.4717,Cuenca,39,ADM3,6357483
olmeda de las fuentes,40.37112,-3.20757,Madrid,338,ADM3,6359324
olmeda del rey,39.83805,-2.06191,Cuenca,150,ADM3,6357484
olmedilla de alarcon,39.61421,-2.11709,Cuenca,160,ADM3,6357485
olmedilla de eliz,40.29905,-2.42241,Cuenca,22,ADM3,6357486
olmedillo de roa,41.78062,-3.92104,Burgos,187,ADM3,6356510
olmedo,41.30161,-4.70881,Valladolid,3868,ADM3,6362231
olmedo de camaces,40.82317,-6.50759,Salamanca,134,ADM3,6360463
olmillos de castro,41.73399,-5.97293,Zamora,281,ADM3,6362575
olmillos de muno,42.20449,-3.94014,Burgos,41,ADM3,6356511
olmos de esgueva,41.69015,-4.51208,Valladolid,234,ADM3,6362232
olmos de ojeda,42.73359,-4.46637,Palencia,240,ADM3,6360070
olmos de penafiel,41.5651,-4.03658,Valladolid,69,ADM3,6362233
"olmos, los",40.89885,-0.47492,Teruel,111,ADM3,6361577
olocau,39.68999,-0.52301,Valencia,1647,ADM3,6362047
olocau del rey,40.64106,-0.34144,Castello,135,ADM3,6357034
olombrada,41.43226,-4.15046,Segovia,681,ADM3,6360875
oloriz,42.63522,-1.61276,Navarra,212,PPLA3,3115095
oloriz/oloritz,42.64182,-1.59677,Navarra,179,ADM3,6359740
olost,42.00014,2.1005,Barcelona,1188,ADM3,6356177
olot,42.18332,2.48671,Girona,33813,ADM3,6357616
olula de castro,37.16661,-2.48174,Almeria,191,ADM3,6355580
olula del rio,37.383,-2.30667,Almeria,6500,ADM3,6355581
olvan,42.058,1.91304,Barcelona,892,ADM3,6356173
olvega,41.79148,-1.97983,Soria,3861,ADM3,6361174
olvena,42.10718,0.26811,Huesca,63,ADM3,6358378
olvera,36.95088,-5.28169,Cadiz,8494,ADM3,6356939
olves,41.22746,-1.66306,Zaragoza,111,ADM3,6362881
"omanas, las",42.6849,-5.85387,Leon,315,ADM3,6358646
ona,42.71766,-3.3691,Burgos,1168,ADM3,6356512
onate,43.03262,-2.40997,Gipuzkoa,10896,PPLA3,3115063
onati,43.01783,-2.40679,Gipuzkoa,11151,ADM3,6358148
oncala,41.96629,-2.28793,Soria,100,ADM3,6361175
onda,39.99149,-0.22714,Castello,25571,ADM3,6357035
ondara,38.82796,0.01571,Alicante,6657,ADM3,6355470
ondarroa,43.32587,-2.43027,Bizkaia,8838,ADM3,6362415
onil,38.62438,-0.67257,Alicante,7697,ADM3,6355471
onis,43.30319,-4.94821,Asturias,786,ADM3,6359946
ontigola,40.00639,-3.53525,Toledo,4042,ADM3,6361783
ontinena,41.62624,0.02855,Huesca,502,ADM3,6358379
ontinyent,38.81967,-0.66373,Valencia,37140,ADM3,6362049
ontur,38.62846,-1.47099,Albacete,2246,ADM3,6355347
onzonilla,42.51505,-5.58775,Leon,1764,ADM3,6358647
oquillas,41.83675,-3.69332,Burgos,62,ADM3,6356513
orba,38.79344,-0.07022,Alicante,2604,ADM3,6355472
"orbada, la",41.10545,-5.46575,Salamanca,226,ADM3,6360464
orbaizeta,42.99705,-1.21318,Navarra,217,ADM3,6359743
orbaneja riopico,42.36045,-3.58446,Burgos,233,ADM3,6356514
orbara,42.9729,-1.24634,Navarra,43,ADM3,6359744
orbita,40.99167,-4.65968,Avila,87,ADM3,6355774
orcajo,41.1074,-1.5075,Zaragoza,58,ADM3,6362882
orce,37.69766,-2.41029,Granada,1301,ADM3,6357754
orcera,38.43453,-2.86698,Jaen,1992,ADM3,6358515
ordes,43.08797,-8.39737,Coruna,12963,ADM3,6357328
"ordial, el",41.079,-3.15164,Guadalajara,34,ADM3,6357975
ordis,42.21887,2.90827,Girona,391,ADM3,6534089
ordizia,43.06376,-2.18183,Gipuzkoa,9817,ADM3,6358164
orea,40.52615,-1.73858,Guadalajara,245,ADM3,6357976
oreja,43.09382,-2.01119,Gipuzkoa,0,PPLA3,3114972
orejana,41.16047,-3.77378,Segovia,71,ADM3,6360876
orellana de la sierra,39.0189,-5.50519,Badajoz,280,ADM3,6355961
orellana la vieja,39.02438,-5.54863,Badajoz,2939,ADM3,6355962
orendain,43.0777,-2.1048,Gipuzkoa,181,ADM3,6358174
orera,41.30724,-1.45172,Zaragoza,101,ADM3,6362883
ores,42.25759,-1.01386,Zaragoza,74,ADM3,6362884
orexa,43.08876,-1.99581,Gipuzkoa,123,ADM3,6358149
organya,42.20762,1.32033,Lleida,792,ADM3,6358895
orgaz,39.64994,-3.90875,Toledo,2804,ADM3,6361784
orgiva,36.86643,-3.38416,Granada,5772,ADM3,6357755
oria,37.49657,-2.31794,Almeria,2858,ADM3,6355582
orihuela,38.02738,-0.91361,Alicante,90087,ADM3,6355474
orihuela del tremedal,40.54805,-1.62716,Teruel,450,ADM3,6361578
orio,43.27746,-2.12706,Gipuzkoa,5382,ADM3,6358150
oris,42.07279,2.22976,Barcelona,294,ADM3,6356178
orisoain,42.60133,-1.59792,Navarra,89,ADM3,6359745
orista,41.95124,2.07065,Barcelona,566,ADM3,6356179
orkoien,42.82869,-1.70231,Navarra,3696,ADM3,6359817
ormaiztegi,43.04318,-2.24931,Gipuzkoa,1303,ADM3,6358151
ormaiztegui,43.04339,-2.25673,Gipuzkoa,0,PPLA3,3114930
oronz,42.86873,-1.09683,Navarra,56,PPLA3,3114913
oronz/orontze,42.87339,-1.06922,Navarra,49,ADM3,6359746
oropesa,39.96684,-5.20517,Toledo,2902,ADM3,6361785
oropesa del mar/orpesa,40.08254,0.12788,Castello,9898,ADM3,6357036
oroso,43.00214,-8.37977,Coruna,7328,ADM3,6357329
"orotava, la",28.31932,-16.54762,Santa Cruz de Tenerife,41726,ADM3,6360633
oroz-betelu/orotz-betelu,42.90241,-1.30505,Navarra,166,ADM3,6359747
orozko,43.11667,-2.91667,Bizkaia,2549,ADM3,3114902
orpi,41.5281,1.57848,Barcelona,160,ADM3,6356180
orreaga/roncesvalles,43.01894,-1.30731,Navarra,24,ADM3,6359759
orrios,40.58375,-0.95473,Teruel,112,ADM3,6361579
orrius,41.55393,2.34958,Barcelona,651,ADM3,6356181
ortigosa,42.17568,-2.70513,La Rioja,0,PPLA3,3114880
ortigosa de cameros,42.16145,-2.71155,La Rioja,280,ADM3,6359099
ortigosa de pestano,41.09345,-4.38979,Segovia,100,ADM3,6360877
ortigosa del monte,40.82789,-4.16611,Segovia,560,ADM3,6360950
ortigueira,43.67289,-7.83919,Coruna,6550,ADM3,6357330
ortuella,43.30732,-3.05386,Bizkaia,8416,ADM3,6362423
orusco de tajuna,40.294,-3.2113,Madrid,1300,ADM3,6359325
orxeta,38.54839,-0.28825,Alicante,921,ADM3,6355473
os de balaguer,41.89214,0.70195,Lleida,991,ADM3,6358896
osa de la vega,39.64529,-2.7694,Cuenca,601,ADM3,6357487
oseja,41.6074,-1.6958,Zaragoza,44,ADM3,6362885
oseja de sajambre,43.13449,-5.05181,Leon,312,ADM3,6358648
osera de ebro,41.53513,-0.54842,Zaragoza,428,ADM3,6362886
"oso, el",40.8457,-4.77385,Avila,210,ADM3,6355775
osor,41.95242,2.56674,Girona,451,ADM3,6534090
osornillo,42.36983,-4.29102,Palencia,73,ADM3,6360071
osorno la mayor,42.38944,-4.37886,Palencia,1435,ADM3,6360167
ossa de montiel,38.97631,-2.76454,Albacete,2645,ADM3,6355348
osso de cinca,41.66396,0.22082,Huesca,644,ADM3,6358380
osso de sio,41.75353,1.14919,Lleida,218,ADM3,6358897
osuna,37.22229,-5.11371,Sevilla,17973,ADM3,6361023
oteiza,42.57368,-1.94839,Navarra,959,ADM3,6359748
otero,40.02218,-4.51132,Toledo,381,ADM3,6361786
otero de bodas,41.95751,-6.18417,Zamora,204,ADM3,6362576
otero de herreros,40.81728,-4.21201,Segovia,997,ADM3,6360878
otivar,36.8423,-3.73063,Granada,1203,ADM3,6357756
otos,38.87996,-0.44899,Valencia,470,ADM3,6362050
otura,37.07666,-3.65212,Granada,6910,ADM3,6357757
otxandio,43.04088,-2.65677,Bizkaia,1302,ADM3,6362414
ourense,42.35088,-7.90211,Ourense,107597,ADM3,6359872
ourol,43.55647,-7.66187,Lugo,1142,ADM3,6359198
outeiro de rei,43.11643,-7.60506,Lugo,5046,ADM3,6359199
outes,42.83692,-8.9131,Coruna,7192,ADM3,6357331
oviedo,43.35796,-5.87339,Asturias,225973,ADM3,6359947
oyon-oion,42.53958,-2.43656,Araba / Alava,3305,ADM3,6355273
oza-cesuras,43.21912,-8.18314,Coruna,0,ADM3,11395791
pacs del penedes,41.36023,1.65906,Barcelona,879,ADM3,6356182
paderne,43.29199,-8.15721,Coruna,2597,ADM3,6362992
paderne de allariz,42.26667,-7.75,Ourense,1574,ADM3,3114665
padiernos,40.62201,-4.8664,Avila,275,ADM3,6355776
padilla de abajo,42.40901,-4.17678,Burgos,93,ADM3,6356515
padilla de arriba,42.43847,-4.19283,Burgos,89,ADM3,6356516
padrenda,42.13626,-8.14872,Ourense,2244,ADM3,6359873
padron,42.76126,-8.6313,Coruna,8882,ADM3,6357333
padrones de bureba,42.70351,-3.54216,Burgos,49,ADM3,6356517
padul,37.01803,-3.66932,Granada,8480,ADM3,6357758
padules,36.96889,-2.76968,Almeria,520,ADM3,6355583
paiporta,39.42711,-0.41186,Valencia,24506,ADM3,6362051
pajara,28.2245,-14.17649,Las Palmas,20500,ADM3,6360185
pajarejos,41.39099,-3.5935,Segovia,23,ADM3,6360879
pajares de adaja,40.9124,-4.6491,Avila,194,ADM3,6355777
pajares de la laguna,41.10444,-5.5094,Salamanca,132,ADM3,6360465
pajares de la lampreana,41.71208,-5.68344,Zamora,419,ADM3,6362577
pajares de los oteros,42.34865,-5.46034,Leon,362,ADM3,6358649
pajaron,39.98558,-1.81542,Cuenca,95,ADM3,6357488
pajaroncillo,39.95324,-1.72871,Cuenca,80,ADM3,6357489
palacios de goda,41.10417,-4.75866,Avila,447,ADM3,6355778
palacios de la sierra,41.97504,-3.11572,Burgos,791,ADM3,6356518
palacios de la valduerna,42.31707,-5.94776,Leon,448,ADM3,6358650
palacios de riopisuerga,42.3437,-4.25669,Burgos,33,ADM3,6356519
palacios de sanabria,42.04047,-6.54536,Zamora,272,ADM3,6362579
palacios del arzobispo,41.16588,-5.88553,Salamanca,178,ADM3,6360466
palacios del pan,41.60906,-5.88907,Zamora,274,ADM3,6362578
palacios del sil,42.86741,-6.40381,Leon,1159,ADM3,6358651
"palacios y villafranca, los",37.15682,-5.91361,Sevilla,37741,ADM3,6361024
palaciosrubios,41.05872,-5.19268,Salamanca,422,ADM3,6360467
palafolls,41.67165,2.72835,Barcelona,9027,ADM3,6533992
palafrugell,41.90842,3.18578,Girona,22880,ADM3,6534091
palamos,41.86061,3.14432,Girona,17813,ADM3,6534092
palanques,40.71328,-0.18356,Castello,31,ADM3,6357037
palas de rei,42.86918,-7.90138,Lugo,3656,ADM3,6359200
palau de santa eulalia,42.17501,2.96545,Girona,100,ADM3,6534093
palau-sator,41.98056,3.11656,Girona,294,ADM3,6534094
palau-saverdera,42.30724,3.1456,Girona,1481,ADM3,6534095
palau-solita i plegamans,41.57972,2.17966,Barcelona,14484,ADM3,6356183
palazuelo de vedija,41.9302,-5.1351,Valladolid,210,ADM3,6362234
palazuelos de eresma,40.92496,-4.0193,Segovia,4561,ADM3,6360880
palazuelos de la sierra,42.2161,-3.44722,Burgos,66,ADM3,6356520
palazuelos de muno,42.18665,-3.9791,Burgos,60,ADM3,6356521
palencia,41.98601,-4.56492,Palencia,81198,ADM3,6360072
palencia de negrilla,41.1081,-5.61685,Salamanca,162,ADM3,6360468
palenciana,37.25341,-4.58882,Cordoba,1623,ADM3,6357243
palenzuela,42.09687,-4.11773,Palencia,222,ADM3,6360073
palleja,41.42184,1.9792,Barcelona,11255,ADM3,6356184
palma,39.56939,2.65024,Illes Balears,438234,PPLA,2512989
palma de gandia,38.94367,-0.23497,Valencia,1819,ADM3,6362052
palma de mallorca,39.56951,2.64745,Illes Balears,407648,ADM3,6533961
"palma del condado, la",37.4035,-6.55666,Huelva,10606,ADM3,6358230
palma del rio,37.66448,-5.32187,Cordoba,21547,ADM3,6357244
palmaces de jadraque,41.06001,-2.91712,Guadalajara,63,ADM3,6357977
palmera,38.94352,-0.15127,Valencia,1022,ADM3,6362053
palo,42.32596,0.24103,Huesca,32,ADM3,6358381
palol de revardit,42.05775,2.80367,Girona,478,ADM3,6534096
palomar de arroyos,40.7736,-0.71986,Teruel,166,ADM3,6361580
"palomar, el",38.8608,-0.49421,Valencia,595,ADM3,6362054
palomares del campo,39.94268,-2.62894,Cuenca,745,ADM3,6357490
palomares del rio,37.31625,-6.05662,Sevilla,7709,ADM3,6361025
palomas,38.70114,-6.16363,Badajoz,717,ADM3,6355963
palomeque,40.11719,-3.97125,Toledo,928,ADM3,6361787
palomera,40.06932,-2.02274,Cuenca,196,ADM3,7577089
palomero,40.24652,-6.27506,Caceres,412,ADM3,6356832
palos de la frontera,37.19345,-6.89181,Huelva,9809,ADM3,6358231
pals,41.98471,3.17674,Girona,2793,ADM3,6534097
pampaneira,36.9645,-3.38678,Granada,344,ADM3,6357759
pampliega,42.20595,-3.98581,Burgos,363,ADM3,6356522
pamplona,42.81276,-1.64432,Navarra,197604,ADM3,6359749
pancorbo,42.66863,-3.13253,Burgos,501,ADM3,6356523
pancrudo,40.79477,-0.99868,Teruel,118,ADM3,6361581
paniza,41.26856,-1.20898,Zaragoza,634,ADM3,6362887
panticosa,42.74952,-0.23679,Huesca,910,ADM3,6358382
pantoja,40.04418,-3.82067,Toledo,3360,ADM3,6361788
panton,42.5089,-7.63756,Lugo,2860,ADM3,6359201
papatrigo,40.86786,-4.83676,Avila,265,ADM3,6355779
paracuellos,39.73516,-1.74181,Cuenca,131,ADM3,6357491
paracuellos de jarama,40.51983,-3.53338,Madrid,19882,ADM3,6359326
paracuellos de jiloca,41.30059,-1.66277,Zaragoza,607,ADM3,6362888
paracuellos de la ribera,41.42655,-1.55316,Zaragoza,112,ADM3,6362889
parada de arriba,40.98141,-5.8022,Salamanca,264,ADM3,6360469
parada de rubiales,41.15335,-5.43354,Salamanca,309,ADM3,6360470
parada de sil,42.36152,-7.54731,Ourense,648,ADM3,6359874
paradas,37.28559,-5.48163,Sevilla,7085,ADM3,6361026
paradela,42.75382,-7.59008,Lugo,2038,ADM3,6359202
paradinas de san juan,40.9686,-5.16762,Salamanca,452,ADM3,6360471
paramo de boedo,42.59161,-4.3871,Palencia,85,ADM3,6360074
paramo del sil,42.82879,-6.47598,Leon,1421,ADM3,6358652
"paramo, o",42.83897,-7.52426,Lugo,1555,ADM3,3114318
parauta,36.66569,-5.08209,Malaga,242,ADM3,6359482
parcent,38.74319,-0.07414,Alicante,1131,ADM3,6355475
pardilla,41.55106,-3.71067,Burgos,124,ADM3,6356524
pardines,42.30901,2.22934,Girona,154,ADM3,6357617
pardos,40.945,-1.92283,Guadalajara,55,ADM3,6357978
paredes,40.0817,-2.85043,Cuenca,79,ADM3,6357492
paredes de escalona,40.21042,-4.44341,Toledo,159,ADM3,6361789
paredes de nava,42.17047,-4.67706,Palencia,2104,ADM3,6360075
paredes de sigueenza,41.23721,-2.73605,Guadalajara,33,ADM3,6357979
paredes de siguenza,41.24283,-2.73376,Guadalajara,42,PPLA3,3114272
pareja,40.57457,-2.65927,Guadalajara,523,ADM3,6357980
parets del valles,41.56417,2.23525,Barcelona,18492,ADM3,6356186
parla,40.23378,-3.77209,Madrid,128256,ADM3,6359327
parlava,42.02186,3.04291,Girona,386,ADM3,6534098
"parra de las vegas, la",39.87168,-2.23721,Cuenca,43,ADM3,6357493
"parra, la",38.52755,-6.6094,Badajoz,1389,ADM3,6355964
"parral, el",40.79363,-4.98645,Avila,106,ADM3,6355780
"parras de castellote, las",40.76065,-0.22991,Teruel,61,ADM3,6361582
parres,43.37431,-5.17564,Asturias,5699,ADM3,6359948
"parrilla, la",41.53951,-4.54438,Valladolid,523,ADM3,6362235
parrillas,40.09567,-5.04447,Toledo,411,ADM3,6361790
partaloa,37.41209,-2.22914,Almeria,969,ADM3,6355584
partido de la sierra en tobalina,42.72464,-3.23942,Burgos,92,ADM3,6356525
pasaia,43.3253,-1.92707,Gipuzkoa,15990,PPLA3,6693088
pasajes,43.34026,-1.89802,Gipuzkoa,15885,ADM3,3114231
pasaron de la vera,40.02373,-5.81733,Caceres,663,ADM3,6356833
pascualcobo,40.64564,-5.26683,Avila,42,ADM3,6355781
"paso, el",28.6587,-17.86892,Santa Cruz de Tenerife,7874,ADM3,6534190
passanant i belltall,41.53056,1.19425,Tarragona,161,ADM3,6361343
pastores,40.5215,-6.49928,Salamanca,59,ADM3,6360472
"pastoriza, a",43.29007,-7.33442,Lugo,3393,ADM3,6359203
pastrana,40.39788,-2.89123,Guadalajara,1070,ADM3,6357981
pastriz,41.60739,-0.76397,Zaragoza,1305,ADM3,6362890
paterna,39.53229,-0.47315,Valencia,67356,ADM3,6362055
paterna de rivera,36.52109,-5.84944,Cadiz,5662,ADM3,6356940
paterna del campo,37.48275,-6.48585,Huelva,3611,ADM3,6358232
paterna del madera,38.58943,-2.34524,Albacete,443,ADM3,6355349
paterna del rio,37.05246,-2.94807,Almeria,433,ADM3,6355585
patones,40.89454,-3.4811,Madrid,523,ADM3,6359328
pau,42.31594,3.11771,Girona,597,ADM3,6534099
pauels,40.93668,0.40916,Tarragona,602,ADM3,6361344
pavias,39.9705,-0.47466,Castello,59,ADM3,6357038
paymogo,37.73988,-7.32388,Huelva,1293,ADM3,6358233
payo de ojeda,42.73182,-4.50104,Palencia,70,ADM3,6360076
"payo, el",40.29528,-6.72599,Salamanca,394,ADM3,6360473
pazos de borben,42.28333,-8.53333,Pontevedra,3170,ADM3,3114160
pazuengos,42.30349,-2.93046,La Rioja,35,ADM3,6359100
peal de becerro,37.8949,-3.15766,Jaen,5614,ADM3,6358516
pechina,36.95006,-2.39951,Almeria,3746,ADM3,6355586
"pedernoso, el",39.47882,-2.77266,Cuenca,1278,ADM3,6357494
pedrafita do cebreiro,42.69472,-7.08248,Lugo,1199,ADM3,6359204
"pedraja de portillo, la",41.48076,-4.69821,Valladolid,1169,ADM3,6362236
pedrajas de san esteban,41.36117,-4.58811,Valladolid,3628,ADM3,6362237
pedralba,39.59469,-0.7205,Valencia,2970,ADM3,6362056
pedralba de la praderia,41.98893,-6.68299,Zamora,300,ADM3,6362580
pedraza,41.13333,-3.81231,Segovia,461,ADM3,6360881
pedraza de alba,40.74474,-5.36539,Salamanca,254,ADM3,6360474
pedraza de campos,41.9734,-4.70613,Palencia,97,ADM3,6360077
"pedregal, el",40.78423,-1.56531,Guadalajara,84,ADM3,6357982
pedreguer,38.80725,0.0422,Alicante,7751,ADM3,6355476
pedrera,37.20124,-4.90345,Sevilla,5374,ADM3,6361027
pedret i marza,42.31067,3.06587,Girona,184,ADM3,6534100
pedrezuela,40.74101,-3.62503,Madrid,5746,ADM3,6359329
pedro abad,37.97477,-4.46728,Cordoba,2971,ADM3,6357245
pedro bernardo,40.23585,-4.9044,Avila,968,ADM3,6355782
pedro martinez,37.50862,-3.22309,Granada,1272,ADM3,6357760
pedro munoz,39.40406,-2.92229,Ciudad Real,8659,ADM3,6357155
pedro-rodriguez,40.94047,-4.78136,Avila,187,ADM3,6355783
pedroche,38.41779,-4.74365,Cordoba,1633,ADM3,6357246
pedrola,41.7656,-1.23197,Zaragoza,3842,ADM3,6362891
"pedroneras, las",39.43843,-2.62643,Cuenca,7180,ADM3,6357495
pedrosa de duero,41.73613,-3.99425,Burgos,472,ADM3,6356526
pedrosa de la vega,42.48554,-4.7347,Palencia,340,ADM3,6360078
pedrosa de rio urbel,42.41963,-3.83737,Burgos,263,ADM3,6356529
pedrosa del paramo,42.44242,-3.97104,Burgos,101,ADM3,6356527
pedrosa del principe,42.24911,-4.19884,Burgos,173,ADM3,6356528
pedrosa del rey,41.52892,-5.20791,Valladolid,191,ADM3,6362238
"pedrosas, las",42.03135,-0.87668,Zaragoza,118,ADM3,6362892
pedrosillo de alba,40.81501,-5.40539,Salamanca,160,ADM3,6360475
pedrosillo de los aires,40.69476,-5.69427,Salamanca,392,ADM3,6360476
pedrosillo el ralo,41.05807,-5.55464,Salamanca,136,ADM3,6360477
pedroso,42.29486,-2.70019,La Rioja,82,ADM3,6359101
pedroso de acim,39.85662,-6.40504,Caceres,110,ADM3,6356834
"pedroso de la armuna, el",41.09176,-5.39582,Salamanca,253,ADM3,6360478
"pedroso, el",37.81124,-5.78589,Sevilla,2194,ADM3,6361028
pegalajar,37.7248,-3.61274,Jaen,3093,ADM3,6358517
pego,38.85266,-0.09004,Alicante,11029,ADM3,6355477
"pego, el",41.35261,-5.47761,Zamora,348,ADM3,6362581
peguerinos,40.65732,-4.23348,Avila,339,ADM3,6355784
pelabravo,40.9429,-5.58613,Salamanca,1064,ADM3,6360479
pelahustan,40.14979,-4.59237,Toledo,380,ADM3,6361791
pelarrodriguez,40.88694,-6.21594,Salamanca,182,ADM3,6360480
pelayos,40.66288,-5.5701,Salamanca,119,ADM3,6360481
pelayos de la presa,40.36408,-4.32268,Madrid,2572,ADM3,6359330
pelayos del arroyo,41.05882,-3.95147,Segovia,70,ADM3,6360882
peleagonzalo,41.48696,-5.47729,Zamora,313,ADM3,6362582
peleas de abajo,41.38924,-5.68729,Zamora,236,ADM3,6362583
peligros,37.24182,-3.63316,Granada,11059,ADM3,6357761
"pena, la",41.18513,-6.52919,Salamanca,123,ADM3,6360482
penacaballera,40.34333,-5.86055,Salamanca,168,ADM3,6360483
penacerrada-urizaharra,42.64208,-2.7029,Araba / Alava,280,ADM3,6355274
penafiel,41.59967,-4.12809,Valladolid,5628,ADM3,6362239
penaflor,37.72762,-5.36379,Sevilla,3788,ADM3,6361029
penaflor de hornija,41.726,-4.97464,Valladolid,343,ADM3,6362240
penagos,43.34129,-3.81486,Cantabria,1929,ADM3,6360694
penaguila,38.66181,-0.37532,Alicante,318,ADM3,6355478
penalba,41.47611,-0.02999,Huesca,657,ADM3,6358383
penalba de avila,40.80195,-4.71573,Avila,129,ADM3,6355785
penalen,40.68631,-2.08348,Guadalajara,98,ADM3,6357983
penalsordo,38.83316,-5.1302,Badajoz,1121,ADM3,6355965
penalver,40.57719,-2.8852,Guadalajara,225,ADM3,6357984
penamellera alta,43.32388,-4.69118,Asturias,598,ADM3,6359949
penamellera baja,43.29528,-4.61072,Asturias,1317,ADM3,6359950
penaparda,40.31615,-6.66298,Salamanca,392,ADM3,6360484
penaranda de bracamonte,40.90248,-5.21176,Salamanca,6800,ADM3,6360485
penaranda de duero,41.68712,-3.45323,Burgos,578,ADM3,6356530
penarandilla,40.88075,-5.392,Salamanca,232,ADM3,6360486
penarroya de tastavins,40.75166,0.06516,Teruel,497,ADM3,6361583
penarroya-pueblonuevo,38.30976,-5.2368,Cordoba,11651,ADM3,6357247
penarrubia,43.25895,-4.58308,Cantabria,367,ADM3,6360695
"penas de riglos, las",42.40685,-0.7342,Huesca,268,ADM3,6358384
penas de san pedro,38.71565,-2.02895,Albacete,1360,ADM3,6355351
penascosa,38.6615,-2.33545,Albacete,387,ADM3,6355350
penausende,41.28258,-5.89263,Zamora,467,ADM3,6362584
penelles,41.74053,0.95267,Lleida,462,ADM3,6358901
peniscola/peniscola,40.3359,0.36126,Castello,8214,ADM3,6357039
pepino,40.02043,-4.78578,Toledo,2643,ADM3,6361792
peque,42.07307,-6.26227,Zamora,176,ADM3,6362585
peracense,40.6602,-1.46692,Teruel,68,ADM3,6361584
perafita,42.05054,2.10325,Barcelona,407,ADM3,6356187
perafort,41.1892,1.24045,Tarragona,1342,ADM3,6361345
peral de arlanza,42.07407,-4.0545,Burgos,160,ADM3,6356531
"peral, el",39.50937,-1.88323,Cuenca,823,ADM3,6357496
peralada,42.3077,3.00768,Girona,1888,ADM3,6534102
peraleda de la mata,39.87083,-5.46164,Caceres,1434,ADM3,6356835
peraleda de san roman,39.7597,-5.38634,Caceres,322,ADM3,6356836
peraleda del zaucejo,38.47698,-5.56307,Badajoz,612,ADM3,6355966
"peraleja, la",40.24225,-2.54527,Cuenca,138,ADM3,6357497
peralejos,40.4824,-0.99266,Teruel,89,ADM3,6361585
peralejos de abajo,41.01047,-6.36005,Salamanca,169,ADM3,6360487
peralejos de arriba,41.0049,-6.31607,Salamanca,49,ADM3,6360488
peralejos de las truchas,40.58657,-1.91483,Guadalajara,151,ADM3,6357985
perales,42.17794,-4.58538,Palencia,139,ADM3,6360079
perales de tajuna,40.23049,-3.35836,Madrid,2877,ADM3,6359331
perales del alfambra,40.63238,-0.9591,Teruel,293,ADM3,6361586
perales del puerto,40.13667,-6.68459,Caceres,966,ADM3,6356837
peralta,42.33834,-1.80035,Navarra,5722,PPLA3,3113800
peralta de alcofea,41.88976,-0.04427,Huesca,596,ADM3,6358385
peralta de calasanz,41.98684,0.38284,Huesca,206,ADM3,6358386
peralta/azkoien,42.36043,-1.81098,Navarra,6009,ADM3,6359750
peraltilla,42.04695,-0.01574,Huesca,212,ADM3,6358387
peralveche,40.60398,-2.48275,Guadalajara,81,ADM3,6357986
peramola,42.08219,1.27082,Lleida,353,ADM3,6358902
peranzanes,42.88318,-6.66234,Leon,332,ADM3,6358653
perarrua,42.27072,0.35035,Huesca,116,ADM3,6358388
"perdigon, el",41.42171,-5.79677,Zamora,792,ADM3,6362586
perdiguera,41.75136,-0.60658,Zaragoza,559,ADM3,6362893
"pereiro de aguiar, o",42.3576,-7.78019,Ourense,6306,ADM3,6359875
perena de la ribera,41.22411,-6.53025,Salamanca,434,ADM3,6360489
pereruela,41.42085,-5.87936,Zamora,658,ADM3,6362587
periana,36.93445,-4.18688,Malaga,3560,ADM3,6359483
perilla de castro,41.72864,-5.84028,Zamora,189,ADM3,6362588
"pernia, la",42.99581,-4.47605,Palencia,373,ADM3,6360170
peromingo,40.46467,-5.7741,Salamanca,147,ADM3,6360490
perosillo,41.38815,-4.14419,Segovia,21,ADM3,6360883
"peroxa, a",42.45883,-7.78795,Ourense,2085,ADM3,6359876
pertusa,42.0016,-0.12751,Huesca,129,ADM3,6358389
pesaguero,43.0751,-4.52507,Cantabria,340,ADM3,6360696
pescueza,39.88357,-6.61875,Caceres,173,ADM3,6356838
"pesga, la",40.31254,-6.15673,Caceres,1121,ADM3,6356839
pesoz,43.26568,-6.86652,Asturias,191,ADM3,6359951
pesquera,43.08718,-4.06549,Cantabria,71,ADM3,6360697
pesquera de duero,41.65807,-4.21148,Valladolid,515,ADM3,6362241
"pesquera, la",39.58314,-1.53513,Cuenca,249,ADM3,6357498
petilla de aragon,42.44527,-1.11735,Navarra,29,ADM3,6359751
petin,42.36802,-7.11089,Ourense,982,ADM3,6359877
petra,39.61309,3.11119,Illes Balears,2908,ADM3,6533962
petrer,38.49125,-0.73836,Alicante,34697,ADM3,6355479
petres,39.68585,-0.31282,Valencia,1019,ADM3,6362057
petrola,38.79949,-1.51389,Albacete,826,ADM3,6355352
"peza, la",37.29215,-3.31829,Granada,1293,ADM3,6357762
pezuela de las torres,40.40447,-3.17614,Madrid,796,ADM3,6359332
pias,42.09945,-6.98365,Zamora,149,ADM3,6362589
picanya,39.43089,-0.43563,Valencia,11319,ADM3,6362058
picassent,39.35239,-0.45542,Valencia,20265,ADM3,6362059
"picazo, el",39.44624,-2.09159,Cuenca,745,ADM3,6357499
picon,39.05428,-4.07171,Ciudad Real,702,ADM3,6357156
piedrabuena,39.09583,-4.2719,Ciudad Real,4770,ADM3,6357157
piedrahita,40.4743,-5.33113,Avila,2054,ADM3,6355786
piedrahita de castro,41.66817,-5.73747,Zamora,118,ADM3,6362590
piedralaves,40.32081,-4.71402,Avila,2288,ADM3,6355787
piedramillera,42.63799,-2.2068,Navarra,48,ADM3,6359752
piedras albas,39.78724,-6.93565,Caceres,177,ADM3,6356840
piedratajada,42.11334,-0.77994,Zaragoza,96,ADM3,6362894
pielagos,43.36667,-3.95,Cantabria,23211,ADM3,3113577
piera,41.51328,1.74854,Barcelona,15009,ADM3,6356188
piernigas,42.60293,-3.40338,Burgos,44,ADM3,6356532
pilar de la horadada,37.89933,-0.80797,Alicante,23403,ADM3,6355515
pilas,37.31231,-6.31623,Sevilla,13837,ADM3,6361030
piles,38.94589,-0.1241,Valencia,2877,ADM3,6362060
pilona,43.31575,-5.32571,Asturias,7793,ADM3,6359952
pina de campos,42.21963,-4.44099,Palencia,257,ADM3,6360081
pina de ebro,41.48933,-0.52672,Zaragoza,2478,ADM3,6362895
pina de esgueva,41.72866,-4.43434,Valladolid,351,ADM3,6362242
pina de montalgrao,40.0294,-0.6603,Castello,149,ADM3,6357040
pinar,37.43069,-3.4398,Granada,1283,ADM3,6357765
pinarejo,39.61749,-2.4061,Cuenca,287,ADM3,6357500
pinarejos,41.24968,-4.27681,Segovia,161,ADM3,6360884
pinarnegrillo,41.19769,-4.2109,Segovia,130,ADM3,6360885
pineda de gigueela,40.09213,-2.53327,Cuenca,75,ADM3,6357501
pineda de giguela,40.08546,-2.54368,Cuenca,136,PPLA3,3113522
pineda de la sierra,42.23181,-3.28355,Burgos,99,ADM3,6356533
pineda de mar,41.63648,2.66524,Barcelona,26066,ADM3,6533993
pineda trasmonte,41.90805,-3.6878,Burgos,138,ADM3,6356534
pinedas,40.44976,-5.96806,Salamanca,128,ADM3,6360491
pinel de abajo,41.69556,-4.17145,Valladolid,198,ADM3,6362243
pinel de arriba,41.71283,-4.15183,Valladolid,119,ADM3,6362244
pinell de solsones,41.95305,1.37391,Lleida,210,ADM3,6358903
"pinero, el",41.36569,-5.59068,Zamora,254,ADM3,6362593
pinet,38.98916,-0.31668,Valencia,178,ADM3,6362061
pinilla de jadraque,41.02155,-2.94401,Guadalajara,63,ADM3,6357987
pinilla de los barruecos,41.90884,-3.30264,Burgos,126,ADM3,6356535
pinilla de los moros,42.08394,-3.30597,Burgos,41,ADM3,6356536
pinilla de molina,40.66775,-1.88447,Guadalajara,22,ADM3,6357988
pinilla de toro,41.62477,-5.3553,Zamora,272,ADM3,6362591
pinilla del campo,41.70927,-2.10784,Soria,23,ADM3,6361176
pinilla del valle,40.94117,-3.83381,Madrid,215,ADM3,6359333
pinilla trasmonte,41.88364,-3.6237,Burgos,192,ADM3,6356537
pinillos,42.19207,-2.5971,La Rioja,16,ADM3,6359102
"pino de tormes, el",41.02728,-5.8129,Salamanca,159,ADM3,6360492
pino del oro,41.58202,-6.11839,Zamora,189,ADM3,6362592
pino del rio,42.63365,-4.80381,Palencia,209,ADM3,6360080
"pino, o",42.95829,-8.30272,Coruna,4732,ADM3,6357334
pinofranqueado,40.32632,-6.38246,Caceres,1670,ADM3,6356841
pinor,42.52677,-8.00149,Ourense,1322,ADM3,6359878
pinos,41.82634,1.54118,Lleida,298,ADM3,6358904
pinos genil,37.16153,-3.50289,Granada,1409,ADM3,6357763
pinos puente,37.25055,-3.76076,Granada,13115,ADM3,6357764
"pinos, el/pinoso",38.4123,-1.04024,Alicante,7908,ADM3,6355480
pinseque,41.73212,-1.083,Zaragoza,4601,ADM3,6362896
"pintanos, los",42.56454,-1.04229,Zaragoza,37,ADM3,6362897
pinto,40.25894,-3.68321,Madrid,46763,ADM3,6359334
pinuecar-gandullas,41.03574,-3.5978,Madrid,168,ADM3,6359335
piornal,40.11607,-5.83505,Caceres,1550,ADM3,6356842
pioz,40.46085,-3.16689,Guadalajara,3563,ADM3,6357989
piqueras,40.66539,-1.73151,Guadalajara,57,ADM3,6357990
piqueras del castillo,39.7081,-2.09799,Cuenca,67,ADM3,6357502
pira,41.41668,1.19501,Tarragona,501,ADM3,6361349
piraces,41.9963,-0.31472,Huesca,92,ADM3,6358390
pitarque,40.61848,-0.61639,Teruel,62,ADM3,6361587
pitiegua,41.0575,-5.45255,Salamanca,211,ADM3,6360493
pitillas,42.42137,-1.57783,Navarra,544,ADM3,6359753
pizarra,36.76921,-4.70139,Malaga,9269,ADM3,6359484
pizarral,40.61938,-5.65067,Salamanca,68,ADM3,6360494
plan,42.54589,0.31028,Huesca,272,ADM3,6358391
planes,38.79271,-0.3454,Alicante,831,ADM3,6355481
planoles,42.32633,2.10058,Girona,308,ADM3,6357618
plasencia,40.01244,-6.14341,Caceres,41002,ADM3,6356843
plasencia de jalon,41.6882,-1.25038,Zaragoza,382,ADM3,6362898
plasenzuela,39.38036,-6.05833,Caceres,500,ADM3,6356844
pleitas,41.71464,-1.19878,Zaragoza,30,ADM3,6362899
plenas,41.10868,-0.9544,Zaragoza,110,ADM3,6362900
plentzia,43.3935,-2.92175,Bizkaia,4314,ADM3,6362418
pliego,37.98249,-1.51889,Murcia,3842,ADM3,6359536
plou,40.99954,-0.84874,Teruel,42,ADM3,6361588
"pobla de benifassa, la",40.69089,0.19528,Castello,290,ADM3,6357043
"pobla de vallbona, la",39.59419,-0.54474,Valencia,22197,ADM3,6362067
"pobla del duc, la",38.90314,-0.42715,Valencia,2547,ADM3,6362065
"pobla llarga, la",39.0813,-0.47197,Valencia,4618,ADM3,6362068
"pobla tornesa, la",40.1076,-0.01259,Castello,1166,ADM3,6357044
poblacion de arroyo,42.32683,-4.8732,Palencia,73,ADM3,6360082
poblacion de campos,42.26415,-4.45536,Palencia,136,ADM3,6360083
poblacion de cerrato,41.79467,-4.43446,Palencia,119,ADM3,6360084
pobladura de pelayo garcia,42.30817,-5.66012,Leon,426,ADM3,6358654
pobladura de valderaduey,41.69562,-5.53389,Zamora,50,ADM3,6362595
pobladura del valle,42.10156,-5.73083,Zamora,331,ADM3,6362594
poblete,38.9302,-4.006,Ciudad Real,2056,ADM3,6357158
"pobo de duenas, el",40.79531,-1.62057,Guadalajara,144,ADM3,6357991
"pobo, el",40.50007,-0.87822,Teruel,97,ADM3,6361589
poboleda,41.23236,0.83494,Tarragona,345,ADM3,6361354
"pobra de trives, a",42.32211,-7.27027,Ourense,2388,ADM3,6359880
"pobra do brollon, a",42.55555,-7.36756,Lugo,1968,ADM3,6359206
pobra do caraminal,42.60295,-8.93875,Coruna,9664,ADM3,6357335
poio,42.44137,-8.70482,Pontevedra,16642,ADM3,6360240
pol,43.15552,-7.32137,Lugo,1794,ADM3,6359205
"pola de gordon, la",42.87553,-5.68185,Leon,3905,ADM3,6358655
polaciones,43.09226,-4.43257,Cantabria,252,ADM3,6360698
polan,39.81663,-4.24454,Toledo,4034,ADM3,6361793
polanco,43.38341,-4.02076,Cantabria,5486,ADM3,6360699
polenino,41.84914,-0.32453,Huesca,184,ADM3,6358392
polentinos,42.9412,-4.53937,Palencia,63,ADM3,6360085
policar,37.24751,-3.23655,Granada,220,ADM3,6357766
polinya,41.55986,2.15173,Barcelona,8106,ADM3,6356193
polinya de xuquer,39.19248,-0.37334,Valencia,2540,ADM3,6362062
pollenca,39.87612,3.01536,Illes Balears,16191,ADM3,6533963
pollos,41.43904,-5.1329,Valladolid,649,ADM3,6362245
polop de marina,38.61835,-0.1455,Alicante,4549,ADM3,6355482
polopos,36.77948,-3.29864,Granada,1966,ADM3,6357767
pomar de valdivia,42.78435,-4.18468,Palencia,499,ADM3,6360086
pomer,41.63182,-1.83875,Zaragoza,22,ADM3,6362901
ponferrada,42.50253,-6.57195,Leon,68549,ADM3,6358656
ponga,43.18217,-5.17249,Asturias,686,ADM3,6359953
pont de molins,42.31486,2.93103,Girona,538,ADM3,6534104
ponte caldelas,42.37671,-8.50578,Pontevedra,5739,ADM3,6360242
ponteareas,42.18438,-8.48505,Pontevedra,23409,ADM3,6360241
ponteceso,43.26679,-8.91549,Coruna,6065,ADM3,6357336
pontecesures,42.71723,-8.63869,Pontevedra,3123,ADM3,6360243
pontedeume,43.40114,-8.17675,Coruna,8324,ADM3,6357337
pontedeva,42.16921,-8.1381,Ourense,654,ADM3,6359881
"pontenova, a",43.32834,-7.18214,Lugo,2673,ADM3,6359207
"pontes de garcia rodriguez, as",43.48308,-7.84834,Coruna,10996,ADM3,6357338
pontevedra,42.42241,-8.61925,Pontevedra,82684,ADM3,6360237
pontils,41.46986,1.3945,Tarragona,124,ADM3,6361383
pontons,41.40683,1.51246,Barcelona,531,ADM3,6356194
pontos,42.18583,2.9176,Girona,232,ADM3,6534105
ponts,41.91314,1.18704,Lleida,2703,ADM3,6358909
porcuna,37.85729,-4.1938,Jaen,6806,ADM3,6358518
porqueira,42.0158,-7.85438,Ourense,1005,ADM3,6359879
porqueres,42.1252,2.73794,Girona,4491,ADM3,6534106
porrera,41.19347,0.85483,Tarragona,405,ADM3,6361356
porreres,39.51358,3.02021,Illes Balears,5486,ADM3,6533964
portaje,39.8852,-6.55866,Caceres,401,ADM3,6356845
portalrubio de guadamejud,40.27929,-2.61159,Cuenca,48,ADM3,6357503
portas,42.57303,-8.66592,Pontevedra,3073,ADM3,6360239
portbou,42.42607,3.15999,Girona,1296,ADM3,6534108
portell de morella,40.52972,-0.26252,Castello,234,ADM3,6357041
"portellada, la",40.88471,0.07579,Teruel,241,ADM3,6361590
portezuelo,39.79304,-6.52345,Caceres,264,ADM3,6356846
portilla,40.31815,-2.07788,Cuenca,78,ADM3,6357504
portillo,41.47692,-4.57092,Valladolid,2534,ADM3,6362246
portillo de soria,41.63196,-2.11507,Soria,17,ADM3,6361177
portillo de toledo,40.07855,-4.25287,Toledo,2263,ADM3,6361794
porto,42.16528,-6.83717,Zamora,216,ADM3,6362596
porto do son,42.69289,-8.99648,Coruna,9699,ADM3,6357339
portomarin,42.8068,-7.61679,Lugo,1690,ADM3,6359208
portugalete,43.31696,-3.02364,Bizkaia,47756,ADM3,6362419
portugos,36.97106,-3.30419,Granada,364,ADM3,6357768
porzuna,39.1914,-4.22107,Ciudad Real,4091,ADM3,6357159
posada de valdeon,43.16532,-4.9136,Leon,485,ADM3,6358657
posadas,37.82361,-5.11913,Cordoba,7594,ADM3,6357248
potes,43.14943,-4.62456,Cantabria,1474,ADM3,6360700
potries,38.91631,-0.18987,Valencia,1001,ADM3,6362063
poveda,40.57129,-5.08246,Avila,58,ADM3,6355788
poveda de la sierra,40.63871,-2.00726,Guadalajara,138,ADM3,6357992
poveda de las cintas,41.04574,-5.26769,Salamanca,255,ADM3,6360495
"poveda de soria, la",42.01631,-2.5184,Soria,122,ADM3,6361178
povedilla,38.71007,-2.62143,Albacete,538,ADM3,6355353
poyales del hoyo,40.17305,-5.15773,Avila,616,ADM3,6355789
poyatos,40.4287,-2.04565,Cuenca,85,ADM3,7577090
poza de la sal,42.66464,-3.50052,Burgos,357,ADM3,6356538
poza de la vega,42.58027,-4.82269,Palencia,236,ADM3,6360087
pozal de gallinas,41.32815,-4.82722,Valladolid,550,ADM3,6362247
pozaldez,41.37093,-4.83213,Valladolid,574,ADM3,6362248
pozalmuro,41.7718,-2.10294,Soria,73,ADM3,6361179
pozan de vero,42.08199,0.0268,Huesca,228,ADM3,6358393
pozanco,40.80216,-4.66195,Avila,61,ADM3,6355790
pozo alcon,37.7049,-2.9607,Jaen,5260,ADM3,6358519
pozo canada,38.78381,-1.76012,Albacete,2880,ADM3,7577087
pozo de almoguera,40.34725,-3.03112,Guadalajara,118,ADM3,6357993
pozo de guadalajara,40.49835,-3.17744,Guadalajara,1329,ADM3,6357994
pozo de urama,42.25967,-4.89555,Palencia,31,ADM3,6360088
pozo-lorente,39.06694,-1.4979,Albacete,448,ADM3,6355355
pozoamargo,39.33029,-2.19643,Cuenca,377,ADM3,6357505
pozoantiguo,41.59068,-5.44336,Zamora,274,ADM3,6362597
pozoblanco,38.37235,-4.8484,Cordoba,17683,ADM3,6357249
pozohondo,38.69865,-1.91144,Albacete,1791,ADM3,6355354
pozondon,40.55947,-1.44887,Teruel,53,ADM3,6361591
pozorrubielos de la mancha,39.48704,-2.04218,Cuenca,288,ADM3,6357592
pozorrubio,39.80454,-2.93864,Cuenca,370,ADM3,6357506
pozos de hinojo,40.93515,-6.37828,Salamanca,55,ADM3,6360496
pozuel de ariza,41.35445,-2.13228,Zaragoza,15,ADM3,6362902
pozuel del campo,40.77626,-1.48358,Teruel,76,ADM3,6361592
pozuelo,38.81655,-2.091,Albacete,570,ADM3,6355356
pozuelo de alarcon,40.43004,-3.8165,Madrid,83844,ADM3,6359336
pozuelo de aragon,41.74847,-1.37876,Zaragoza,249,ADM3,6362903
pozuelo de calatrava,38.88515,-3.84819,Ciudad Real,3363,ADM3,6357160
pozuelo de la orden,41.81203,-5.26894,Valladolid,60,ADM3,6362249
pozuelo de tabara,41.77955,-5.89886,Zamora,164,ADM3,6362598
pozuelo de zarzon,40.14546,-6.41609,Caceres,552,ADM3,6356847
pozuelo del paramo,42.16687,-5.78143,Leon,519,ADM3,6358658
pozuelo del rey,40.36454,-3.30569,Madrid,1019,ADM3,6359337
"pozuelo, el",40.59598,-2.26726,Cuenca,74,ADM3,6357507
"pozuelos de calatrava, los",38.92265,-4.18952,Ciudad Real,452,ADM3,6357161
pradales,41.45168,-3.69187,Segovia,56,ADM3,6360886
pradanos de bureba,42.50064,-3.34429,Burgos,61,ADM3,6356539
pradanos de ojeda,42.66387,-4.3574,Palencia,215,ADM3,6360089
pradejon,42.32684,-2.04225,La Rioja,4184,ADM3,6359103
pradell de la teixeta,41.14524,0.8704,Tarragona,199,ADM3,6361357
pradena,41.15014,-3.68715,Segovia,605,ADM3,6360887
pradena de atienza,41.18739,-3.00384,Guadalajara,49,ADM3,6357995
pradena del rincon,41.04335,-3.52338,Madrid,127,ADM3,6359338
prades,41.32103,1.01632,Tarragona,651,ADM3,6361358
pradilla de ebro,41.87354,-1.18626,Zaragoza,553,ADM3,6362904
pradillo,42.18711,-2.64057,La Rioja,67,ADM3,6359104
prado,41.92603,-5.42288,Zamora,74,ADM3,6362599
prado de la guzpena,42.79023,-5.03371,Leon,138,ADM3,6358659
prado del rey,36.79867,-5.55067,Cadiz,5918,ADM3,6356941
pradoluengo,42.31304,-3.19664,Burgos,1384,ADM3,6356540
prados redondos,40.7858,-1.82558,Guadalajara,95,ADM3,6357996
pradosegar,40.54111,-5.07419,Avila,145,ADM3,6355791
prat de comte,40.9756,0.41002,Tarragona,183,ADM3,6361359
pratdip,41.05183,0.87256,Tarragona,848,ADM3,6361360
prats de llucanes,41.99895,2.02188,Barcelona,2659,ADM3,6356197
prats i sansor,42.36736,1.83326,Lleida,296,ADM3,6358912
pravia,43.49063,-6.1508,Asturias,9016,ADM3,6359954
preixana,41.5991,1.05094,Lleida,406,ADM3,6358913
preixens,41.80613,1.03137,Lleida,392,ADM3,6358914
prejano,42.16262,-2.18379,La Rioja,263,ADM3,6359105
premia de dalt,41.50282,2.34808,Barcelona,10289,ADM3,6356252
premia de mar,41.49408,2.35878,Barcelona,28145,ADM3,6356198
presencio,42.18656,-3.90272,Burgos,184,ADM3,6356541
priaranza del bierzo,42.48422,-6.6725,Leon,828,ADM3,6358660
priego,40.46564,-2.32002,Cuenca,1141,ADM3,6357508
priego de cordoba,37.47825,-4.16465,Cordoba,23456,ADM3,6357250
prioro,42.89948,-4.97491,Leon,404,ADM3,6358661
proaza,43.23547,-6.03398,Asturias,813,ADM3,6359955
"provencio, el",39.38639,-2.58071,Cuenca,2683,ADM3,6357509
prullans,42.38211,1.72206,Lleida,252,ADM3,6358915
pruna,37.00622,-5.22262,Sevilla,2836,ADM3,6361031
pucol,39.6132,-0.30038,Valencia,19421,ADM3,6362070
puebla de alborton,41.3967,-0.85026,Zaragoza,136,ADM3,6362905
puebla de alcocer,39.07381,-5.09052,Badajoz,1278,ADM3,6355967
"puebla de alfinden, la",41.63992,-0.74292,Zaragoza,6426,ADM3,6362906
puebla de almenara,39.78785,-2.81143,Cuenca,461,ADM3,6357510
"puebla de almoradiel, la",39.60707,-3.14387,Toledo,5888,ADM3,6361795
puebla de arenoso,40.10569,-0.57173,Castello,174,ADM3,6357042
"puebla de arganzon, la",42.77147,-2.82212,Burgos,534,ADM3,6356542
puebla de azaba,40.44494,-6.73418,Salamanca,231,ADM3,6360497
puebla de belena,40.89267,-3.21824,Guadalajara,57,ADM3,6357997
"puebla de castro, la",42.1424,0.29985,Huesca,430,ADM3,6358394
"puebla de cazalla, la",37.15996,-5.26158,Sevilla,11556,ADM3,6361032
puebla de don fadrique,37.94391,-2.41046,Granada,2393,ADM3,6357769
puebla de don rodrigo,39.09181,-4.66559,Ciudad Real,1237,ADM3,6357162
puebla de guzman,37.64161,-7.3315,Huelva,3125,ADM3,6358234
"puebla de hijar, la",41.24857,-0.44602,Teruel,982,ADM3,6361593
puebla de la calzada,38.87934,-6.62698,Badajoz,6021,ADM3,6355968
puebla de la reina,38.66175,-6.07075,Badajoz,845,ADM3,6355969
puebla de la sierra,40.9957,-3.46645,Madrid,99,ADM3,6359339
puebla de lillo,43.03327,-5.28063,Leon,704,ADM3,6358662
"puebla de los infantes, la",37.81327,-5.41071,Sevilla,3159,ADM3,6361033
"puebla de montalban, la",39.82037,-4.37343,Toledo,8392,ADM3,6361796
puebla de obando,39.17971,-6.6197,Badajoz,1944,ADM3,6355972
puebla de pedraza,41.19859,-3.92226,Segovia,58,ADM3,6360888
puebla de san medel,40.50078,-5.7449,Salamanca,47,ADM3,6360498
puebla de san miguel,40.06608,-1.13402,Valencia,77,ADM3,6362066
puebla de sanabria,42.03097,-6.58536,Zamora,1540,ADM3,6362600
puebla de sancho perez,38.39565,-6.36659,Badajoz,2856,ADM3,6355973
"puebla de valdavia, la",42.69102,-4.59242,Palencia,114,ADM3,6360090
puebla de valles,40.92211,-3.30743,Guadalajara,83,ADM3,6357998
"puebla de valverde, la",40.20587,-0.94823,Teruel,485,ADM3,6361594
puebla de yeltes,40.6142,-6.18589,Salamanca,175,ADM3,6360499
puebla del maestre,38.0819,-6.06815,Badajoz,780,ADM3,6355970
puebla del principe,38.55849,-2.9177,Ciudad Real,790,ADM3,6357163
puebla del prior,38.59706,-6.20666,Badajoz,531,ADM3,6355971
"puebla del rio, la",37.13975,-6.13535,Sevilla,12249,ADM3,6361034
puebla del salvador,39.5665,-1.65418,Cuenca,237,ADM3,6357512
"pueblanueva, la",39.91465,-4.71498,Toledo,2394,ADM3,6361797
pueblica de valverde,41.91227,-5.91601,Zamora,241,ADM3,6362601
pueblonuevo de miramontes,40.05802,-5.37592,Caceres,0,ADM3,11395792
pueblonuevo del guadiana,38.93744,-6.76594,Badajoz,2056,ADM3,6356029
puendeluna,42.15485,-0.76985,Zaragoza,42,ADM3,6362907
puente de domingo florez,42.42696,-6.78791,Leon,1633,ADM3,6358663
puente de genave,38.33793,-2.82559,Jaen,2305,ADM3,6358520
puente de montanana,42.17178,0.66443,Huesca,87,ADM3,6358395
"puente del arzobispo, el",39.80412,-5.17185,Toledo,1407,ADM3,6361798
puente del congosto,40.50177,-5.52445,Salamanca,253,ADM3,6360500
puente genil,37.40599,-4.75737,Cordoba,30385,ADM3,6357251
puente la reina de jaca,42.58206,-0.76927,Huesca,286,ADM3,6358448
puente la reina/gares,42.69496,-1.81993,Navarra,2835,ADM3,6359754
puente viesgo,43.30295,-3.97084,Cantabria,2861,ADM3,6360701
puentedura,42.04382,-3.58612,Burgos,133,ADM3,6356543
puentes viejas,40.97806,-3.56085,Madrid,642,ADM3,6359404
"puerta de segura, la",38.38075,-2.79131,Jaen,2638,ADM3,6358521
puertas,41.10587,-6.26282,Salamanca,81,ADM3,6360501
puerto castilla,40.27333,-5.63868,Avila,102,ADM3,6355792
puerto de bejar,40.35278,-5.83186,Salamanca,396,ADM3,6360502
puerto de la cruz,28.41046,-16.54623,Santa Cruz de Tenerife,32665,ADM3,6360634
puerto de san vicente,39.51471,-5.07906,Toledo,245,ADM3,6361799
puerto de santa cruz,39.29415,-5.86332,Caceres,385,ADM3,6356848
"puerto de santa maria, el",36.6126,-6.22965,Cadiz,89068,ADM3,6356942
puerto del rosario,28.51045,-13.95599,Las Palmas,36285,ADM3,6360187
puerto lapice,39.27813,-3.47991,Ciudad Real,1019,ADM3,6357164
puerto lumbreras,37.5541,-1.80713,Murcia,14981,ADM3,6359537
puerto moral,37.89976,-6.46547,Huelva,275,ADM3,6358235
puerto real,36.53221,-6.14715,Cadiz,41364,ADM3,6356943
puerto seguro,40.82473,-6.76779,Salamanca,75,ADM3,6360503
puerto serrano,36.973,-5.46883,Cadiz,7196,ADM3,6356944
puertolas,42.55016,0.1269,Huesca,217,ADM3,6358396
puertollano,38.63995,-4.09159,Ciudad Real,51997,ADM3,6357165
puertomingalvo,40.29361,-0.45308,Teruel,135,ADM3,6361595
pueyo,42.56711,-1.65746,Navarra,354,ADM3,6359755
"pueyo de araguas, el",42.46455,0.20009,Huesca,180,ADM3,6358397
pueyo de santa cruz,41.85468,0.15724,Huesca,332,ADM3,6358398
puig,39.58869,-0.30333,Valencia,7851,PPLA3,2512162
"puig de santa maria, el",39.59303,-0.31541,Valencia,9030,ADM3,6362069
puig-reig,41.96265,1.87299,Barcelona,4301,ADM3,6356200
puigcerda,42.43058,1.9266,Girona,8957,ADM3,6357620
puigdalber,41.40565,1.69918,Barcelona,535,ADM3,6356199
puiggros,41.55988,0.88038,Lleida,272,ADM3,6358916
puigpelat,41.27727,1.2987,Tarragona,1222,ADM3,6361361
puigpunyent,39.62414,2.52591,Illes Balears,1886,ADM3,6533966
puigverd d'agramunt,41.75182,1.1083,Lleida,273,ADM3,6358917
puigverd de lleida,41.54298,0.7404,Lleida,1442,ADM3,6358918
pujalt,41.70597,1.45636,Barcelona,205,ADM3,6356201
pujerra,36.58937,-5.13751,Malaga,326,ADM3,6359485
pulgar,39.67708,-4.15859,Toledo,1696,ADM3,6361800
pulianas,37.22827,-3.60747,Granada,5226,ADM3,6357770
pulpi,37.3645,-1.66723,Almeria,8848,ADM3,6355587
punta umbria,37.2111,-7.01433,Huelva,14919,ADM3,6358236
puntagorda,28.76194,-17.96415,Santa Cruz de Tenerife,1940,ADM3,6534191
puntallana,28.74223,-17.75837,Santa Cruz de Tenerife,2428,ADM3,6534192
punxin,42.36683,-8.00589,Ourense,801,ADM3,6359882
puras,41.18676,-4.66459,Valladolid,52,ADM3,6362250
purchena,37.34204,-2.35184,Almeria,1761,ADM3,6355588
purujosa,41.69151,-1.7618,Zaragoza,29,ADM3,6362908
purullena,37.34389,-3.19773,Granada,2403,ADM3,6357771
quart,41.95182,2.88184,Girona,3255,ADM3,6534109
quart de les valls,39.74976,-0.28456,Valencia,1076,ADM3,6361966
quart de poblet,39.48165,-0.44246,Valencia,25292,ADM3,6361967
quartell,39.72146,-0.21368,Valencia,1523,ADM3,6361968
quatretonda,38.96302,-0.39547,Valencia,2468,ADM3,6361969
quatretondeta,38.72457,-0.31943,Alicante,109,ADM3,6355436
quel,42.20555,-2.04448,La Rioja,2060,ADM3,6359106
quemada,41.71248,-3.58364,Burgos,264,ADM3,6356544
quentar,37.22757,-3.41724,Granada,1009,ADM3,6357772
quer,40.6148,-3.28117,Guadalajara,676,ADM3,6357999
queralbs,42.37897,2.1628,Girona,178,ADM3,6357601
quero,39.49423,-3.27265,Toledo,1311,ADM3,6361801
querol,41.42022,1.43839,Tarragona,611,ADM3,6361362
quesa,39.07687,-0.8096,Valencia,735,ADM3,6362071
quesada,37.74558,-3.14617,Jaen,5906,ADM3,6358522
quicena,42.15243,-0.35003,Huesca,329,ADM3,6358399
quijorna,40.4154,-4.05938,Madrid,3357,ADM3,6359340
quinoneria,41.55868,-2.0531,Soria,12,ADM3,6361182
quintana de la serena,38.7697,-5.73849,Badajoz,4973,ADM3,6355974
quintana del castillo,42.65292,-5.99183,Leon,869,ADM3,6358664
quintana del marco,42.19916,-5.84699,Leon,450,ADM3,6358665
quintana del pidio,41.76537,-3.74863,Burgos,181,ADM3,6356546
quintana del puente,42.09242,-4.20064,Palencia,251,ADM3,6360091
quintana redonda,41.62261,-2.64692,Soria,523,ADM3,6361180
quintana y congosto,42.26543,-6.06096,Leon,484,ADM3,6358666
quintanabureba,42.58621,-3.36945,Burgos,35,ADM3,6356545
quintanaelez,42.67514,-3.30217,Burgos,62,ADM3,6356547
quintanaortuno,42.45044,-3.6842,Burgos,261,ADM3,6356548
quintanapalla,42.40914,-3.53228,Burgos,114,ADM3,6356549
quintanar de la orden,39.5928,-3.00576,Toledo,13047,ADM3,6361802
quintanar de la sierra,42.00277,-3.02753,Burgos,1998,ADM3,6356550
quintanar del rey,39.33819,-1.93892,Cuenca,7899,ADM3,6357513
quintanas de gormaz,41.50396,-2.96223,Soria,147,ADM3,6361181
quintanavides,42.47615,-3.41964,Burgos,97,ADM3,6356551
quintanilla de arriba,41.6078,-4.25558,Valladolid,174,ADM3,6362251
quintanilla de la mata,41.99309,-3.80433,Burgos,147,ADM3,6356552
quintanilla de onesimo,41.60665,-4.35352,Valladolid,1137,ADM3,6362253
quintanilla de onsona,42.48346,-4.66707,Palencia,205,ADM3,6360092
quintanilla de trigueros,41.86913,-4.65671,Valladolid,113,ADM3,6362254
quintanilla de urz,42.03747,-5.8486,Zamora,123,ADM3,6362604
quintanilla del agua y tordueles,42.03432,-3.63231,Burgos,504,ADM3,6356691
quintanilla del coco,41.9928,-3.52297,Burgos,70,ADM3,6356553
quintanilla del molar,41.99137,-5.45911,Valladolid,69,ADM3,6362252
quintanilla del monte,41.86395,-5.33892,Zamora,103,ADM3,6362602
quintanilla del olmo,41.91151,-5.41141,Zamora,38,ADM3,6362603
quintanilla san garcia,42.54486,-3.1933,Burgos,107,ADM3,6356555
quintanilla vivar,42.41573,-3.68969,Burgos,770,ADM3,6356556
"quintanillas, las",42.37109,-3.84131,Burgos,394,ADM3,6356554
quintela de leirado,42.13678,-8.10318,Ourense,716,ADM3,6359883
quinto,41.4127,-0.51937,Zaragoza,1882,ADM3,6362909
quiroga,42.48468,-7.20928,Lugo,3595,ADM3,6359209
quiros,43.15708,-5.98046,Asturias,1294,ADM3,6359956
quiruelas de vidriales,42.01382,-5.83078,Zamora,762,ADM3,6362605
quismondo,40.10574,-4.31912,Toledo,1728,ADM3,6361803
rabade,43.12311,-7.62086,Lugo,1674,ADM3,6359215
rabanales,41.74048,-6.27019,Zamora,654,ADM3,6362606
rabanera,42.18295,-2.47644,La Rioja,45,ADM3,6359107
rabanera del pinar,41.89701,-3.1787,Burgos,117,ADM3,6356557
rabano,41.53408,-4.05187,Valladolid,202,ADM3,6362255
rabano de aliste,41.72929,-6.42901,Zamora,445,ADM3,6362607
rabanos,42.31306,-3.28413,Burgos,93,ADM3,6356558
"rabanos, los",41.68517,-2.47565,Soria,525,ADM3,6361183
rabe de las calzadas,42.33362,-3.84568,Burgos,227,ADM3,6356559
rabos,42.3782,3.02817,Girona,206,ADM3,6534110
rada de haro,39.5752,-2.61553,Cuenca,73,ADM3,6357514
rafal,38.10739,-0.84765,Alicante,4213,ADM3,6355483
rafales,40.8457,0.0196,Teruel,149,ADM3,6361596
rafelbunyol/rafelbunol,39.58697,-0.3271,Valencia,8670,ADM3,6362072
rafelcofer,38.93458,-0.16906,Valencia,1472,ADM3,6362073
rafelguaraf,39.0512,-0.44317,Valencia,2527,ADM3,6362074
"rafol d'almunia, el",38.8303,-0.04473,Alicante,749,ADM3,6355484
rafol de salem,38.8662,-0.40616,Valencia,426,ADM3,6362075
ragama,41.00209,-5.12055,Salamanca,250,ADM3,6360504
ragol,37.01253,-2.69511,Almeria,356,ADM3,6355589
rairiz de veiga,42.08798,-7.83734,Ourense,1568,ADM3,6359884
rajadell,41.7279,1.7023,Barcelona,543,ADM3,6356203
ramales de la victoria,43.26355,-3.43947,Cantabria,2788,ADM3,6360702
"rambla, la",37.61151,-4.74747,Cordoba,7621,ADM3,6357252
ramiras,42.18886,-8.03496,Ourense,1812,ADM3,6359885
ramiro,41.23305,-4.78362,Valladolid,46,ADM3,6362256
rapariegos,41.09488,-4.63018,Segovia,224,ADM3,6360889
rascafria,40.86211,-3.90268,Madrid,1663,ADM3,6359341
rasines,43.29754,-3.41672,Cantabria,1023,ADM3,6360703
rasquera,40.97629,0.61309,Tarragona,786,ADM3,6361363
rasueros,41.01677,-5.07171,Avila,231,ADM3,6355793
rayaces,41.92137,-4.71401,Palencia,0,PPLA3,11593869
real,39.32785,-0.60798,Valencia,2330,ADM3,6362077
real de gandia,38.94938,-0.19963,Valencia,2257,ADM3,6362076
"real de la jara, el",37.94892,-6.05789,Sevilla,1626,ADM3,6361035
real de montroi,39.33333,-0.6,Valencia,2031,PPLA3,2511996
"real de san vicente, el",40.16731,-4.67668,Toledo,1097,ADM3,6361804
real sitio de san ildefonso,40.85611,-4.03385,Segovia,5626,ADM3,6360903
"realejos, los",28.38198,-16.59104,Santa Cruz de Tenerife,38028,ADM3,6360635
rebollar,40.15554,-5.90683,Caceres,224,ADM3,6356849
rebollar,41.9116,-2.50884,Soria,42,ADM3,6361184
rebolledo de la torre,42.6925,-4.22327,Burgos,131,ADM3,6356560
rebollo,41.19268,-3.8583,Segovia,102,ADM3,6360890
rebollosa de jadraque,41.09119,-2.84261,Guadalajara,15,ADM3,6358000
recas,40.04925,-4.01753,Toledo,4160,ADM3,6361805
"recueja, la",39.15363,-1.4593,Albacete,308,ADM3,6355357
"recuenco, el",40.62369,-2.32958,Guadalajara,86,ADM3,6358001
recuerda,41.44411,-2.99482,Soria,104,ADM3,6361185
"redal, el",42.34746,-2.2,La Rioja,163,ADM3,6359109
redecilla del camino,42.41307,-3.06562,Burgos,127,ADM3,6356561
redecilla del campo,42.45903,-3.11704,Burgos,78,ADM3,6356562
"redonda, la",40.91048,-6.73778,Salamanca,88,ADM3,6360505
redondela,42.2829,-8.61131,Pontevedra,30015,ADM3,3112153
redovan,38.12261,-0.91879,Alicante,7554,ADM3,6355485
reduena,40.8144,-3.59185,Madrid,247,ADM3,6359342
regencos,41.94603,3.17084,Girona,295,ADM3,6534111
regueras de arriba,42.29503,-5.85461,Leon,332,ADM3,6358667
"regueras, las",43.40521,-5.96759,Asturias,1952,ADM3,6359957
regumiel de la sierra,41.9627,-2.97472,Burgos,392,ADM3,6356563
reillo,39.88204,-1.88936,Cuenca,132,ADM3,6357515
reina,38.14916,-5.95284,Badajoz,194,ADM3,6355975
reinosa,43.00092,-4.13203,Cantabria,10071,ADM3,6360704
reinoso,42.50766,-3.38611,Burgos,13,ADM3,6356564
reinoso de cerrato,41.95932,-4.38399,Palencia,57,ADM3,6360093
relleu,38.58897,-0.31028,Alicante,1342,ADM3,6355486
rellinars,41.64712,1.91521,Barcelona,735,ADM3,6356204
rello,41.33443,-2.74951,Soria,22,ADM3,6361186
remolinos,41.8401,-1.18217,Zaragoza,1018,ADM3,6362910
remondo,41.34738,-4.4869,Segovia,325,ADM3,6360891
rena,39.05051,-5.80018,Badajoz,669,ADM3,6355976
renau,41.21793,1.31742,Tarragona,165,ADM3,6361364
renedo de esgueva,41.64972,-4.62631,Valladolid,3259,ADM3,6362257
renedo de la vega,42.43874,-4.70558,Palencia,214,ADM3,6360094
renera,40.49048,-3.01705,Guadalajara,122,ADM3,6358002
renieblas,41.80199,-2.36678,Soria,98,ADM3,6361187
reocin,43.34852,-4.1364,Cantabria,8318,ADM3,6360705
requejo,42.02476,-6.76835,Zamora,181,ADM3,6362608
requena,39.42747,-1.20347,Valencia,21554,ADM3,6362078
requena de campos,42.31014,-4.33862,Palencia,24,ADM3,6360095
respenda de la pena,42.74047,-4.70321,Palencia,193,ADM3,6360096
retamal de llerena,38.58663,-5.84699,Badajoz,497,ADM3,6355977
retamoso de la jara,39.74495,-4.77055,Toledo,122,ADM3,6361806
retascon,41.15991,-1.3873,Zaragoza,77,ADM3,6362911
retiendas,40.97838,-3.28729,Guadalajara,56,ADM3,6358003
retortillo,40.80053,-6.40762,Salamanca,244,ADM3,6360506
retortillo de soria,41.3256,-3.02336,Soria,197,ADM3,6361188
retuerta,42.03316,-3.49918,Burgos,74,ADM3,6356565
retuerta del bullaque,39.44822,-4.22679,Ciudad Real,1096,ADM3,6357166
reus,41.15552,1.10533,Tarragona,107211,ADM3,6361365
revellinos,41.87692,-5.55367,Zamora,285,ADM3,6362609
revenga de campos,42.26427,-4.50552,Palencia,168,ADM3,6360097
revilla de collazos,42.63634,-4.51366,Palencia,84,ADM3,6360098
revilla del campo,42.20437,-3.52963,Burgos,112,ADM3,6356567
revilla vallejera,42.14723,-4.13056,Burgos,97,ADM3,6356569
"revilla y ahedo, la",42.01187,-3.34651,Burgos,122,ADM3,6356566
revillarruz,42.23102,-3.66208,Burgos,485,ADM3,6356568
reyero,42.95156,-5.19662,Leon,129,ADM3,6358668
rezmondo,42.51373,-4.23051,Burgos,16,ADM3,6356570
reznos,41.59442,-2.01441,Soria,33,ADM3,6361189
riaguas de san bartolome,41.4253,-3.48689,Segovia,36,ADM3,6360892
rialp,42.47202,1.1282,Lleida,664,ADM3,6358919
riano,42.97103,-5.0097,Leon,512,ADM3,6358669
rianxo,42.67148,-8.78443,Coruna,11729,ADM3,6357340
riaza,41.30051,-3.44909,Segovia,2489,ADM3,6360893
"riba de escalote, la",41.34287,-2.79727,Soria,18,ADM3,6361190
riba de saelices,40.90481,-2.28082,Guadalajara,123,ADM3,6358004
riba-roja d'ebre,41.24813,0.44737,Tarragona,1316,ADM3,6361367
riba-roja de turia,39.50713,-0.55797,Valencia,21349,ADM3,6362079
ribadavia,42.28954,-8.13796,Ourense,5319,ADM3,6359886
ribadedeva,43.38133,-4.55755,Asturias,1904,ADM3,6359958
ribadeo,43.53249,-7.09913,Lugo,10061,ADM3,6359210
ribadesella,43.45337,-5.07079,Asturias,6209,ADM3,6359959
ribadumia,42.5197,-8.75098,Pontevedra,5166,ADM3,6360244
ribaforada,41.9919,-1.51411,Navarra,3698,ADM3,6359756
ribafrecha,42.35828,-2.3688,La Rioja,1010,ADM3,6359110
ribamontan al mar,43.46501,-3.7074,Cantabria,4496,ADM3,6360706
ribamontan al monte,43.41558,-3.6778,Cantabria,2186,ADM3,6360707
ribas de campos,42.14928,-4.51243,Palencia,166,ADM3,6360099
ribas de sil,42.43885,-7.29536,Lugo,1058,ADM3,6359211
ribatejada,40.66692,-3.42256,Madrid,706,ADM3,6359343
ribeira,42.54212,-9.01773,Coruna,27778,ADM3,6357341
ribeira de piquin,43.2054,-7.18448,Lugo,630,ADM3,6359212
ribera alta,42.79984,-2.93462,Araba / Alava,790,ADM3,6355275
ribera d'ondara,41.62883,1.32431,Lleida,447,ADM3,6358982
ribera d'urgellet,42.28133,1.37711,Lleida,997,ADM3,6358920
ribera del fresno,38.57991,-6.23613,Badajoz,3512,ADM3,6355978
riberos de la cueza,42.28039,-4.71307,Palencia,62,ADM3,6360100
ribes de freser,42.29906,2.16789,Girona,1914,ADM3,6357621
ribesalbes,40.0245,-0.26996,Castello,1317,ADM3,6357045
ribota,41.35272,-3.42571,Segovia,43,ADM3,6360894
ricla,41.52394,-1.40631,Zaragoza,3019,ADM3,6362912
ricote,38.15797,-1.41865,Murcia,1301,ADM3,6359538
riego de la vega,42.35265,-5.97783,Leon,892,ADM3,6358670
riello,42.82298,-6.02333,Leon,700,ADM3,6358671
riells i viabrea,41.75435,2.53519,Girona,3980,ADM3,6357622
rielves,39.94463,-4.1932,Toledo,809,ADM3,6361807
rillo,40.73096,-0.97659,Teruel,95,ADM3,6361597
rillo de gallo,40.88331,-1.92665,Guadalajara,61,ADM3,6358005
rincon de la victoria,36.72457,-4.27101,Malaga,41216,ADM3,6359486
rincon de soto,42.2377,-1.8477,La Rioja,3799,ADM3,6359111
"rinconada de la sierra, la",40.62093,-6.03697,Salamanca,121,ADM3,6360507
"rinconada, la",37.47948,-5.91013,Sevilla,37508,ADM3,6361036
riner,41.92883,1.55908,Lleida,262,ADM3,6358921
riocabado,40.84271,-4.8005,Avila,171,ADM3,6355794
riocavado de la sierra,42.17395,-3.21967,Burgos,59,ADM3,6356571
riodeva,40.1219,-1.14058,Teruel,113,ADM3,6361598
riofrio,40.54473,-4.75625,Avila,247,ADM3,6355795
riofrio de aliste,41.83479,-6.20373,Zamora,819,ADM3,6362610
riofrio de riaza,41.23719,-3.43311,Segovia,37,ADM3,6360895
riofrio del llano,41.12651,-2.80949,Guadalajara,45,ADM3,6358006
riogordo,36.9213,-4.28597,Malaga,3107,ADM3,6359487
rioja,36.97706,-2.44373,Almeria,1355,ADM3,6355590
riola,39.1937,-0.33491,Valencia,1876,ADM3,6362080
riolobos,39.92538,-6.33451,Caceres,1349,ADM3,6356850
rionansa,43.22901,-4.41657,Cantabria,1091,ADM3,6360708
rionegro del puente,41.99942,-6.21365,Zamora,319,ADM3,6362611
riopar,38.47147,-2.43553,Albacete,1463,ADM3,6355358
rios,41.96585,-7.2464,Ourense,1803,ADM3,6359888
riosa,43.22368,-5.87939,Asturias,2140,ADM3,6359961
rioseco de soria,41.64929,-2.87734,Soria,136,ADM3,6361191
rioseco de tapia,42.69356,-5.76746,Leon,400,ADM3,6358672
riotorto,43.31771,-7.25803,Lugo,1439,ADM3,6359213
riotuerto,43.33265,-3.6953,Cantabria,1634,ADM3,6360709
ripoll,42.19928,2.18817,Girona,10904,ADM3,6357623
ripollet,41.50121,2.1557,Barcelona,37422,ADM3,6356205
risco,38.88948,-5.12033,Badajoz,154,ADM3,6355979
riu de cerdanya,42.32815,1.82511,Lleida,116,ADM3,6358990
riudarenes,41.82284,2.71568,Girona,2180,ADM3,6534112
riudaura,42.19082,2.39262,Girona,438,ADM3,6357624
riudecanyes,41.13386,0.95195,Tarragona,1362,ADM3,6361369
riudecols,41.17548,0.96204,Tarragona,1264,ADM3,6361370
riudellots de la selva,41.89473,2.80307,Girona,2037,ADM3,6534113
riudoms,41.14307,1.0571,Tarragona,6530,ADM3,6361371
riumors,42.22644,3.04199,Girona,252,ADM3,6534114
rivas-vaciamadrid,40.35109,-3.51701,Madrid,75444,ADM3,6359344
rivilla de barajas,40.87602,-5.01409,Avila,79,ADM3,6355796
roa,41.71325,-3.92445,Burgos,2450,ADM3,6356572
roales,41.54954,-5.78125,Zamora,832,ADM3,6362612
roales de campos,42.05747,-5.48565,Valladolid,198,ADM3,6362258
"robla, la",42.80724,-5.6136,Leon,4610,ADM3,6358673
robladillo,41.60962,-4.90429,Valladolid,98,ADM3,6362259
robleda,40.38594,-6.6047,Salamanca,531,ADM3,6360508
robleda-cervantes,42.08317,-6.59837,Zamora,482,ADM3,6362613
robledillo de gata,40.34144,-6.47074,Caceres,116,ADM3,6356851
robledillo de la jara,40.94918,-3.52977,Madrid,106,ADM3,6359345
robledillo de la vera,40.08844,-5.57981,Caceres,318,ADM3,6356852
robledillo de mohernando,40.84408,-3.21036,Guadalajara,136,ADM3,6358007
robledillo de trujillo,39.26855,-5.97458,Caceres,414,ADM3,6356853
robledo,38.78098,-2.40414,Albacete,456,ADM3,6355359
robledo de chavela,40.49111,-4.23744,Madrid,4058,ADM3,6359346
robledo de corpes,41.11781,-2.9349,Guadalajara,71,ADM3,6358008
robledo del mazo,39.57269,-4.80856,Toledo,364,ADM3,6361808
"robledo, el",39.20598,-4.28938,Ciudad Real,1281,ADM3,6357192
robledollano,39.63078,-5.53119,Caceres,361,ADM3,6356854
robliza de cojos,40.85359,-5.96869,Salamanca,244,ADM3,6360509
robregordo,41.12172,-3.60292,Madrid,48,ADM3,6359347
robres,41.86176,-0.48055,Huesca,524,ADM3,6358400
robres del castillo,42.25677,-2.29222,La Rioja,27,ADM3,6359112
"roca de la sierra, la",39.08433,-6.65932,Badajoz,1524,ADM3,6355980
rocafort,39.53729,-0.41203,Valencia,6846,ADM3,6362081
rocafort de queralt,41.4783,1.27056,Tarragona,268,ADM3,6361372
rociana del condado,37.31247,-6.60751,Huelva,7634,ADM3,6358237
"roda de andalucia, la",37.20892,-4.78133,Sevilla,4381,ADM3,6361037
roda de bara,41.18645,1.45893,Tarragona,4464,PPLA3,3111468
roda de bera,41.1776,1.466,Tarragona,6299,ADM3,6361373
roda de eresma,41.03267,-4.17872,Segovia,216,ADM3,6360896
roda de ter,41.98523,2.3127,Barcelona,6172,ADM3,6356208
rodeiro,42.65931,-7.96089,Pontevedra,2931,ADM3,6360245
rodenas,40.62371,-1.51128,Teruel,57,ADM3,6361599
rodezno,42.51282,-2.83032,La Rioja,307,ADM3,6359113
rodonya,41.28064,1.41258,Tarragona,508,ADM3,6361374
roelos de sayago,41.26764,-6.17923,Zamora,184,ADM3,6362614
rois,42.79395,-8.70247,Coruna,4871,ADM3,6357342
rojales,38.07395,-0.71889,Alicante,22006,ADM3,6355487
rojas,42.58326,-3.43963,Burgos,74,ADM3,6356573
rollamienta,41.93333,-2.53021,Soria,40,ADM3,6361192
rollan,40.96203,-5.92126,Salamanca,438,ADM3,6360510
romana (la),38.35678,-0.89666,Alicante,2509,ADM3,6355488
romangordo,39.76908,-5.70911,Caceres,261,ADM3,6356855
romanillos de atienza,41.27988,-2.88695,Guadalajara,50,ADM3,6358009
romanones,40.57256,-2.98357,Guadalajara,130,ADM3,6358010
romanos,41.11912,-1.2926,Zaragoza,121,ADM3,6362913
romanzado,42.67957,-1.19659,Navarra,180,ADM3,6359757
"romeral, el",39.7251,-3.4393,Toledo,725,ADM3,6361809
roncal/erronkari,42.81041,-0.9383,Navarra,250,ADM3,6359758
ronda,36.74507,-5.16993,Malaga,36698,ADM3,6359488
"ronquillo, el",37.74333,-6.17136,Sevilla,1430,ADM3,6361038
roperuelos del paramo,42.223,-5.78881,Leon,624,ADM3,6358674
roquetas de mar,36.80286,-2.5998,Almeria,90358,ADM3,6355591
roquetes,40.7925,0.41463,Tarragona,8333,ADM3,6361375
rosal de la frontera,37.93596,-7.19441,Huelva,1890,ADM3,6358238
rosalejo,39.98347,-5.44994,Caceres,1283,ADM3,6356915
"rosario, el",28.45,-16.36667,Santa Cruz de Tenerife,17330,ADM3,2518134
roses,42.26137,3.18161,Girona,19896,ADM3,6534115
rosinos de la requejada,42.14431,-6.51216,Zamora,424,ADM3,6362615
rossell,40.61959,0.23146,Castello,1160,ADM3,6357046
rossello,41.69465,0.59802,Lleida,3130,ADM3,6358922
rota,36.65061,-6.35153,Cadiz,29094,ADM3,6356945
rotgla i corbera,39.0118,-0.557,Valencia,1194,ADM3,6362082
rotova,38.93979,-0.27017,Valencia,1303,ADM3,6362083
roturas,41.67034,-4.10783,Valladolid,32,ADM3,6362260
"royo, el",41.92469,-2.67195,Soria,315,ADM3,6361193
royuela,40.35688,-1.51072,Teruel,229,ADM3,6361600
royuela de rio franco,42.00213,-3.94338,Burgos,228,ADM3,6356574
rozalen del monte,39.99002,-2.79676,Cuenca,78,ADM3,6357516
rozas de puerto real,40.30506,-4.51167,Madrid,469,ADM3,6359349
"rozas de valdearroyo, las",42.96553,-4.02006,Cantabria,288,ADM3,6360710
"rua, a",42.41293,-7.1231,Ourense,4695,ADM3,6359889
ruanes,39.33127,-6.01187,Caceres,71,ADM3,6356856
rubena,42.38885,-3.5733,Burgos,181,ADM3,6356575
rubi,41.49791,2.03573,Barcelona,74484,ADM3,6356209
rubi de bracamonte,41.22135,-4.90944,Valladolid,279,ADM3,6362261
rubia,42.46703,-6.88655,Ourense,1557,ADM3,6359890
rubiales,40.27019,-1.2724,Teruel,43,ADM3,6361601
rubielos de la cerida,40.77118,-1.21699,Teruel,43,ADM3,6361602
rubielos de mora,40.18272,-0.67023,Teruel,600,ADM3,6361603
rubio,41.65654,1.58631,Barcelona,227,ADM3,6356210
"rubio, el",37.34261,-5.00582,Sevilla,3573,ADM3,6361039
rubite,36.77616,-3.33856,Granada,500,ADM3,6357773
rublacedo de abajo,42.53844,-3.50765,Burgos,33,ADM3,6356576
rucandio,42.75007,-3.529,Burgos,78,ADM3,6356577
rueda,41.41406,-4.98914,Valladolid,1416,ADM3,6362262
rueda de jalon,41.66449,-1.34808,Zaragoza,325,ADM3,6362914
rueda de la sierra,40.9435,-1.85647,Guadalajara,59,ADM3,6358011
ruente,43.24136,-4.24538,Cantabria,1041,ADM3,6360711
ruesca,41.2819,-1.45697,Zaragoza,69,ADM3,6362915
ruesga,43.28876,-3.56412,Cantabria,981,ADM3,6360712
rugat,38.88234,-0.35968,Valencia,193,ADM3,6362084
ruidera,38.99387,-2.9219,Ciudad Real,587,ADM3,6357193
ruiloba,43.39107,-4.25036,Cantabria,805,ADM3,6360713
rupia,42.01753,3.01249,Girona,248,ADM3,6534116
rupit i pruit,42.01649,2.46005,Barcelona,307,ADM3,6356326
rus,38.07812,-3.45572,Jaen,3785,ADM3,6358523
rute,37.33328,-4.35506,Cordoba,10601,ADM3,6357253
sa pobla,39.76784,3.02158,Illes Balears,12871,ADM3,6533965
sabadell,41.54878,2.10137,Barcelona,207938,ADM3,6356211
sabero,42.83999,-5.1622,Leon,1353,ADM3,6358675
sabinan,41.44746,-1.55968,Zaragoza,697,ADM3,6362927
sabinanigo,42.48348,-0.32919,Huesca,9695,ADM3,6358401
sabiote,38.10397,-3.2559,Jaen,4229,ADM3,6358524
sacanet,39.84665,-0.73009,Castello,77,ADM3,6357047
sacecorbo,40.82395,-2.39921,Guadalajara,109,ADM3,6358012
saceda-trasierra,40.1642,-2.84793,Cuenca,65,ADM3,6357517
sacedon,40.45957,-2.71322,Guadalajara,1851,ADM3,6358013
saceruela,38.95164,-4.6098,Ciudad Real,620,ADM3,6357167
sacramenia,41.5161,-3.93933,Segovia,471,ADM3,6360897
sada,43.36647,-8.27061,Coruna,14922,ADM3,6357343
sada,42.57587,-1.39512,Navarra,184,ADM3,6359760
sadaba,42.27538,-1.32075,Zaragoza,1278,ADM3,6362916
saelices,39.89624,-2.81285,Cuenca,639,ADM3,6357518
saelices de la sal,40.9051,-2.34041,Guadalajara,53,ADM3,6358014
saelices de mayorga,42.21368,-5.20924,Valladolid,134,ADM3,6362263
saelices el chico,40.65486,-6.6172,Salamanca,170,ADM3,6360511
sagas,42.03581,1.94831,Barcelona,144,ADM3,6356212
sagra,38.81639,-0.05977,Alicante,446,ADM3,6355489
"sagrada, la",40.74214,-6.07124,Salamanca,125,ADM3,6360512
sagunto/sagunt,39.70972,-0.27102,Valencia,65238,ADM3,6362085
sahagun,42.36483,-5.01898,Leon,2811,ADM3,6358676
"sahugo, el",40.41627,-6.54622,Salamanca,219,ADM3,6360541
sahun,42.6053,0.46856,Huesca,320,ADM3,6358402
sajazarra,42.59533,-2.94306,La Rioja,133,ADM3,6359114
salamanca,40.95597,-5.68022,Salamanca,152048,ADM3,6360513
salar,37.14988,-4.01914,Granada,2758,ADM3,6357774
salares,36.85725,-4.01552,Malaga,236,ADM3,6359489
salas,43.41561,-6.26015,Asturias,5659,ADM3,6359962
salas altas,42.11672,0.07873,Huesca,301,ADM3,6358403
salas bajas,42.09559,0.09271,Huesca,184,ADM3,6358404
salas de bureba,42.70084,-3.4728,Burgos,135,ADM3,6356578
salas de los infantes,42.05072,-3.2722,Burgos,2146,ADM3,6356579
salas de pallars,42.23183,0.9106,Lleida,368,ADM3,6358923
salce,41.27632,-6.22344,Zamora,110,ADM3,6362616
salceda de caselas,42.1,-8.58333,Pontevedra,8835,ADM3,3111078
salcedillo,40.94511,-1.00987,Teruel,14,ADM3,6361604
saldana,42.55495,-4.69641,Palencia,3032,ADM3,6360101
saldana de burgos,42.26911,-3.68499,Burgos,189,ADM3,6356580
saldeana,41.01144,-6.63478,Salamanca,137,ADM3,6360514
saldes,42.22647,1.73809,Barcelona,313,ADM3,6356214
saldias,43.09294,-1.77292,Navarra,118,ADM3,6359761
saldon,40.33004,-1.42076,Teruel,26,ADM3,6361605
salduero,41.89914,-2.80906,Soria,172,ADM3,6361194
salem,38.85173,-0.37886,Valencia,464,ADM3,6362086
sales de llierca,42.25677,2.64172,Girona,144,ADM3,6534117
salillas,41.97953,-0.17055,Huesca,94,ADM3,6358405
salillas de jalon,41.56183,-1.32163,Zaragoza,359,ADM3,6362917
salinas,38.51838,-0.90658,Alicante,1603,ADM3,6355490
salinas de oro,42.77487,-1.88999,Navarra,112,PPLA3,3111014
salinas de oro/jaitz,42.77781,-1.87876,Navarra,117,ADM3,6359762
salinas de pisuerga,42.85768,-4.36685,Palencia,375,ADM3,6360102
salinas del manzano,40.0809,-1.55196,Cuenca,95,ADM3,6357519
salinillas de bureba,42.56273,-3.38645,Burgos,51,ADM3,6356581
sallent,41.84553,1.91903,Barcelona,6875,ADM3,6356215
sallent de gallego,42.78615,-0.33832,Huesca,1505,ADM3,6358406
salmeron,40.54708,-2.48337,Guadalajara,188,ADM3,6358015
salmeroncillos,40.49979,-2.52513,Cuenca,149,ADM3,6357520
salmoral,40.80958,-5.21218,Salamanca,190,ADM3,6360515
salobral,40.61022,-4.8043,Avila,131,ADM3,6355797
salobre,38.57617,-2.53978,Albacete,606,ADM3,6355361
salobrena,36.7608,-3.58707,Granada,12622,ADM3,6357775
salomo,41.23826,1.36258,Tarragona,519,ADM3,6361377
salorino,39.48259,-6.99028,Caceres,661,ADM3,6356857
salou,41.0787,1.152,Tarragona,31491,ADM3,6361425
salt,41.97261,2.784,Girona,30146,ADM3,6534118
salteras,37.44858,-6.11431,Sevilla,5368,ADM3,6361040
salvacanete,40.14074,-1.5027,Cuenca,323,ADM3,6357521
salvadios,40.88964,-5.07124,Avila,85,ADM3,6355798
salvador de zapardiel,41.16164,-4.85278,Valladolid,151,ADM3,6362264
salvaleon,38.51914,-6.78172,Badajoz,1991,ADM3,6355981
salvaterra de mino,42.12557,-8.47174,Pontevedra,9677,ADM3,6360247
salvatierra de esca,42.69068,-0.94653,Zaragoza,187,ADM3,6362918
salvatierra de los barros,38.50132,-6.67167,Badajoz,1767,ADM3,6355982
salvatierra de santiago,39.2932,-6.05465,Caceres,304,ADM3,6356858
salvatierra de tormes,40.59122,-5.57536,Salamanca,65,ADM3,6360516
salvatierra/agurain,42.85092,-2.39008,Araba / Alava,4978,ADM3,6355278
samaniego,42.56947,-2.67114,Araba / Alava,331,ADM3,6355279
samboal,41.26833,-4.4257,Segovia,502,ADM3,6360898
samir de los canos,41.67393,-6.1525,Zamora,205,ADM3,6362617
samos,42.71216,-7.27706,Lugo,1556,ADM3,6359214
samper de calanda,41.19249,-0.32756,Teruel,734,ADM3,6361606
samper del salz,41.2075,-0.82762,Zaragoza,79,ADM3,6362919
san adrian,42.34654,-1.92256,Navarra,6247,ADM3,6359763
san adrian de juarros,42.27765,-3.45524,Burgos,71,ADM3,6356582
san adrian del valle,42.12553,-5.71274,Leon,123,ADM3,6358677
san agustin,40.09255,-0.67161,Teruel,177,ADM3,6361607
san agustin del guadalix,40.68966,-3.63021,Madrid,12770,ADM3,6359350
san agustin del pozo,41.89681,-5.60693,Zamora,206,ADM3,6362618
san amaro,42.37004,-8.06333,Ourense,1237,ADM3,6359891
san andres del congosto,40.98673,-3.03475,Guadalajara,94,ADM3,6358016
san andres del rabanedo,42.62471,-5.67547,Leon,31742,ADM3,6358678
san andres del rey,40.63082,-2.81562,Guadalajara,37,ADM3,6358017
san andres y sauces,28.78398,-17.79974,Santa Cruz de Tenerife,4637,ADM3,6534193
san antonio de benageber,39.56462,-0.49682,Valencia,7104,ADM3,7577098
san asensio,42.5075,-2.74034,La Rioja,1220,ADM3,6359115
san bartolome,28.98346,-13.61536,Las Palmas,18487,ADM3,6360188
san bartolome de bejar,40.39794,-5.673,Avila,47,ADM3,6355799
san bartolome de corneja,40.49188,-5.37279,Avila,65,ADM3,6355800
san bartolome de la torre,37.45739,-7.10554,Huelva,3560,ADM3,6358239
san bartolome de las abiertas,39.84094,-4.73516,Toledo,562,ADM3,6361810
san bartolome de pinares,40.54293,-4.4484,Avila,621,ADM3,6355801
san bartolome de tirajana,27.82506,-15.58081,Las Palmas,55954,ADM3,6360189
san carlos del valle,38.85356,-3.24044,Ciudad Real,1208,ADM3,6357168
san cebrian de campos,42.19079,-4.53695,Palencia,473,ADM3,6360103
san cebrian de castro,41.7176,-5.79378,Zamora,284,ADM3,6362619
san cebrian de mazote,41.67563,-5.15439,Valladolid,183,ADM3,6362265
san cebrian de muda,42.90809,-4.38794,Palencia,170,ADM3,6360104
san cibrao das vinas,42.28603,-7.85489,Ourense,4745,ADM3,6359892
san clemente,39.43146,-2.43607,Cuenca,7518,ADM3,6357522
san cristobal de boedo,42.5404,-4.34847,Palencia,25,ADM3,6360105
san cristobal de cuellar,41.42933,-4.3904,Segovia,187,ADM3,6360899
san cristobal de entrevinas,42.05034,-5.62554,Zamora,1545,ADM3,6362620
san cristobal de la cuesta,41.03317,-5.61886,Salamanca,985,ADM3,6360517
san cristobal de la laguna,28.5091,-16.29962,Santa Cruz de Tenerife,153224,ADM3,2515819
san cristobal de la polantera,42.39096,-5.90336,Leon,825,ADM3,6358680
san cristobal de la vega,41.12063,-4.62197,Segovia,127,ADM3,6360900
san cristobal de segovia,40.95449,-4.07921,Segovia,2928,ADM3,6360955
san cristovo de cea,42.46667,-7.98333,Ourense,2560,ADM3,3110731
san emiliano,42.97778,-6.02645,Leon,699,ADM3,6358681
san esteban de gormaz,41.54814,-3.2284,Soria,3223,ADM3,6361195
san esteban de la sierra,40.51475,-5.88295,Salamanca,359,ADM3,6360523
san esteban de litera,41.90313,0.34959,Huesca,672,ADM3,6358407
san esteban de los patos,40.74151,-4.63061,Avila,36,ADM3,6355804
san esteban de nogales,42.15582,-5.94197,Leon,289,ADM3,6358682
san esteban de zapardiel,41.09967,-4.89096,Avila,52,ADM3,6355806
san esteban del molar,41.93758,-5.55273,Zamora,155,ADM3,6362621
san esteban del valle,40.28024,-4.96394,Avila,833,ADM3,6355805
san felices,41.92347,-2.01478,Soria,63,ADM3,6361196
san felices de buelna,43.26486,-4.03717,Cantabria,2355,ADM3,6360714
san felices de los gallegos,40.83246,-6.70024,Salamanca,484,ADM3,6360524
san fernando,36.44207,-6.2061,Cadiz,96772,ADM3,6356946
san fernando de henares,40.43776,-3.48909,Madrid,41376,ADM3,6359351
san fulgencio,38.12751,-0.70345,Alicante,12529,ADM3,6355492
san garcia de ingelmos,40.7651,-5.10831,Avila,102,ADM3,6355807
san ildefonso,40.90182,-4.00685,Segovia,5426,PPLA3,3110581
san isidro,38.17652,-0.84897,Alicante,1921,ADM3,6355517
san javier,37.80958,-0.83728,Murcia,32641,ADM3,6359539
san jose del valle,36.60845,-5.69443,Cadiz,4447,ADM3,6356959
san juan de aznalfarache,37.36499,-6.03134,Sevilla,21663,ADM3,6361041
san juan de enova,39.07104,-0.48705,Valencia,386,PPLA3,2511328
san juan de gredos,40.33732,-5.24838,Avila,317,ADM3,6355862
san juan de la encinilla,40.82253,-4.82928,Avila,103,ADM3,6355808
san juan de la nava,40.46082,-4.68179,Avila,532,ADM3,6355809
san juan de la rambla,28.37205,-16.62914,Santa Cruz de Tenerife,5103,ADM3,6360636
san juan de plan,42.63754,0.39325,Huesca,145,ADM3,6358409
san juan del molinillo,40.46553,-4.83503,Avila,289,ADM3,6355810
san juan del monte,41.67608,-3.51876,Burgos,156,ADM3,6356583
san juan del olmo,40.64143,-5.04101,Avila,113,ADM3,6355811
san juan del puerto,37.3333,-6.83952,Huelva,8479,ADM3,6358240
san julian de muskiz,43.33333,-3.1,Bizkaia,0,PPLA3,3110497
san justo,42.17413,-6.64082,Zamora,272,ADM3,6362622
san justo de la vega,42.45712,-6.01054,Leon,1997,ADM3,6358683
san leonardo de yague,41.83034,-3.0688,Soria,2354,PPLA3,3110479
san leonardo de yaguee,41.83182,-3.08203,Soria,2274,ADM3,6361197
san llorente,41.68984,-4.06894,Valladolid,152,ADM3,6362266
san lorenzo de calatrava,38.47283,-3.84235,Ciudad Real,235,ADM3,6357169
san lorenzo de el escorial,40.58901,-4.14803,Madrid,18545,ADM3,6359352
san lorenzo de la parrilla,39.84687,-2.37218,Cuenca,1242,ADM3,6357523
san lorenzo de tormes,40.37934,-5.50391,Avila,56,ADM3,6355812
san mames de burgos,42.33691,-3.79329,Burgos,307,ADM3,6356584
san mames de campos,42.3614,-4.54206,Palencia,65,ADM3,6360106
san martin de boniches,39.90597,-1.56074,Cuenca,48,ADM3,6357524
san martin de la vega,40.24713,-3.55314,Madrid,19615,ADM3,6359353
san martin de la vega del alberche,40.42625,-5.16281,Avila,197,ADM3,6355813
san martin de la virgen de moncayo,41.835,-1.79269,Zaragoza,274,ADM3,6362920
san martin de montalban,39.71867,-4.43346,Toledo,850,ADM3,6361811
san martin de oscos,43.27612,-6.93665,Asturias,484,ADM3,6359963
san martin de pusa,39.80601,-4.65482,Toledo,847,ADM3,6361812
san martin de rubiales,41.63639,-3.99911,Burgos,169,ADM3,6356585
san martin de trevejo,40.20576,-6.80887,Caceres,895,ADM3,6356859
san martin de unx,42.52525,-1.57139,Navarra,432,ADM3,6359765
san martin de valdeiglesias,40.36192,-4.36594,Madrid,8365,ADM3,6359354
san martin de valderaduey,41.79843,-5.47897,Zamora,79,ADM3,6362623
san martin de valveni,41.75505,-4.54563,Valladolid,98,ADM3,6362267
san martin del castanar,40.52247,-6.0765,Salamanca,254,ADM3,6360525
san martin del pimpollar,40.37443,-5.03113,Avila,216,ADM3,6355814
san martin del rey aurelio,43.26667,-5.61667,Asturias,17953,ADM3,3110347
san martin del rio,41.06209,-1.37975,Teruel,191,ADM3,6361608
san martin y mudrian,41.22003,-4.35827,Segovia,283,ADM3,6360904
san mateo de gallego,41.85779,-0.71946,Zaragoza,3409,ADM3,6362921
san miguel de abona,28.09712,-16.61785,Santa Cruz de Tenerife,17555,ADM3,6360637
san miguel de aguayo,43.07593,-3.99454,Cantabria,174,ADM3,6360715
san miguel de bernuy,41.40247,-3.94484,Segovia,168,ADM3,6360905
san miguel de cinca,41.82884,0.09116,Huesca,849,ADM3,6358449
san miguel de corneja,40.49611,-5.27369,Avila,75,ADM3,6355815
san miguel de la ribera,41.33867,-5.55847,Zamora,338,ADM3,6362624
san miguel de salinas,37.99772,-0.79052,Alicante,7602,ADM3,6355494
san miguel de serrezuela,40.69301,-5.27359,Avila,159,ADM3,6355816
san miguel de valero,40.55571,-5.95269,Salamanca,379,ADM3,6360526
san miguel del arroyo,41.44271,-4.47484,Valladolid,745,ADM3,6362268
san miguel del pino,41.51515,-4.90904,Valladolid,293,ADM3,6362269
san miguel del robledo,40.54139,-6.03728,Salamanca,73,ADM3,6360293
san miguel del valle,42.03512,-5.50217,Zamora,174,ADM3,6362625
san millan de la cogolla,42.30597,-2.89312,La Rioja,260,ADM3,6359116
san millan de lara,42.14965,-3.33453,Burgos,73,ADM3,6356586
san millan de los caballeros,42.29489,-5.58477,Leon,188,ADM3,6358684
san millan de yecora,42.54813,-3.09931,La Rioja,44,ADM3,6359117
san morales,40.98749,-5.50471,Salamanca,294,ADM3,6360527
san munoz,40.76497,-6.12537,Salamanca,280,ADM3,6360528
san nicolas del puerto,37.98008,-5.64306,Sevilla,634,ADM3,6361043
san pablo de la moraleja,41.15802,-4.77344,Valladolid,136,ADM3,6362270
san pablo de los montes,39.53014,-4.32995,Toledo,2160,ADM3,6361813
san pascual,40.89784,-4.72977,Avila,52,ADM3,6355817
san pedro,38.79819,-2.19192,Albacete,1287,ADM3,6362990
san pedro bercianos,42.41298,-5.7195,Leon,271,ADM3,6358685
san pedro de ceque,42.04865,-6.1069,Zamora,561,ADM3,6362626
san pedro de gaillos,41.22996,-3.82074,Segovia,317,ADM3,6360906
san pedro de la nave-almendra,41.58333,-5.93333,Zamora,383,ADM3,3110167
san pedro de latarce,41.7391,-5.33758,Valladolid,555,ADM3,6362271
san pedro de merida,38.95868,-6.17403,Badajoz,872,ADM3,6355984
san pedro de rozados,40.8145,-5.78279,Salamanca,312,ADM3,6360530
san pedro del arroyo,40.79125,-4.86735,Avila,471,ADM3,6355818
san pedro del pinatar,37.82642,-0.77736,Murcia,24285,ADM3,6359540
san pedro del romeral,43.12437,-3.82795,Cantabria,503,ADM3,6360716
san pedro del valle,41.04646,-5.86074,Salamanca,147,ADM3,6360529
san pedro manrique,42.03817,-2.17841,Soria,642,ADM3,6361198
san pedro palmiches,40.43534,-2.40548,Cuenca,80,ADM3,6357525
san pelayo,41.68931,-5.02581,Valladolid,46,ADM3,6362272
san pelayo de guarena,41.11562,-5.87484,Salamanca,94,ADM3,6360531
san roman de cameros,42.22554,-2.45999,La Rioja,164,ADM3,6359118
san roman de hornija,41.47385,-5.28943,Valladolid,391,ADM3,6362273
san roman de la cuba,42.26743,-4.85112,Palencia,87,ADM3,6360107
san roman de los montes,40.05789,-4.7586,Toledo,1855,ADM3,6361814
san roque,36.25319,-5.32916,Cadiz,30516,ADM3,6356948
san roque de riomiera,43.22028,-3.71154,Cantabria,412,ADM3,6360717
san sadurnino,43.5245,-8.01565,Coruna,3061,ADM3,6357344
san salvador,41.61903,-5.07608,Valladolid,36,ADM3,6363002
san sebastian,43.31283,-1.97499,Gipuzkoa,185357,PPLA2,3110044
san sebastian de la gomera,28.08831,-17.15241,Santa Cruz de Tenerife,9055,ADM3,6534194
san sebastian de los ballesteros,37.65828,-4.83124,Cordoba,833,ADM3,6357254
san sebastian de los reyes,40.57944,-3.59417,Madrid,81466,ADM3,6359355
san silvestre de guzman,37.38593,-7.39844,Huelva,718,ADM3,6358242
san tirso de abres,43.40225,-7.13618,Asturias,521,ADM3,6359965
san torcuato,42.4805,-2.85884,La Rioja,81,ADM3,6359123
san vicente de alcantara,39.33821,-7.02941,Badajoz,5788,ADM3,6355988
san vicente de arevalo,40.96106,-4.78955,Avila,204,ADM3,6355828
san vicente de la barquera,43.37958,-4.38436,Cantabria,4407,ADM3,6360725
san vicente de la cabeza,41.80697,-6.24087,Zamora,466,ADM3,6362637
san vicente de la sonsierra,42.56128,-2.74685,La Rioja,1127,ADM3,6359126
san vicente del palacio,41.22987,-4.88147,Valladolid,193,ADM3,6362278
san vicente del raspeig/sant vicent del raspeig,38.43428,-0.54963,Alicante,55100,ADM3,6355496
san vicente del valle,42.35663,-3.1677,Burgos,36,ADM3,6356600
san vitero,41.77963,-6.36221,Zamora,618,ADM3,6362638
san xoan de rio,42.38288,-7.32208,Ourense,685,ADM3,6359887
sanaueja,41.86865,1.31205,Lleida,458,ADM3,6358924
sancedo,42.6704,-6.63588,Leon,574,ADM3,6358679
sanchidrian,40.89188,-4.58539,Avila,840,ADM3,6355802
sanchon de la ribera,41.10276,-6.3939,Salamanca,88,ADM3,6360519
sanchon de la sagrada,40.76129,-6.02498,Salamanca,38,ADM3,6360520
sanchonuno,41.32611,-4.2832,Segovia,968,ADM3,6360901
sanchorreja,40.68171,-4.87834,Avila,92,ADM3,6355803
sanchotello,40.44325,-5.74736,Salamanca,233,ADM3,6360521
sancti-spiritus,38.92139,-5.17714,Badajoz,235,ADM3,6355983
sancti-spiritus,40.7426,-6.44401,Salamanca,856,ADM3,6360518
sandias,42.11697,-7.75124,Ourense,1342,ADM3,6359893
sando,40.94896,-6.09809,Salamanca,145,ADM3,6360522
sanet y negrals,38.81173,-0.02742,Alicante,700,ADM3,6355491
sangarcia,40.94732,-4.42709,Segovia,398,ADM3,6360902
sangarren,42.00899,-0.45149,Huesca,233,ADM3,6358408
sangueesa,42.57154,-1.26114,Navarra,5177,ADM3,6359764
sanlucar de barrameda,36.79244,-6.31457,Cadiz,67308,ADM3,6356947
sanlucar de guadiana,37.44674,-7.38749,Huelva,446,ADM3,6358241
sanlucar la mayor,37.44938,-6.24117,Sevilla,13275,ADM3,6361042
sansol,42.53774,-2.25615,Navarra,108,ADM3,6359766
sant adria de besos,41.42992,2.22035,Barcelona,34482,ADM3,6356217
sant agusti de llucanes,42.08405,2.13074,Barcelona,97,ADM3,6356218
sant andreu de la barca,41.44982,1.96565,Barcelona,27306,ADM3,6356219
sant andreu de llavaneres,41.57729,2.48824,Barcelona,10541,ADM3,6356220
sant andreu salou,41.87163,2.82285,Girona,159,ADM3,6534119
sant aniol de finestres,42.07276,2.60579,Girona,351,ADM3,6534120
sant antoni de portmany,38.98183,1.30136,Illes Balears,22446,ADM3,6356035
sant antoni de vilamajor,41.65648,2.39586,Barcelona,5699,ADM3,6356221
sant bartomeu del grau,41.95776,2.16193,Barcelona,908,ADM3,6356222
sant boi de llobregat,41.3375,2.04439,Barcelona,83070,ADM3,6356223
sant boi de llucanes,42.05005,2.14821,Barcelona,545,ADM3,6356224
sant carles de la rapita,40.62926,0.60639,Tarragona,15232,ADM3,6361378
sant cebria de vallalta,41.63167,2.60687,Barcelona,3337,ADM3,6533995
sant celoni,41.69602,2.53943,Barcelona,17076,ADM3,6356225
sant climent de llobregat,41.33386,1.98602,Barcelona,3900,ADM3,6356226
sant climent sescebes,42.36796,2.98043,Girona,568,ADM3,6534121
sant cugat del valles,41.45649,2.06962,Barcelona,84946,ADM3,6356227
sant cugat sesgarrigues,41.35564,1.75574,Barcelona,986,ADM3,6356228
sant esteve de la sarga,42.08753,0.76617,Lleida,141,ADM3,6358928
sant esteve de palautordera,41.71182,2.42759,Barcelona,2555,ADM3,6356229
sant esteve sesrovires,41.48789,1.87982,Barcelona,7510,ADM3,6356230
sant feliu de buixalleu,41.77976,2.57822,Girona,788,ADM3,6534122
sant feliu de codines,41.70151,2.16518,Barcelona,6105,ADM3,6356232
sant feliu de guixols,41.77923,3.02733,Girona,21961,ADM3,6534123
sant feliu de llobregat,41.40163,2.05577,Barcelona,43671,ADM3,6356233
sant feliu de pallerols,42.10361,2.50892,Girona,1360,ADM3,6357625
sant feliu sasserra,41.93421,2.01504,Barcelona,660,ADM3,6356234
sant ferriol,42.19349,2.66918,Girona,222,ADM3,6534124
sant fost de campsentelles,41.50612,2.24016,Barcelona,8441,ADM3,6356231
sant francesc de formentera,38.70566,1.42893,Illes Balears,2656,PPLA3,2511381
sant fruitos de bages,41.74639,1.87443,Barcelona,8227,ADM3,6356235
sant gregori,42.00042,2.72946,Girona,3343,ADM3,6534125
sant guim de freixenet,41.66207,1.40901,Lleida,1104,ADM3,6358925
sant guim de la plana,41.76716,1.34362,Lleida,191,ADM3,6358929
sant hilari sacalm,41.91094,2.49175,Girona,5753,ADM3,6357626
sant hipolit de voltrega,42.01739,2.23813,Barcelona,3585,ADM3,6356237
sant iscle de vallalta,41.63341,2.56876,Barcelona,1322,ADM3,6533994
sant jaume d'enveja,40.69145,0.78225,Tarragona,3549,ADM3,6361422
sant jaume de frontanya,42.18592,2.02011,Barcelona,28,ADM3,6356238
sant jaume de llierca,42.20988,2.59393,Girona,757,ADM3,6534126
sant jaume dels domenys,41.3046,1.55844,Tarragona,2491,ADM3,6361379
sant joan,39.59537,3.03772,Illes Balears,2047,ADM3,6533968
sant joan d'alacant,38.40752,-0.42613,Alicante,22740,ADM3,6355493
sant joan de labritja,39.09662,1.50903,Illes Balears,5506,ADM3,6356037
sant joan de les abadesses,42.2317,2.28224,Girona,3469,ADM3,6357627
sant joan de mollet,42.04581,2.93841,Girona,522,ADM3,6534127
sant joan de moro,40.07787,-0.11986,Castello,2999,ADM3,6357094
sant joan de vilatorrada,41.76917,1.79572,Barcelona,10780,ADM3,6356240
sant joan despi,41.36687,2.05601,Barcelona,32792,ADM3,6356239
sant joan les fonts,42.20415,2.53888,Girona,2879,ADM3,6534128
sant joanet,39.07395,-0.48675,Valencia,479,ADM3,6362087
sant jordi,40.53303,0.36281,Castello,1126,ADM3,6357049
sant jordi desvalls,42.07299,2.95525,Girona,703,ADM3,6534129
sant josep de sa talaia,38.92055,1.29364,Illes Balears,24691,ADM3,6356036
sant julia de cerdanyola,42.22512,1.89355,Barcelona,257,ADM3,6356328
sant julia de ramis,42.0508,2.8502,Girona,3467,ADM3,6534130
sant julia de vilatorta,41.92029,2.32224,Barcelona,3024,ADM3,6356242
sant julia del llor i bonmati,41.97796,2.65627,Girona,1244,ADM3,6534131
sant just desvern,41.39258,2.07915,Barcelona,15874,ADM3,6356243
sant llorenc d'hortons,41.47084,1.83517,Barcelona,2528,ADM3,6356244
sant llorenc de la muga,42.3214,2.78941,Girona,248,ADM3,6534132
sant llorenc de morunys,42.1332,1.5885,Lleida,1038,ADM3,6358926
sant llorenc des cardassar,39.6087,3.28268,Illes Balears,8993,ADM3,6533969
sant llorenc savall,41.68574,2.05485,Barcelona,2417,ADM3,6356245
sant lluis,39.8297,4.25575,Illes Balears,7449,ADM3,6533970
sant marti d'albars,42.03955,2.07255,Barcelona,106,ADM3,6356247
sant marti de centelles,41.76107,2.24859,Barcelona,1098,ADM3,6356246
sant marti de llemena,42.03874,2.67211,Girona,596,ADM3,6534133
sant marti de riucorb,41.56212,1.06111,Lleida,695,ADM3,6358979
sant marti de tous,41.55702,1.51498,Barcelona,1173,ADM3,6356248
sant marti sarroca,41.3674,1.6181,Barcelona,3200,ADM3,6356249
sant marti sesgueioles,41.70344,1.49589,Barcelona,373,ADM3,6356250
sant marti vell,41.99895,2.9277,Girona,266,ADM3,6534134
sant mateu,40.47961,0.15583,Castello,2112,ADM3,6357050
sant mateu de bages,41.83413,1.693,Barcelona,643,ADM3,6356251
sant miquel de campmajor,42.13389,2.67892,Girona,230,ADM3,6534135
sant miquel de fluvia,42.17517,2.99034,Girona,780,ADM3,6534136
sant mori,42.15418,2.99058,Girona,196,ADM3,6534137
sant pau de seguries,42.26003,2.36326,Girona,675,ADM3,6357629
sant pere de ribes,41.25782,1.77335,Barcelona,29149,ADM3,6356253
sant pere de riudebitlles,41.45653,1.69783,Barcelona,2372,ADM3,6356254
sant pere de torello,42.08536,2.32977,Barcelona,2469,ADM3,6356255
sant pere de vilamajor,41.68368,2.38678,Barcelona,4276,ADM3,6356256
sant pere pescador,42.18697,3.08372,Girona,2161,ADM3,6534138
sant pere sallavinera,41.75637,1.56935,Barcelona,163,ADM3,6356213
sant pol de mar,41.6107,2.61931,Barcelona,5073,ADM3,6533996
sant quinti de mediona,41.45708,1.67172,Barcelona,2146,ADM3,6356257
sant quirze de besora,42.1042,2.22377,Barcelona,2187,ADM3,6356258
sant quirze del valles,41.53081,2.07727,Barcelona,18994,ADM3,6356259
sant quirze safaja,41.72552,2.18233,Barcelona,648,ADM3,6356260
sant rafel del maestrat,40.5935,0.33932,Castello,556,ADM3,6357051
sant ramon,41.73286,1.35679,Lleida,541,ADM3,6358927
sant sadurni d'anoia,41.43988,1.78353,Barcelona,12482,ADM3,6356261
sant sadurni d'osormort,41.90433,2.3836,Barcelona,93,ADM3,6356262
sant salvador de guardiola,41.66918,1.77219,Barcelona,3139,ADM3,6356128
sant vicenc de castellet,41.66893,1.88187,Barcelona,9314,ADM3,6356282
sant vicenc de montalt,41.57747,2.51222,Barcelona,5878,ADM3,6533998
sant vicenc de torello,42.0635,2.27271,Barcelona,2029,ADM3,6356284
sant vicenc dels horts,41.39298,1.99928,Barcelona,28084,ADM3,6356283
santa amalia,39.02433,-6.03504,Badajoz,4297,ADM3,6355985
santa ana,39.3382,-5.96231,Caceres,282,ADM3,6356860
santa ana de pusa,39.76018,-4.71177,Toledo,512,ADM3,6361815
santa ana la real,37.8545,-6.7122,Huelva,542,ADM3,6358243
santa barbara,40.72553,0.48769,Tarragona,3898,ADM3,6361380
santa barbara de casa,37.80433,-7.21951,Huelva,1151,ADM3,6358244
santa brigida,28.03132,-15.49173,Las Palmas,18907,ADM3,6360191
santa cecilia,42.05681,-3.80324,Burgos,105,ADM3,6356587
santa cecilia de voltrega,42.00554,2.20587,Barcelona,178,ADM3,6356264
santa cecilia del alcor,41.92892,-4.65906,Palencia,132,ADM3,6360108
santa cilia,42.56111,-0.7142,Huesca,244,ADM3,6358410
santa clara de avedillo,41.3413,-5.66587,Zamora,192,ADM3,6362627
santa coloma,42.35842,-2.63682,La Rioja,123,ADM3,6359119
santa coloma de cervello,41.36718,2.02121,Barcelona,7964,ADM3,6356265
santa coloma de farners,41.87339,2.62386,Girona,12448,ADM3,6534139
santa coloma de gramenet,41.45251,2.2116,Barcelona,120593,ADM3,6356266
santa coloma de queralt,41.5466,1.39142,Tarragona,3040,ADM3,6361381
santa colomba de curueno,42.75821,-5.40905,Leon,555,ADM3,6358686
santa colomba de las monjas,41.95702,-5.68203,Zamora,292,ADM3,6362628
santa colomba de somoza,42.47971,-6.27606,Leon,505,ADM3,6358687
santa comba,43.0198,-8.82493,Coruna,10101,ADM3,6357345
santa cristina d'aro,41.81406,2.99751,Girona,5106,ADM3,6534140
santa cristina de la polvorosa,41.99161,-5.737,Zamora,1161,ADM3,6362629
santa cristina de valmadrigal,42.3696,-5.31105,Leon,308,ADM3,6358688
santa croya de tera,41.97329,-5.9701,Zamora,348,ADM3,6362630
santa cruz de bezana,43.46064,-3.89898,Cantabria,12154,ADM3,6360718
santa cruz de boedo,42.51953,-4.3523,Palencia,62,ADM3,6360109
santa cruz de grio,41.37584,-1.41922,Zaragoza,104,ADM3,6362922
santa cruz de la palma,28.70597,-17.79415,Santa Cruz de Tenerife,16705,ADM3,6534195
santa cruz de la salceda,41.59314,-3.58326,Burgos,169,ADM3,6356588
santa cruz de la seros,42.53594,-0.68367,Huesca,194,ADM3,6358411
santa cruz de la sierra,39.34184,-5.83177,Caceres,313,ADM3,6356861
santa cruz de la zarza,39.9863,-3.20875,Toledo,4891,ADM3,6361816
santa cruz de los canamos,38.63683,-2.87599,Ciudad Real,593,ADM3,6357170
santa cruz de marchena,37.03788,-2.58576,Almeria,231,ADM3,6355592
santa cruz de moncayo,41.88089,-1.75562,Zaragoza,124,ADM3,6362923
santa cruz de moya,39.93727,-1.231,Cuenca,286,ADM3,6357526
santa cruz de mudela,38.63134,-3.49042,Ciudad Real,4568,ADM3,6357171
santa cruz de nogueras,41.11857,-1.08261,Teruel,39,ADM3,6361609
santa cruz de paniagua,40.20383,-6.31211,Caceres,291,ADM3,6356862
santa cruz de pinares,40.53172,-4.58493,Avila,161,ADM3,6355820
santa cruz de tenerife,28.53924,-16.20302,Santa Cruz de Tenerife,206965,ADM3,6360638
santa cruz de yanguas,42.06592,-2.46783,Soria,76,ADM3,6361199
santa cruz del comercio,37.06249,-3.98343,Granada,584,ADM3,6357776
santa cruz del retamar,40.16496,-4.27524,Toledo,3095,ADM3,6361817
santa cruz del valle,40.21518,-4.99381,Avila,426,ADM3,6355819
santa cruz del valle urbion,42.27593,-3.20851,Burgos,101,ADM3,6356589
santa elena,38.35295,-3.51452,Jaen,990,ADM3,6358525
santa elena de jamuz,42.2545,-5.91393,Leon,1217,ADM3,6358689
santa engracia del jubera,42.3083,-2.30841,La Rioja,184,ADM3,6359120
santa eufemia,38.60587,-4.88174,Cordoba,921,ADM3,6357256
santa eufemia del arroyo,41.89676,-5.27448,Valladolid,95,ADM3,6362274
santa eufemia del barco,41.68535,-5.89231,Zamora,218,ADM3,6362631
santa eugenia,39.62278,2.83739,Illes Balears,1702,ADM3,6533971
santa eugenia de berga,41.90992,2.2813,Barcelona,2269,ADM3,6356267
santa eulalia,40.55847,-1.288,Teruel,1122,ADM3,6361610
santa eulalia bajera,42.22341,-2.19023,La Rioja,121,ADM3,6359121
santa eulalia de gallego,42.26556,-0.7812,Zaragoza,101,ADM3,6362924
santa eulalia de oscos,43.2615,-7.02121,Asturias,503,ADM3,6359964
santa eulalia de riuprimer,41.90905,2.18559,Barcelona,1199,ADM3,6356268
santa eulalia de roncana,41.64863,2.21602,Barcelona,7009,ADM3,6356269
santa eularia des riu,38.98453,1.53195,Illes Balears,34946,ADM3,6356038
santa fe,37.19241,-3.73812,Granada,15322,ADM3,6357777
santa fe de mondujar,36.97643,-2.53247,Almeria,463,ADM3,6355593
santa fe del penedes,41.38864,1.7201,Barcelona,384,ADM3,6356270
santa gadea del cid,42.70729,-3.0585,Burgos,169,ADM3,6356590
santa ines,42.05627,-3.6937,Burgos,162,ADM3,6356591
santa llogaia d'alguema,42.23473,2.95335,Girona,348,ADM3,6534141
santa lucia de tirajana,27.87003,-15.4891,Las Palmas,67291,ADM3,6360192
santa magdalena de pulpis,40.38276,0.27968,Castello,876,ADM3,6357052
santa margalida,39.70382,3.10432,Illes Balears,11922,ADM3,6533972
santa margarida de montbui,41.56193,1.57985,Barcelona,9689,ADM3,6356271
santa margarida i els monjos,41.32002,1.65947,Barcelona,7121,ADM3,6356272
santa maria d'olo,41.86715,2.05996,Barcelona,1048,ADM3,6356279
santa maria de besora,42.1272,2.26123,Barcelona,157,ADM3,6356274
santa maria de cayon,43.30791,-3.87555,Cantabria,9123,ADM3,6360719
santa maria de dulcis,42.12633,0.02749,Huesca,226,ADM3,6358452
santa maria de guia de gran canaria,28.11968,-15.61867,Las Palmas,14070,ADM3,6360193
santa maria de huerta,41.22071,-2.16484,Soria,352,ADM3,6361200
santa maria de la alameda,40.59133,-4.24785,Madrid,1245,ADM3,6359356
santa maria de la isla,42.35947,-5.93333,Leon,569,ADM3,6358690
santa maria de la vega,42.08536,-5.81065,Zamora,370,ADM3,6362632
santa maria de las hoyas,41.77642,-3.12715,Soria,133,ADM3,6361201
santa maria de los caballeros,40.39177,-5.44599,Avila,92,ADM3,6355823
santa maria de los llanos,39.47517,-2.80286,Cuenca,754,ADM3,6357528
santa maria de martorelles,41.51912,2.25987,Barcelona,865,ADM3,6356277
santa maria de merles,41.98892,1.96596,Barcelona,173,ADM3,6356276
santa maria de miralles,41.50448,1.5102,Barcelona,132,ADM3,6356278
santa maria de ordas,42.74951,-5.82686,Leon,347,ADM3,6358693
santa maria de palautordera,41.68447,2.44644,Barcelona,9196,ADM3,6356280
santa maria de sando,40.98396,-6.13826,Salamanca,130,ADM3,6360532
santa maria de valverde,41.93978,-5.92959,Zamora,83,ADM3,6362633
santa maria del arroyo,40.60054,-4.93991,Avila,97,ADM3,6355821
santa maria del berrocal,40.50615,-5.41107,Avila,443,ADM3,6355822
santa maria del cami,39.65117,2.77027,Illes Balears,6473,ADM3,6533973
santa maria del campo,42.11354,-3.99637,Burgos,633,ADM3,6356592
santa maria del campo rus,39.55717,-2.42871,Cuenca,690,ADM3,6357527
santa maria del cubillo,40.71908,-4.46655,Avila,338,ADM3,6355863
santa maria del invierno,42.43608,-3.43577,Burgos,62,ADM3,6356593
santa maria del mercadillo,41.8643,-3.57137,Burgos,136,ADM3,6356594
santa maria del monte de cea,42.4965,-5.11403,Leon,269,ADM3,6358691
santa maria del paramo,42.35578,-5.7545,Leon,3183,ADM3,6358692
santa maria del tietar,40.30976,-4.55127,Avila,568,ADM3,6355824
santa maria del val,40.49501,-2.06842,Cuenca,70,ADM3,6357529
santa maria la real de nieva,41.01189,-4.42123,Segovia,1094,ADM3,6360907
santa maria rivarredonda,42.62543,-3.17681,Burgos,95,ADM3,6356595
santa marina del rey,42.49315,-5.83967,Leon,2103,ADM3,6358694
santa marta,38.61258,-6.62819,Badajoz,4355,ADM3,6355986
santa marta de magasca,39.50929,-6.09692,Caceres,306,ADM3,6356863
santa marta de tormes,40.94666,-5.62398,Salamanca,14920,ADM3,6360533
santa marta del cerro,41.21272,-3.68107,Segovia,46,ADM3,6360908
santa olalla,40.00868,-4.4327,Toledo,3465,ADM3,6361818
santa olalla de bureba,42.47512,-3.43897,Burgos,33,ADM3,6356596
santa olalla del cala,37.88052,-6.19061,Huelva,2120,ADM3,6358245
santa oliva,41.25424,1.53428,Tarragona,3322,ADM3,6361382
santa pau,42.14743,2.56986,Girona,1604,ADM3,6534142
santa perpetua de mogoda,41.53366,2.17318,Barcelona,25606,ADM3,6356281
santa pola,38.20344,-0.57742,Alicante,33965,ADM3,6355495
santa susanna,41.65432,2.69017,Barcelona,3338,ADM3,6533997
santa ursula,28.4153,-16.4817,Santa Cruz de Tenerife,14374,ADM3,6360639
santacara,42.37992,-1.54398,Navarra,922,ADM3,6359767
santaella,37.55982,-4.84978,Cordoba,6136,ADM3,6357255
santaliestra y san quilez,42.31284,0.36885,Huesca,78,ADM3,6358412
santander,43.47225,-3.81994,Cantabria,178465,ADM3,6360720
santanyi,39.35378,3.12819,Illes Balears,13384,ADM3,6533974
santas martas,42.44544,-5.35754,Leon,857,ADM3,6358695
santed,41.03743,-1.51242,Zaragoza,71,ADM3,6362925
santervas de campos,42.24355,-5.05617,Valladolid,136,ADM3,6362275
santervas de la vega,42.50301,-4.83777,Palencia,497,ADM3,6360110
santiago de alcantara,39.60803,-7.25189,Caceres,615,ADM3,6356864
santiago de calatrava,37.7467,-4.18513,Jaen,811,ADM3,6358526
santiago de compostela,42.88024,-8.54736,Coruna,95671,ADM3,6357346
santiago de la puebla,40.79551,-5.28948,Salamanca,401,ADM3,6360534
santiago del campo,39.65775,-6.39427,Caceres,288,ADM3,6356865
santiago del collado,40.42769,-5.33967,Avila,199,ADM3,6355825
santiago del teide,28.26348,-16.82335,Santa Cruz de Tenerife,12392,ADM3,6360640
santiago del tormes,40.34364,-5.37058,Avila,156,ADM3,6355865
santiago millas,42.39508,-6.1593,Leon,339,ADM3,6358696
santiago-pontones,38.08663,-2.67918,Jaen,3565,ADM3,6358550
santibanez de bejar,40.49675,-5.59529,Salamanca,523,ADM3,6360535
santibanez de ecla,42.7151,-4.35923,Palencia,75,ADM3,6360111
santibanez de esgueva,41.83143,-3.75316,Burgos,118,ADM3,6356597
santibanez de la pena,42.79884,-4.74255,Palencia,1196,ADM3,6360112
santibanez de la sierra,40.49519,-5.91675,Salamanca,211,ADM3,6360536
santibanez de tera,41.99536,-5.92138,Zamora,450,ADM3,6362634
santibanez de valcorba,41.56155,-4.42013,Valladolid,178,ADM3,6362276
santibanez de vidriales,42.07504,-6.0145,Zamora,1140,ADM3,6362635
santibanez del val,41.97697,-3.48424,Burgos,62,ADM3,6356598
santibanez el alto,40.20156,-6.54169,Caceres,405,ADM3,6356866
santibanez el bajo,40.16685,-6.246,Caceres,797,ADM3,6356867
santillana del mar,43.40429,-4.09922,Cantabria,4210,ADM3,6360721
santiponce,37.43352,-6.04479,Sevilla,8397,ADM3,6361044
santiso,42.86573,-8.07861,Coruna,1838,ADM3,6357347
santisteban del puerto,38.33157,-3.25724,Jaen,4788,ADM3,6358527
santiurde de reinosa,43.06462,-4.08948,Cantabria,299,ADM3,6360722
santiurde de toranzo,43.22722,-3.91803,Cantabria,1604,ADM3,6360723
santiuste,41.08732,-2.80866,Guadalajara,23,ADM3,6358018
santiuste de pedraza,41.0895,-3.87574,Segovia,122,ADM3,6360909
santiuste de san juan bautista,41.16266,-4.56244,Segovia,636,ADM3,6360910
santiz,41.21025,-5.88768,Salamanca,256,ADM3,6360537
santo adriano,43.28518,-5.9837,Asturias,263,ADM3,6359966
santo domingo de la calzada,42.42847,-2.9555,La Rioja,6671,ADM3,6359122
santo domingo de las posadas,40.80028,-4.64267,Avila,96,ADM3,6355826
santo domingo de piron,41.0108,-3.96076,Segovia,58,ADM3,6360911
santo domingo de silos,41.96639,-3.43475,Burgos,310,ADM3,6356599
santo domingo-caudilla,40.02165,-4.33794,Toledo,1065,ADM3,6361865
santo tome,38.01813,-2.99694,Jaen,2635,ADM3,6358528
santo tome de zabarcos,40.78894,-4.90312,Avila,113,ADM3,6355827
santo tome del puerto,41.18722,-3.57782,Segovia,325,ADM3,6360912
santomera,38.08906,-1.06892,Murcia,16105,ADM3,6359548
santona,43.45381,-3.44362,Cantabria,11451,ADM3,6360724
santorcaz,40.47163,-3.23436,Madrid,850,ADM3,6359357
"santos de la humosa, los",40.51314,-3.28235,Madrid,2367,ADM3,6359358
"santos de maimona, los",38.44929,-6.37344,Badajoz,8245,ADM3,6355987
"santos, los",40.53994,-5.81038,Salamanca,680,ADM3,6360538
santovenia,41.86501,-5.70761,Zamora,304,ADM3,6362636
santovenia de la valdoncina,42.54345,-5.61784,Leon,1987,ADM3,6358697
santovenia de pisuerga,41.70157,-4.67113,Valladolid,4005,ADM3,6362277
santoyo,42.22183,-4.34909,Palencia,241,ADM3,6360113
santpedor,41.78379,1.82581,Barcelona,7187,ADM3,6356216
santurde de rioja,42.38993,-2.99503,La Rioja,329,ADM3,6359124
santurdejo,42.36321,-2.94265,La Rioja,140,ADM3,6359125
santurtzi,43.3346,-3.04335,Bizkaia,47129,ADM3,6362422
sanxenxo,42.41902,-8.83274,Pontevedra,17604,ADM3,6360248
sanzoles,41.42467,-5.56411,Zamora,571,ADM3,6362639
sardon de duero,41.60737,-4.41544,Valladolid,671,ADM3,6362279
sardon de los frailes,41.21978,-6.2699,Salamanca,84,ADM3,6360539
sargentes de la lora,42.73356,-3.90009,Burgos,138,ADM3,6356601
sariego,43.40666,-5.55641,Asturias,1313,ADM3,6359967
sariegos,42.66182,-5.62702,Leon,4671,ADM3,6358698
sarinena,41.77767,-0.16581,Huesca,4113,ADM3,6358413
saro,43.26403,-3.8084,Cantabria,510,ADM3,6360726
sarracin,42.2448,-3.70321,Burgos,270,ADM3,6356602
sarral,41.46394,1.28255,Tarragona,1662,ADM3,6361384
sarratella,40.30324,0.02209,Castello,101,ADM3,6357053
sarreaus,42.0921,-7.59316,Ourense,1408,ADM3,6359894
sarria,42.77186,-7.43856,Lugo,13524,ADM3,6359216
sarria de ter,42.01552,2.81419,Girona,4790,ADM3,6534143
sarries/sartze,42.84044,-1.10377,Navarra,67,ADM3,6359769
sarriguren,42.81292,-1.59815,Navarra,14779,PPLA3,11593422
sarrion,40.1584,-0.81374,Teruel,1261,ADM3,6361611
sarroca de bellera,42.4121,0.89846,Lleida,129,ADM3,6358931
sarroca de lleida,41.46595,0.55266,Lleida,408,ADM3,6358930
sartaguda,42.38266,-2.0426,Navarra,1378,ADM3,6359770
sartajada,40.21682,-4.7992,Toledo,107,ADM3,6361819
sasamon,42.4175,-4.04142,Burgos,1144,ADM3,6356603
sastago,41.32363,-0.27571,Zaragoza,1067,ADM3,6362926
sauca,41.03127,-2.56636,Guadalajara,53,ADM3,6358019
saucedilla,39.84923,-5.67305,Caceres,857,ADM3,6356868
"saucejo, el",37.0787,-5.09638,Sevilla,4484,ADM3,6361045
saucelle,41.04463,-6.749,Salamanca,383,ADM3,6360540
sauquillo de cabezas,41.20259,-4.05767,Segovia,208,ADM3,6360913
"saus, camallera i llampaies",42.12376,2.95936,Girona,807,ADM3,6534144
"sauzal, el",28.46132,-16.43463,Santa Cruz de Tenerife,9037,ADM3,6360641
savalla del comtat,41.54088,1.2869,Tarragona,68,ADM3,6361385
sax,38.5432,-0.80276,Alicante,10069,ADM3,6355497
sayalonga,36.79787,-4.00548,Malaga,1564,ADM3,6359490
sayaton,40.42072,-2.82265,Guadalajara,117,ADM3,6358020
sebulcor,41.28925,-3.86304,Segovia,275,ADM3,6360914
"seca, la",41.44239,-4.917,Valladolid,1099,ADM3,6362280
secastilla,42.19289,0.25162,Huesca,142,ADM3,6358414
sedavi,39.42353,-0.37129,Valencia,10186,ADM3,6362088
sedella,36.84996,-4.05541,Malaga,716,ADM3,6359491
sediles,41.35772,-1.51577,Zaragoza,109,ADM3,6362928
segart,39.68283,-0.38231,Valencia,188,ADM3,6362089
segorbe,39.81381,-0.45211,Castello,9291,ADM3,6357054
segovia,40.90194,-4.18299,Segovia,54844,ADM3,6360915
segura,43.00082,-2.25765,Gipuzkoa,1477,ADM3,6358158
segura de la sierra,38.25309,-2.65861,Jaen,1982,ADM3,6358529
segura de leon,38.13158,-6.45579,Badajoz,2066,ADM3,6355989
segura de los banos,40.92964,-0.96198,Teruel,40,ADM3,6361612
segura de toro,40.21935,-5.93957,Caceres,191,ADM3,6356869
segurilla,40.03749,-4.87104,Toledo,1321,ADM3,6361820
seira,42.5129,0.38877,Huesca,149,ADM3,6358415
selas,40.94155,-2.11135,Guadalajara,64,ADM3,6358021
selaya,43.20191,-3.77178,Cantabria,2009,ADM3,6360727
sella,38.6189,-0.28003,Alicante,626,ADM3,6355498
sellent,39.03095,-0.5832,Valencia,415,ADM3,6362090
selva,39.75399,2.89962,Illes Balears,3798,ADM3,6533975
semillas,41.0458,-3.13676,Guadalajara,39,ADM3,6358092
sempere,38.91989,-0.46866,Valencia,46,ADM3,6362091
sena,41.67354,-0.09242,Huesca,490,ADM3,6358416
sena de luna,42.91794,-5.93488,Leon,412,ADM3,6358699
senan,41.47742,1.07415,Tarragona,47,ADM3,6361388
sencelles,39.64522,2.89631,Illes Balears,3187,ADM3,6533967
senes,37.20543,-2.33962,Almeria,307,ADM3,6355594
senes de alcubierre,41.90252,-0.51706,Huesca,49,ADM3,6358417
senija,38.73628,0.04638,Alicante,642,ADM3,6355499
seno,40.82831,-0.34996,Teruel,39,ADM3,6361613
senterada,42.32429,0.9383,Lleida,158,ADM3,6358932
sentmenat,41.60864,2.13534,Barcelona,8521,ADM3,6356286
senyera,39.06584,-0.50554,Valencia,1193,ADM3,6362092
sepulcro-hilario,40.69939,-6.20052,Salamanca,197,ADM3,6360542
sepulveda,41.28988,-3.78145,Segovia,1232,ADM3,6360916
sequera de fresno,41.35782,-3.55455,Segovia,52,ADM3,6360917
"sequera de haza, la",41.56755,-3.81532,Burgos,44,ADM3,6356604
sequeros,40.51175,-6.0257,Salamanca,230,ADM3,6360543
serinya,42.16972,2.73784,Girona,1122,ADM3,6534146
"serna del monte, la",41.03937,-3.62073,Madrid,104,ADM3,6359359
"serna, la",42.41507,-4.65739,Palencia,113,ADM3,6360114
seron,37.34873,-2.55926,Almeria,2328,ADM3,6355595
seron de nagima,41.50651,-2.19882,Soria,169,ADM3,6361202
seros,41.41451,0.42275,Lleida,1907,ADM3,6358934
serra,39.6799,-0.46631,Valencia,3356,ADM3,6362093
serra de daro,42.02911,3.06709,Girona,208,ADM3,6534147
serrada,41.469,-4.85317,Valladolid,1221,ADM3,6362281
"serrada, la",40.63181,-4.78684,Avila,114,ADM3,6355829
serradilla,39.81648,-6.0846,Caceres,1684,ADM3,6356870
serradilla del arroyo,40.55218,-6.34409,Salamanca,323,ADM3,6360544
serradilla del llano,40.49925,-6.36028,Salamanca,182,ADM3,6360545
serranillos,40.33103,-4.90676,Avila,278,ADM3,6355830
serranillos del valle,40.20712,-3.89347,Madrid,3631,ADM3,6359360
serrato,36.88486,-4.98003,Malaga,0,ADM3,11395793
serrejon,39.81266,-5.81473,Caceres,449,ADM3,6356871
ses salines,39.33699,3.05158,Illes Balears,5227,ADM3,6533976
sesa,41.99144,-0.2491,Huesca,208,ADM3,6358418
sesena,40.08535,-3.66015,Toledo,19109,ADM3,6361821
sesma,42.47989,-2.0943,Navarra,1240,ADM3,6359771
sestao,43.30652,-2.99444,Bizkaia,28831,ADM3,6362424
sestrica,41.48116,-1.62528,Zaragoza,329,ADM3,6362929
sesue,42.55233,0.47136,Huesca,120,ADM3,6358419
setcases,42.37503,2.29923,Girona,187,ADM3,6357630
setenil de las bodegas,36.8806,-5.17332,Cadiz,2927,ADM3,6356949
setiles,40.73032,-1.60254,Guadalajara,98,ADM3,6358022
seva,41.83696,2.27674,Barcelona,3436,ADM3,6356288
sevilla,37.39141,-5.95918,Sevilla,702355,ADM3,6361046
sevilla la nueva,40.35811,-4.04282,Madrid,8887,ADM3,6359361
sevilleja de la jara,39.54811,-4.95663,Toledo,826,ADM3,6361822
sidamon,41.62624,0.83333,Lleida,733,ADM3,6358935
sienes,41.20423,-2.63645,Guadalajara,62,ADM3,6358023
siero,43.38333,-5.66667,Asturias,51662,ADM3,3109005
"sierpe, la",40.64746,-5.85703,Salamanca,46,ADM3,6360546
sierra de fuentes,39.4383,-6.26329,Caceres,2056,ADM3,6356872
sierra de luna,42.04201,-0.93482,Zaragoza,269,ADM3,6362930
sierra de yeguas,37.16169,-4.86548,Malaga,3517,ADM3,6359492
sierra engarceran,40.27379,-0.02213,Castello,1066,ADM3,6357055
sierro,37.29491,-2.39338,Almeria,439,ADM3,6355596
sietamo,42.14841,-0.25202,Huesca,697,ADM3,6358420
siete aguas,39.50284,-0.92312,Valencia,1476,ADM3,6362094
siete iglesias de trabancos,41.37708,-5.17591,Valladolid,547,ADM3,6362282
sieteiglesias de tormes,40.74166,-5.58964,Salamanca,175,ADM3,6360547
sigeres,40.79437,-4.93075,Avila,58,ADM3,6355831
sigueenza,41.09526,-2.66445,Guadalajara,4842,ADM3,6358024
siguees,42.62067,-1.03178,Zaragoza,72,ADM3,6362931
siguenza,41.06892,-2.64308,Guadalajara,4818,PPLA3,3108961
siles,38.4071,-2.60856,Jaen,2451,ADM3,6358530
silla,39.35279,-0.40168,Valencia,19058,ADM3,6362095
silleda,42.70936,-8.26138,Pontevedra,9074,ADM3,6360249
"silos, los",28.35843,-16.81294,Santa Cruz de Tenerife,5119,ADM3,6360642
sils,41.82966,2.73656,Girona,5702,ADM3,6534148
simancas,41.5917,-4.82155,Valladolid,5360,ADM3,6362283
simat de la valldigna,39.03683,-0.33424,Valencia,3705,ADM3,6362096
sinarcas,39.75499,-1.2038,Valencia,1174,ADM3,6362097
sineu,39.64271,3.00819,Illes Balears,3763,ADM3,6533977
singra,40.6629,-1.29383,Teruel,76,ADM3,6361614
sinlabajos,41.07662,-4.83698,Avila,148,ADM3,6355832
siruela,38.99102,-5.06196,Badajoz,2124,ADM3,6355990
sisamon,41.19114,-2.00439,Zaragoza,50,ADM3,6362932
sisante,39.38433,-2.12745,Cuenca,1910,ADM3,6357530
sitges,41.23561,1.80828,Barcelona,29039,ADM3,6356289
siurana,42.20843,2.99463,Girona,170,ADM3,6534149
soba,43.2,-3.58333,Cantabria,1319,ADM3,3108866
sober,42.44172,-7.55582,Lugo,2478,ADM3,6359217
sobradiel,41.74217,-1.03068,Zaragoza,1110,ADM3,6362933
sobradillo,40.91956,-6.82399,Salamanca,266,ADM3,6360548
sobrado,43.04693,-8.03357,Coruna,2037,ADM3,6357348
sobrado,42.5148,-6.867,Leon,363,ADM3,6358700
sobremunt,42.01902,2.17318,Barcelona,92,ADM3,6356290
sobrescobio,43.19441,-5.46648,Asturias,872,ADM3,6359968
socovos,38.34959,-1.9103,Albacete,1975,ADM3,6355362
socuellamos,39.27038,-2.83447,Ciudad Real,13792,ADM3,6357172
sojuela,42.35511,-2.55762,La Rioja,263,ADM3,6359127
solana de avila,40.33135,-5.63759,Avila,140,ADM3,6355833
solana de los barros,38.73669,-6.5665,Badajoz,2770,ADM3,6355991
solana de rioalmar,40.74145,-5.01967,Avila,211,ADM3,6355834
solana de torralba,37.98844,-3.17195,Jaen,230,PPLA4,12035667
solana del pino,38.46864,-4.08211,Ciudad Real,405,ADM3,6357174
"solana, la",38.92169,-3.19386,Ciudad Real,16201,ADM3,6357173
solanillos del extremo,40.76481,-2.69544,Guadalajara,109,ADM3,6358025
solarana,41.96866,-3.65778,Burgos,95,ADM3,6356605
solera de gabaldon,39.75316,-1.96856,Cuenca,27,ADM3,6357531
soliedra,41.45945,-2.39182,Soria,34,ADM3,6361203
solivella,41.46689,1.186,Tarragona,633,ADM3,6361389
sollana,39.2832,-0.3763,Valencia,5017,ADM3,6362098
soller,39.76543,2.71388,Illes Balears,14150,ADM3,6533978
solorzano,43.36109,-3.59412,Cantabria,1025,ADM3,6360728
solosancho,40.5552,-4.91135,Avila,949,ADM3,6355835
solsona,41.9924,1.5068,Lleida,9480,ADM3,6358937
somiedo,43.08901,-6.24748,Asturias,1354,ADM3,6359969
somolinos,41.25927,-3.06969,Guadalajara,35,ADM3,6358026
somontin,37.4227,-2.38829,Almeria,525,ADM3,6355597
somosierra,41.13971,-3.57797,Madrid,80,ADM3,6359362
"somozas, as",43.53265,-7.91086,Coruna,1279,ADM3,6357349
son servera,39.62014,3.35877,Illes Balears,12165,ADM3,6533979
sondika,43.29341,-2.92674,Bizkaia,4548,ADM3,6362438
soneja,39.82466,-0.38412,Castello,1525,ADM3,6357056
sonseca,39.6536,-3.98517,Toledo,11630,ADM3,6361823
sopeira,42.34619,0.71851,Huesca,84,ADM3,6358421
sopela,43.38264,-2.98281,Bizkaia,12912,ADM3,6362425
soportujar,36.96057,-3.39906,Granada,298,ADM3,6357778
sora,42.11083,2.15924,Barcelona,180,ADM3,6356291
soraluze/placencia de las armas,43.17807,-2.41397,Gipuzkoa,3981,ADM3,6358153
sorbas,37.09503,-2.07457,Almeria,2742,ADM3,6355598
sordillos,42.46203,-4.09678,Burgos,25,ADM3,6356606
soria,41.77016,-2.47935,Soria,40147,ADM3,6361204
soriguera,42.38247,1.13003,Lleida,444,ADM3,6358938
sorihuela,40.45328,-5.66705,Salamanca,312,ADM3,6360549
sorihuela del guadalimar,38.18697,-2.8441,Jaen,1342,ADM3,6358531
sorlada,42.61249,-2.21826,Navarra,63,ADM3,6359772
sort,42.45261,1.07684,Lleida,2164,ADM3,6358939
sorvilan,36.79459,-3.25995,Granada,577,ADM3,6357779
sorzano,42.34621,-2.52137,La Rioja,254,ADM3,6359128
sos del rey catolico,42.4781,-1.20233,Zaragoza,585,ADM3,6362934
soses,41.53795,0.46491,Lleida,1881,ADM3,6358940
sot de chera,39.59427,-0.91574,Valencia,405,ADM3,6362099
sot de ferrer,39.79427,-0.40299,Castello,447,ADM3,6357057
sotalbo,40.51214,-4.86497,Avila,239,ADM3,6355836
sotes,42.39076,-2.6054,La Rioja,290,ADM3,6359129
sotillo,41.26167,-3.65001,Segovia,34,ADM3,6360918
sotillo de la adrada,40.29881,-4.5996,Avila,4845,ADM3,6355837
sotillo de la ribera,41.7967,-3.82783,Burgos,558,ADM3,6356607
sotillo de las palomas,40.09386,-4.84746,Toledo,207,ADM3,6361824
sotillo del rincon,41.95732,-2.61484,Soria,202,ADM3,6361205
"sotillo, el",40.86987,-2.62941,Guadalajara,50,ADM3,6358027
soto de cerrato,41.94324,-4.42135,Palencia,190,ADM3,6360116
soto de la vega,42.3341,-5.89149,Leon,1724,ADM3,6358701
soto del barco,43.52637,-6.06107,Asturias,4048,ADM3,6359970
soto del real,40.75132,-3.78649,Madrid,8480,ADM3,6359363
soto en cameros,42.27612,-2.43121,La Rioja,141,ADM3,6359130
soto y amio,42.7902,-5.86483,Leon,905,ADM3,6358702
sotobanado y priorato,42.59834,-4.44588,Palencia,167,ADM3,6360115
sotodosos,40.91334,-2.39211,Guadalajara,47,ADM3,6358028
"sotonera, la",42.24049,-0.53258,Huesca,903,ADM3,6358450
sotorribas,40.28552,-2.18723,Cuenca,855,ADM3,6357593
sotosalbos,41.02518,-3.9305,Segovia,136,ADM3,6360919
sotoserrano,40.39843,-6.04687,Salamanca,652,ADM3,6360550
sotragero,42.41053,-3.71218,Burgos,286,ADM3,6356608
sotresgudo,42.60023,-4.2101,Burgos,515,ADM3,6356609
soutomaior,42.338,-8.57305,Pontevedra,7265,ADM3,6360250
suances,43.42707,-4.06067,Cantabria,8451,ADM3,6360729
subirats,41.39297,1.78475,Barcelona,3076,ADM3,6356292
sudanell,41.55633,0.56779,Lleida,897,ADM3,6358941
sueca,39.22927,-0.31024,Valencia,29091,ADM3,6362100
suellacabras,41.86014,-2.20212,Soria,27,ADM3,6361206
sueras/suera,39.95197,-0.35996,Castello,650,ADM3,6357058
sufli,37.32477,-2.38351,Almeria,260,ADM3,6355599
sukarrieta,43.39344,-2.69562,Bizkaia,357,ADM3,6362417
sumacarcer,39.08626,-0.63304,Valencia,1259,ADM3,6362101
sunbilla,43.18126,-1.65527,Navarra,665,ADM3,6359773
sunyer,41.52234,0.59476,Lleida,313,ADM3,6358942
suria,41.83922,1.76856,Barcelona,6218,ADM3,6356293
susinos del paramo,42.47143,-3.92272,Burgos,117,ADM3,6356610
susqueda,41.99287,2.52139,Girona,105,ADM3,6357631
tabanera de cerrato,42.0083,-4.10496,Palencia,119,ADM3,6360117
tabanera de valdavia,42.655,-4.70532,Palencia,33,ADM3,6360118
tabanera la luenga,41.09557,-4.24505,Segovia,75,ADM3,6360920
tabara,41.8539,-5.9746,Zamora,838,ADM3,6362640
tabera de abajo,40.92815,-6.01994,Salamanca,99,ADM3,6360551
tabernas,37.04822,-2.36265,Almeria,3682,ADM3,6355600
taberno,37.48069,-2.05506,Almeria,1174,ADM3,6355601
taboada,42.70991,-7.7481,Lugo,3221,ADM3,6359218
taboadela,42.24797,-7.82769,Ourense,1642,ADM3,6359895
tabuenca,41.68282,-1.52232,Zaragoza,305,ADM3,6362935
tacoronte,28.49384,-16.41292,Santa Cruz de Tenerife,23718,ADM3,6360643
tafalla,42.52475,-1.70558,Navarra,11256,ADM3,6359774
tagamanent,41.7401,2.26649,Barcelona,322,ADM3,6356295
"taha, la",36.92867,-3.32769,Granada,778,ADM3,6357794
tahal,37.2123,-2.29781,Almeria,473,ADM3,6355602
tajahuerce,41.75021,-2.15802,Soria,31,ADM3,6361207
tajueco,41.53717,-2.84637,Soria,83,ADM3,6361208
"tala, la",40.59468,-5.5258,Salamanca,100,ADM3,6360552
talamanca,41.73014,1.94051,Barcelona,157,ADM3,6356296
talamanca de jarama,40.7435,-3.48846,Madrid,3178,ADM3,6359364
talamantes,41.72225,-1.67076,Zaragoza,68,ADM3,6362936
talarn,42.18808,0.89779,Lleida,564,ADM3,6358943
talarrubias,39.1488,-5.22143,Badajoz,3650,ADM3,6355992
talavan,39.68266,-6.27047,Caceres,906,ADM3,6356873
talavera,41.582,1.33849,Lleida,247,ADM3,6358944
talavera de la reina,39.96054,-4.83319,Toledo,88755,ADM3,6361825
talavera la real,38.85722,-6.72675,Badajoz,5603,ADM3,6355993
talaveruela de la vera,40.12099,-5.52016,Caceres,395,ADM3,6356874
talayuela,39.99374,-5.6075,Caceres,8303,ADM3,6356875
talayuelas,39.82797,-1.27537,Cuenca,1028,ADM3,6357532
tales,39.94444,-0.29853,Castello,902,ADM3,6357059
taliga,38.52724,-7.00444,Badajoz,767,ADM3,6355994
talveila,41.74109,-2.96946,Soria,140,ADM3,6361209
tamajon,41.03516,-3.2251,Guadalajara,175,ADM3,6358029
tamames,40.66356,-6.07936,Salamanca,918,ADM3,6360553
tamara de campos,42.19565,-4.40543,Palencia,88,ADM3,6360119
tamarite de litera,41.81441,0.39098,Huesca,3464,ADM3,6358422
tamariz de campos,41.98396,-5.01667,Valladolid,75,ADM3,6362284
tamaron,42.27385,-3.99193,Burgos,46,ADM3,6356611
tamurejo,38.99189,-4.95972,Badajoz,249,ADM3,6355995
"tanque, el",28.33916,-16.78053,Santa Cruz de Tenerife,2848,ADM3,6360644
tapia de casariego,43.54716,-6.92516,Asturias,4002,ADM3,6359971
tapioles,41.8516,-5.49004,Zamora,180,ADM3,6362641
taradell,41.87309,2.28421,Barcelona,6212,ADM3,6356297
taragudo,40.83213,-3.07933,Guadalajara,43,ADM3,6358030
taramundi,43.36734,-7.07799,Asturias,736,ADM3,6359972
tarancon,40.00851,-2.99984,Cuenca,16081,ADM3,6357533
taravilla,40.67227,-1.98063,Guadalajara,45,ADM3,6358031
tarazona,41.89417,-1.74145,Zaragoza,10873,ADM3,6362937
tarazona de guarena,41.17338,-5.26249,Salamanca,354,ADM3,6360554
tarazona de la mancha,39.2123,-1.94905,Albacete,6696,ADM3,6355363
tarbena,38.71004,-0.09151,Alicante,809,ADM3,6355500
tardaguila,41.14048,-5.5779,Salamanca,244,ADM3,6360555
tardajos,42.35151,-3.81622,Burgos,834,ADM3,6356612
tardelcuende,41.59037,-2.63003,Soria,484,ADM3,6361210
tardienta,41.95869,-0.55848,Huesca,952,ADM3,6358423
tariego de cerrato,41.88998,-4.47328,Palencia,529,ADM3,6360120
tarifa,36.08186,-5.66621,Cadiz,17962,ADM3,6356950
taroda,41.32573,-2.42967,Soria,56,ADM3,6361211
tarragona,41.12386,1.26639,Tarragona,141542,ADM3,6361390
tarrega,41.64611,1.13588,Lleida,16731,ADM3,6358945
tarres,41.42935,1.02166,Lleida,99,ADM3,6358946
tarroja de segarra,41.72245,1.27887,Lleida,173,ADM3,6358947
tartanedo,41.01437,-1.93137,Guadalajara,172,ADM3,6358032
tauste,41.92346,-1.18947,Zaragoza,6838,ADM3,6362938
tavernes blanques,39.50853,-0.36418,Valencia,9335,ADM3,6362102
tavernes de la valldigna,39.08636,-0.25079,Valencia,18138,ADM3,6362103
tavernoles,41.95809,2.35403,Barcelona,312,ADM3,6356294
tavertet,42.00163,2.41173,Barcelona,137,ADM3,6356299
tazacorte,28.629,-17.9293,Santa Cruz de Tenerife,4957,ADM3,6534196
teba,36.97247,-4.9059,Malaga,4128,ADM3,6359493
tebar,39.51503,-2.14588,Cuenca,372,ADM3,6357534
tegueste,28.51537,-16.33782,Santa Cruz de Tenerife,10904,ADM3,6360645
teguise,29.09424,-13.54734,Las Palmas,21096,ADM3,6360194
teia,41.49933,2.32618,Barcelona,6154,ADM3,6356300
"teixeira, a",42.37099,-7.47464,Ourense,415,ADM3,6359896
tejada,41.95065,-3.5458,Burgos,35,ADM3,6356613
tejadillos,40.1424,-1.61101,Cuenca,139,ADM3,6357535
tejado,41.58271,-2.3024,Soria,135,ADM3,6361212
"tejado, el",40.44769,-5.53422,Salamanca,138,ADM3,6360556
tejeda,27.9696,-15.66261,Las Palmas,2119,ADM3,6360195
tejeda de tietar,39.99393,-5.87045,Caceres,873,ADM3,6356876
tejeda y segoyuela,40.64927,-6.01434,Salamanca,103,ADM3,6360557
telde,27.9778,-15.41367,Las Palmas,101300,ADM3,6360196
tella-sin,42.58097,0.20583,Huesca,208,ADM3,6358424
tembleque,39.67546,-3.52643,Toledo,2327,ADM3,6361826
tendilla,40.54752,-2.9513,Guadalajara,400,ADM3,6358033
tenebron,40.60192,-6.35006,Salamanca,174,ADM3,6360558
teo,42.79337,-8.55973,Coruna,18454,ADM3,6357350
teresa,39.87833,-0.6785,Castello,231,ADM3,6357060
teresa de cofrentes,39.11233,-0.96943,Valencia,654,ADM3,6362104
termens,41.72146,0.78379,Lleida,1383,ADM3,6358948
teror,28.05886,-15.53409,Las Palmas,12830,ADM3,6360197
terque,36.92013,-2.65134,Almeria,454,ADM3,6355603
terrades,42.30991,2.83741,Girona,311,ADM3,6534151
terradillos,40.85364,-5.57205,Salamanca,3371,ADM3,6360559
terradillos de esgueva,41.80328,-3.86101,Burgos,104,ADM3,6356614
terrassa,41.55876,2.01818,Barcelona,215678,ADM3,6356298
terrateig,38.90192,-0.31233,Valencia,316,ADM3,6362105
terrer,41.32389,-1.72729,Zaragoza,580,ADM3,6362939
terriente,40.29208,-1.49733,Teruel,198,ADM3,6361615
terrinches,38.57819,-2.84179,Ciudad Real,883,ADM3,6357175
terroba,42.25669,-2.43053,La Rioja,37,ADM3,6359131
teruel,40.36334,-1.08938,Teruel,35841,ADM3,6361616
terzaga,40.69816,-1.90795,Guadalajara,20,ADM3,6358034
teulada,38.70283,0.12442,Alicante,14578,ADM3,6355501
teverga,43.15005,-6.11552,Asturias,1899,ADM3,6359973
tiana,41.48791,2.27276,Barcelona,8151,ADM3,6356301
tias,28.93773,-13.66192,Las Palmas,20228,ADM3,6360198
tibi,38.53237,-0.59557,Alicante,1761,ADM3,6355502
tiebas-muruarte de reta,42.68563,-1.64894,Navarra,659,ADM3,6359775
tiedra,41.65428,-5.25055,Valladolid,328,ADM3,6362285
tielmes,40.23587,-3.30071,Madrid,2604,ADM3,6359365
"tiemblo, el",40.39455,-4.47659,Avila,4461,ADM3,6355838
tierga,41.6105,-1.58463,Zaragoza,170,ADM3,6362940
tierz,42.1323,-0.35197,Huesca,714,ADM3,6358425
tierzo,40.75171,-1.91568,Guadalajara,40,ADM3,6358035
tietar,40.02883,-5.48454,Caceres,0,ADM3,11395800
tijarafe,28.70898,-17.95542,Santa Cruz de Tenerife,2765,ADM3,6534197
tijola,37.39172,-2.48873,Almeria,3838,ADM3,6355604
tinajas,40.34225,-2.57347,Cuenca,289,ADM3,6357536
tinajo,29.07876,-13.7081,Las Palmas,5716,ADM3,6360199
tineo,43.34107,-6.47303,Asturias,10652,ADM3,6359974
tinieblas de la sierra,42.1742,-3.3697,Burgos,43,ADM3,6356615
tinosillos,40.95341,-4.71249,Avila,834,ADM3,6355839
tirapu,42.64727,-1.69252,Navarra,53,ADM3,6359776
tirgo,42.5454,-2.94931,La Rioja,229,ADM3,6359132
tirig,40.43355,0.07058,Castello,550,ADM3,6357061
tirvia,42.51994,1.2333,Lleida,134,ADM3,6358949
titaguas,39.85037,-1.08067,Valencia,508,ADM3,6362106
titulcia,40.14833,-3.56103,Madrid,1304,ADM3,6359366
tiurana,41.9771,1.25399,Lleida,66,ADM3,6358950
tivenys,40.91337,0.56806,Tarragona,948,ADM3,6361391
tivissa,41.03301,0.75886,Tarragona,1818,ADM3,6361392
"toba, la",41.00612,-3.00436,Guadalajara,109,ADM3,6358036
tobar,42.48262,-3.93996,Burgos,29,ADM3,6356616
tobarra,38.62707,-1.68061,Albacete,8153,ADM3,6355364
tobed,41.34761,-1.38616,Zaragoza,196,ADM3,6362941
tobia,42.27488,-2.86086,La Rioja,63,ADM3,6359133
"toboso, el",39.54518,-2.97791,Toledo,2140,ADM3,6361827
tocina,37.60107,-5.72413,Sevilla,9593,ADM3,6361047
todolella,40.64643,-0.26372,Castello,148,ADM3,6357062
toen,42.3113,-7.96745,Ourense,2567,ADM3,6359897
toga,40.05173,-0.37275,Castello,140,ADM3,6357063
"tojos, los",43.15563,-4.21692,Cantabria,428,ADM3,6360730
tolbanos,40.75544,-4.5888,Avila,107,ADM3,6355840
toledo,39.86765,-4.00988,Toledo,84019,ADM3,6361828
tollos,38.76137,-0.24512,Alicante,45,ADM3,6355503
tolocirio,41.13617,-4.6302,Segovia,55,ADM3,6360921
tolosa,43.12764,-2.09085,Gipuzkoa,18574,ADM3,6358159
tolox,36.67541,-4.93741,Malaga,2317,ADM3,6359494
tolva,42.12978,0.56747,Huesca,152,ADM3,6358426
tomares,37.3727,-6.04372,Sevilla,23921,ADM3,6361048
tomelloso,39.22478,-2.98015,Ciudad Real,39093,ADM3,6357176
tomino,41.99226,-8.74886,Pontevedra,13738,ADM3,6360251
tona,41.84642,2.22507,Barcelona,8108,ADM3,6356302
topas,41.17733,-5.6631,Salamanca,610,ADM3,6360560
toques,42.98333,-7.96667,Coruna,1302,ADM3,3107987
tora,41.83361,1.43722,Lleida,1244,ADM3,6358951
toral de los guzmanes,42.24623,-5.56533,Leon,580,ADM3,6358703
toral de los vados,42.54881,-6.78703,Leon,2130,ADM3,6358736
toras,39.9329,-0.69608,Castello,258,ADM3,6357064
tordehumos,41.80503,-5.15968,Valladolid,468,ADM3,6362286
tordellego,40.71046,-1.67688,Guadalajara,62,ADM3,6358038
tordelrabano,41.21722,-2.75624,Guadalajara,16,ADM3,6358037
tordera,41.68325,2.67582,Barcelona,16318,ADM3,6533999
tordesillas,41.5103,-5.00824,Valladolid,9186,ADM3,6362287
tordesilos,40.67596,-1.59576,Guadalajara,118,ADM3,6358039
tordillos,40.85865,-5.35181,Salamanca,432,ADM3,6360561
tordoia,43.08618,-8.54182,Coruna,3924,ADM3,6357351
tordomar,42.04626,-3.85606,Burgos,358,ADM3,6356617
torello,42.04145,2.26102,Barcelona,13883,ADM3,6356303
toreno,42.7168,-6.49501,Leon,3595,ADM3,6358704
torija,40.75096,-3.0462,Guadalajara,1660,ADM3,6358040
toril,39.87547,-5.88424,Caceres,183,ADM3,6356877
toril y masegoso,40.22934,-1.49602,Teruel,31,ADM3,6361617
torla-ordesa,42.68052,-0.10713,Huesca,342,ADM3,6358427
torlengua,41.46052,-2.13468,Soria,80,ADM3,6361213
tormantos,42.50072,-3.06639,La Rioja,151,ADM3,6359134
tormellas,40.31307,-5.50742,Avila,65,ADM3,6355841
tormon,40.21222,-1.33575,Teruel,29,ADM3,6361618
tormos,38.80537,-0.06262,Alicante,386,ADM3,6355504
tornabous,41.71748,1.05984,Lleida,851,ADM3,6358953
"tornadizo, el",40.54152,-5.87268,Salamanca,111,ADM3,6360562
tornadizos de avila,40.61295,-4.61782,Avila,397,ADM3,6355842
tornavacas,40.24202,-5.67972,Caceres,1181,ADM3,6356878
"torno, el",40.12076,-5.95379,Caceres,953,ADM3,6356879
tornos,40.95021,-1.41173,Teruel,175,ADM3,6361619
toro,41.47558,-5.44277,Zamora,9627,ADM3,6362642
"toro, el",39.96519,-0.77385,Castello,280,ADM3,6357065
torquemada,42.03558,-4.29204,Palencia,1081,ADM3,6360121
torralba,40.30281,-2.29165,Cuenca,164,ADM3,6357537
torralba de aragon,41.91892,-0.52542,Huesca,105,ADM3,6358428
torralba de calatrava,39.06791,-3.77961,Ciudad Real,3179,ADM3,6357177
torralba de los frailes,41.02601,-1.66465,Zaragoza,65,ADM3,6362942
torralba de los sisones,40.89205,-1.43782,Teruel,145,ADM3,6361620
torralba de oropesa,39.948,-5.12604,Toledo,271,ADM3,6361829
torralba de ribota,41.42092,-1.67608,Zaragoza,157,ADM3,6362943
torralba del pinar,39.99791,-0.45164,Castello,56,ADM3,6357066
torralba del rio,42.62305,-2.31606,Navarra,132,ADM3,6359777
torralbilla,41.23003,-1.333,Zaragoza,38,ADM3,6362944
torre alhaquime,36.91158,-5.2321,Cadiz,809,ADM3,6356951
"torre d'en besora, la",40.33456,-0.07342,Castello,179,ADM3,6357069
"torre d'en domenec, la",40.26906,0.07231,Castello,241,ADM3,6357070
torre de arcas,40.76376,-0.10967,Teruel,76,ADM3,6361623
torre de don miguel,40.22333,-6.5703,Caceres,539,ADM3,6356882
torre de esgueva,41.78134,-4.23123,Valladolid,77,ADM3,6362291
"torre de esteban hambran, la",40.16679,-4.20387,Toledo,1820,ADM3,6361831
torre de juan abad,38.58034,-3.24846,Ciudad Real,1196,ADM3,6357178
torre de las arcas,40.85059,-0.70407,Teruel,19,ADM3,6361624
torre de miguel sesmero,38.64689,-6.7585,Badajoz,1274,ADM3,6355996
torre de penafiel,41.54258,-4.17056,Valladolid,46,ADM3,6362292
torre de santa maria,39.25371,-6.09473,Caceres,622,ADM3,6356883
torre del bierzo,42.57255,-6.31174,Leon,2460,ADM3,6358705
torre del burgo,40.8005,-3.07719,Guadalajara,239,ADM3,6358043
torre del campo,37.85408,-3.93297,Jaen,14690,ADM3,6358533
torre del compte,40.94597,0.12204,Teruel,120,ADM3,6361625
"torre del valle, la",42.09232,-5.70887,Zamora,170,ADM3,6362643
torre en cameros,42.24502,-2.52332,La Rioja,12,ADM3,6359137
torre la ribera,42.38283,0.54421,Huesca,102,ADM3,6358429
torre los negros,40.84806,-1.08839,Teruel,77,ADM3,6361627
torre val de san pedro,41.03754,-3.89001,Segovia,203,ADM3,6360926
"torre, la",40.60523,-4.96017,Avila,272,ADM3,6355844
torre-cardela,37.50469,-3.356,Granada,920,ADM3,6357780
torre-pacheco,37.79396,-0.95593,Murcia,35614,ADM3,6359541
torre-serona,41.68008,0.63562,Lleida,356,ADM3,6358960
torreadrada,41.46011,-3.83392,Segovia,88,ADM3,6360922
torrebaja,40.10167,-1.25984,Valencia,463,ADM3,6362107
torrebesses,41.42047,0.60356,Lleida,302,ADM3,6358954
torreblacos,41.67324,-2.89311,Soria,28,ADM3,6361214
torreblanca,40.20327,0.2179,Castello,5737,ADM3,6357067
torreblascopedro,37.98773,-3.66083,Jaen,2824,ADM3,6358532
torrecaballeros,40.98306,-3.98479,Segovia,1277,ADM3,6360923
torrecampo,38.46893,-4.64566,Cordoba,1249,ADM3,6357257
torrechiva,40.0521,-0.40093,Castello,96,ADM3,6357068
torrecilla de alcaniz,40.96811,-0.09515,Teruel,447,ADM3,6361621
torrecilla de la abadesa,41.49288,-5.09242,Valladolid,313,ADM3,6362288
torrecilla de la jara,39.6709,-4.8403,Toledo,293,ADM3,6361830
torrecilla de la orden,41.21867,-5.27042,Valladolid,289,ADM3,6362289
torrecilla de la torre,41.67703,-5.05277,Valladolid,36,ADM3,6362290
torrecilla de los angeles,40.25736,-6.41011,Caceres,682,ADM3,6356880
torrecilla del monte,42.1037,-3.6754,Burgos,82,ADM3,6356618
torrecilla del pinar,41.36229,-4.0543,Segovia,219,ADM3,6360924
torrecilla del rebollar,40.91542,-1.06118,Teruel,114,ADM3,6361622
torrecilla en cameros,42.26229,-2.61813,La Rioja,529,ADM3,6359135
torrecilla sobre alesanco,42.41565,-2.84116,La Rioja,37,ADM3,6359136
torrecillas de la tiesa,39.59335,-5.76272,Caceres,1187,ADM3,6356881
torrecuadrada de molina,40.73565,-1.82065,Guadalajara,24,ADM3,6358041
torrecuadradilla,40.84775,-2.54094,Guadalajara,33,ADM3,6358042
torredembarra,41.14888,1.40506,Tarragona,18237,ADM3,6361395
torredonjimeno,37.78907,-4.04767,Jaen,14126,ADM3,6358534
torrefarrera,41.69752,0.53832,Lleida,4861,ADM3,6358956
torrefeta i florejacs,41.792,1.26008,Lleida,617,ADM3,6358984
torregalindo,41.57614,-3.74592,Burgos,133,ADM3,6356619
torregamones,41.49205,-6.21518,Zamora,308,ADM3,6362644
torregrossa,41.5875,0.82014,Lleida,2190,ADM3,6358957
torrehermosa,41.24554,-2.12351,Zaragoza,69,ADM3,6362945
torreiglesias,41.10448,-4.04411,Segovia,366,ADM3,6360925
torrejon de ardoz,40.46746,-3.45805,Madrid,125331,ADM3,6359367
torrejon de la calzada,40.2036,-3.79607,Madrid,7666,ADM3,6359368
torrejon de velasco,40.17809,-3.74984,Madrid,4161,ADM3,6359369
torrejon del rey,40.66158,-3.34781,Guadalajara,5141,ADM3,6358044
torrejon el rubio,39.7522,-5.98556,Caceres,577,ADM3,6356885
torrejoncillo,39.90779,-6.46073,Caceres,3195,ADM3,6356884
torrejoncillo del rey,40.00513,-2.54491,Cuenca,514,ADM3,6357538
torrelacarcel,40.63728,-1.28295,Teruel,131,ADM3,6361626
torrelaguna,40.82158,-3.54253,Madrid,4724,ADM3,6359370
torrelameu,41.70798,0.7091,Lleida,766,ADM3,6358958
torrelapaja,41.58816,-1.95102,Zaragoza,30,ADM3,6362946
torrelara,42.17474,-3.50303,Burgos,32,ADM3,6356620
torrelavega,43.34458,-4.0511,Cantabria,55297,ADM3,6360731
torrelavit,41.45,1.73333,Barcelona,1509,ADM3,3107774
torrella,38.98832,-0.57582,Valencia,158,ADM3,6362108
torrellas,41.89784,-1.76809,Zaragoza,249,ADM3,6362947
torrelles de foix,41.4136,1.56665,Barcelona,2406,ADM3,6356305
torrelles de llobregat,41.35921,1.97453,Barcelona,5740,ADM3,6356306
torrelobaton,41.65822,-5.0084,Valladolid,497,ADM3,6362293
torrelodones,40.56676,-3.92809,Madrid,22680,ADM3,6359371
torremayor,38.90954,-6.54723,Badajoz,1044,ADM3,6355997
torremejia,38.79411,-6.3739,Badajoz,2254,ADM3,6355998
torremenga,40.03579,-5.77924,Caceres,652,ADM3,6356886
torremocha,39.32076,-6.18023,Caceres,950,ADM3,6356887
torremocha de jadraque,41.01448,-2.90389,Guadalajara,31,ADM3,6358045
torremocha de jarama,40.83614,-3.50063,Madrid,877,ADM3,6359372
torremocha de jiloca,40.59126,-1.24149,Teruel,115,ADM3,6361628
torremocha del campo,40.92517,-2.57642,Guadalajara,240,ADM3,6358046
torremocha del pinar,40.88295,-2.05675,Guadalajara,48,ADM3,6358047
torremochuela,40.75329,-1.85463,Guadalajara,12,ADM3,6358048
torremolinos,36.62387,-4.50458,Malaga,68961,ADM3,6359505
torremontalbo,42.50305,-2.69131,La Rioja,14,ADM3,6359138
torremormojon,41.9617,-4.79029,Palencia,54,ADM3,6360122
torrent,41.95151,3.13296,Girona,193,ADM3,6534152
torrent,39.42591,-0.4969,Valencia,81402,ADM3,6362109
torrente de cinca,41.45729,0.31597,Huesca,1037,ADM3,6358430
torrenueva,38.63488,-3.36533,Ciudad Real,2972,ADM3,6357179
torreorgaz,39.35256,-6.26087,Caceres,1742,ADM3,6356888
torrepadre,42.0567,-3.9974,Burgos,78,ADM3,6356621
torreperogil,38.03445,-3.23071,Jaen,7720,ADM3,6358535
torrequemada,39.34267,-6.22965,Caceres,614,ADM3,6356889
torres,37.78725,-3.52071,Jaen,1619,ADM3,6358536
torres de albanchez,38.41569,-2.67866,Jaen,950,ADM3,6358537
torres de albarracin,40.42801,-1.53237,Teruel,167,ADM3,6361629
torres de alcanadre,41.95499,-0.10178,Huesca,105,ADM3,6358431
torres de barbues,41.95966,-0.44804,Huesca,271,ADM3,6358432
torres de berrellen,41.79978,-1.09899,Zaragoza,1506,ADM3,6362948
torres de la alameda,40.42141,-3.3725,Madrid,7906,ADM3,6359373
torres de segre,41.52612,0.51745,Lleida,2165,ADM3,6358959
torres del carrizal,41.63173,-5.68373,Zamora,459,ADM3,6362645
torres del rio,42.52087,-2.27088,Navarra,144,ADM3,6359778
torres torres,39.73424,-0.37897,Valencia,614,ADM3,6362110
torresandino,41.86169,-3.93898,Burgos,724,ADM3,6356622
torrescarcela,41.48294,-4.3474,Valladolid,173,ADM3,6362294
torresmenudas,41.10417,-5.78445,Salamanca,208,ADM3,6360563
torrevelilla,40.91335,-0.11547,Teruel,161,ADM3,6361630
torrevieja,37.98956,-0.67491,Alicante,103720,ADM3,6355506
torrico,39.82954,-5.21336,Toledo,861,ADM3,6361832
torrijas,40.02014,-0.95896,Teruel,36,ADM3,6361631
torrijo de la canada,41.46856,-1.88404,Zaragoza,193,ADM3,6362949
torrijo del campo,40.82022,-1.33559,Teruel,502,ADM3,6361632
torrijos,39.98377,-4.28108,Toledo,13448,ADM3,6361833
torroella de fluvia,42.17589,3.03924,Girona,704,ADM3,6534153
torroella de montgri,42.0412,3.13153,Girona,11494,ADM3,6534154
torroja del priorat,41.2272,0.81695,Tarragona,172,ADM3,6361396
torrox,36.75797,-3.95855,Malaga,18274,ADM3,6359495
torrubia,40.95789,-1.88686,Guadalajara,24,ADM3,6358049
torrubia de soria,41.63005,-2.06052,Soria,72,ADM3,6361215
torrubia del campo,39.87647,-2.93925,Cuenca,309,ADM3,6357539
torrubia del castillo,39.66592,-2.29177,Cuenca,42,ADM3,6357540
tortella,42.24281,2.62433,Girona,793,ADM3,6534155
tortola de henares,40.71266,-3.12926,Guadalajara,941,ADM3,6358050
tortoles,40.57756,-5.27222,Avila,73,ADM3,6355843
tortoles de esgueva,41.82777,-4.02093,Burgos,509,ADM3,6356623
tortosa,40.83485,0.47756,Tarragona,34734,ADM3,6361397
tortuera,41.00616,-1.77551,Guadalajara,226,ADM3,6358051
tortuero,40.94274,-3.35325,Guadalajara,18,ADM3,6358052
torvizcon,36.88099,-3.2983,Granada,736,ADM3,6357781
tosantos,42.41261,-3.24234,Burgos,53,ADM3,6356624
toses,42.33078,2.03629,Girona,155,ADM3,6357632
tosos,41.30703,-1.10966,Zaragoza,176,ADM3,6362950
tossa de mar,41.73247,2.93381,Girona,5952,ADM3,6534156
totalan,36.76016,-4.29289,Malaga,746,ADM3,6359496
totana,37.77889,-1.56479,Murcia,31639,ADM3,6359543
totanes,39.71135,-4.22314,Toledo,422,ADM3,6361834
touro,42.84713,-8.30443,Coruna,3979,ADM3,6357352
tous,39.16015,-0.64599,Valencia,1301,ADM3,6362111
trabada,43.44527,-7.15939,Lugo,1268,ADM3,6359219
trabadelo,42.64117,-6.87097,Leon,430,ADM3,6358706
trabanca,41.24389,-6.37241,Salamanca,236,ADM3,6360564
trabazos,41.73896,-6.52258,Zamora,1012,ADM3,6362646
tragacete,40.36503,-1.85254,Cuenca,316,ADM3,7577091
traid,40.66583,-1.80433,Guadalajara,33,ADM3,6358053
traiguera,40.54905,0.31818,Castello,1654,ADM3,6357071
tramacastiel,40.20539,-1.26402,Teruel,58,ADM3,6361633
tramacastilla,40.42528,-1.58301,Teruel,130,ADM3,6361634
tramaced,41.97259,-0.30145,Huesca,108,ADM3,6358433
trapagaran / valle de trapaga,43.30457,-3.03583,Bizkaia,12189,ADM3,3110052
trasierra,38.15577,-6.01318,Badajoz,675,ADM3,6355999
trasmiras,42.02018,-7.63063,Ourense,1534,ADM3,6359898
trasmoz,41.82381,-1.73429,Zaragoza,88,ADM3,6362951
trasobares,41.66373,-1.63003,Zaragoza,124,ADM3,6362952
traspinedo,41.59143,-4.48062,Valladolid,1079,ADM3,6362295
trazo,42.99603,-8.52539,Coruna,3433,ADM3,6357353
trebujena,36.87248,-6.21647,Cadiz,7091,ADM3,6356952
trefacio,42.14091,-6.66659,Zamora,194,ADM3,6362647
tremedal de tormes,41.09635,-6.1761,Salamanca,43,ADM3,6360565
tremp,42.16525,0.89212,Lleida,6515,ADM3,6358961
tres cantos,40.61082,-3.70737,Madrid,46750,ADM3,6359405
"tres villas, las",37.15945,-2.72162,Almeria,665,ADM3,6355616
trescasas,40.95105,-4.0054,Segovia,968,ADM3,6360927
tresjuncos,39.70569,-2.74343,Cuenca,368,ADM3,6357541
trespaderne,42.80981,-3.38163,Burgos,1025,ADM3,6356625
tresviso,43.25466,-4.68158,Cantabria,74,ADM3,6360732
trevago,41.85929,-2.11671,Soria,65,ADM3,6361216
trevelez,37.05948,-3.25732,Granada,795,ADM3,6357782
treviana,42.55833,-3.04556,La Rioja,186,ADM3,6359139
triacastela,42.75905,-7.20527,Lugo,756,ADM3,6359220
tribaldos,39.98393,-2.90872,Cuenca,115,ADM3,6357542
tricio,42.3994,-2.71,La Rioja,388,ADM3,6359140
trigueros,37.42171,-6.85679,Huelva,7801,ADM3,6358246
trigueros del valle,41.82199,-4.66094,Valladolid,333,ADM3,6362296
trijueque,40.7843,-2.98799,Guadalajara,1387,ADM3,6358054
trillo,40.67144,-2.56074,Guadalajara,1520,ADM3,6358055
triollo,42.92381,-4.68162,Palencia,70,ADM3,6360123
tronchon,40.62156,-0.38426,Teruel,56,ADM3,6361635
truchas,42.26249,-6.44241,Leon,508,ADM3,6358707
trucios-turtzioz,43.28611,-3.27545,Bizkaia,538,ADM3,6362426
trujillanos,38.95956,-6.24749,Badajoz,1473,ADM3,6356000
trujillo,39.53218,-5.96142,Caceres,9646,ADM3,6356890
tubilla del agua,42.7199,-3.81775,Burgos,169,ADM3,6356626
tubilla del lago,41.80332,-3.58873,Burgos,172,ADM3,6356627
tudanca,43.17157,-4.36045,Cantabria,163,ADM3,6360733
tudela,42.0744,-1.63728,Navarra,35358,ADM3,6359779
tudela de duero,41.5865,-4.60046,Valladolid,8836,ADM3,6362297
tudelilla,42.29349,-2.11735,La Rioja,371,ADM3,6359141
tuejar,39.80075,-1.12054,Valencia,1206,ADM3,6362112
tui,42.06937,-8.64095,Pontevedra,17230,ADM3,6360252
tuineje,28.23447,-14.06095,Las Palmas,13615,ADM3,6360200
tulebras,41.98509,-1.68325,Navarra,127,ADM3,6359780
turcia,42.56005,-5.88833,Leon,1112,ADM3,6358708
turegano,41.13673,-3.98884,Segovia,1098,ADM3,6360928
turis,39.38052,-0.67036,Valencia,6637,ADM3,6362113
turleque,39.60396,-3.65691,Toledo,875,ADM3,6361835
turon,36.84207,-3.10458,Granada,289,ADM3,6357783
turre,37.11143,-1.95523,Almeria,3929,ADM3,6355605
turrillas,37.02872,-2.26891,Almeria,234,ADM3,6355606
ubeda,38.01357,-3.36868,Jaen,35784,ADM3,6358538
ubide,43.03071,-2.69113,Bizkaia,184,ADM3,6362427
ubrique,36.6653,-5.46784,Cadiz,16859,ADM3,6356953
ucar,42.69138,-1.70418,Navarra,177,ADM3,6359781
uceda,40.81983,-3.45128,Guadalajara,2642,ADM3,6358056
ucero,41.72417,-3.05952,Soria,75,ADM3,6361217
ucles,39.95615,-2.86568,Cuenca,235,ADM3,6357543
udias,43.33972,-4.26707,Cantabria,852,ADM3,6360734
ugao-miraballes,43.18636,-2.90481,Bizkaia,4059,ADM3,6362408
ugena,40.16305,-3.87243,Toledo,5260,ADM3,6361836
ugijar,36.94701,-3.07165,Granada,2643,ADM3,6357784
uharte-arakil,42.92946,-1.9567,Navarra,827,ADM3,6359671
ujados,41.21986,-3.00616,Guadalajara,31,ADM3,6358057
ujue,42.48005,-1.48995,Navarra,202,ADM3,6359782
ulea,38.15552,-1.28541,Murcia,879,ADM3,6359544
uleila del campo,37.19463,-2.18699,Almeria,989,ADM3,6355607
ulla,42.05217,3.10528,Girona,1037,ADM3,6534157
ullastrell,41.52631,1.95866,Barcelona,1981,ADM3,6356307
ullastret,42.00333,3.07503,Girona,287,ADM3,6534158
ulldecona,40.59724,0.44726,Tarragona,7372,ADM3,6361398
ulldemolins,41.31791,0.85445,Tarragona,389,ADM3,6361399
ultramort,42.03927,3.0391,Girona,208,ADM3,6534159
ultzama,42.999,-1.6773,Navarra,1698,ADM3,6359783
umbrete,37.35019,-6.17262,Sevilla,8390,ADM3,6361049
umbrias,40.32063,-5.5704,Avila,127,ADM3,6355845
una,40.22817,-1.9786,Cuenca,105,ADM3,6357544
una de quintana,42.09367,-6.13809,Zamora,175,ADM3,6362648
uncastillo,42.36512,-1.14414,Zaragoza,615,ADM3,6362953
unciti,42.73554,-1.49099,Navarra,234,ADM3,6359784
undues de lerda,42.58896,-1.14793,Zaragoza,55,ADM3,6362954
"union de campos, la",42.0921,-5.3425,Valladolid,255,ADM3,6362298
"union, la",37.60355,-0.87329,Murcia,19907,ADM3,6359545
unzue,42.65252,-1.62598,Navarra,143,PPLA3,3107259
unzue/untzue,42.66514,-1.61998,Navarra,142,ADM3,6359785
urbanizacion casas viejas,38.98289,-1.94065,Albacete,0,PPLA3,13192192
urbel del castillo,42.62108,-3.84195,Burgos,92,ADM3,6356628
urda,39.35994,-3.72681,Toledo,3056,ADM3,6361837
urdazubi / urdax,43.26727,-1.50389,Navarra,367,PPLA3,3107236
urdazubi/urdax,43.27694,-1.50552,Navarra,378,ADM3,6359786
urdiain,42.88804,-2.13736,Navarra,700,ADM3,6359787
urdiales del paramo,42.37801,-5.78226,Leon,549,ADM3,6358709
urduliz,43.36921,-2.94162,Bizkaia,3631,ADM3,6362428
urduna-orduna,43.01079,-3.02303,Bizkaia,4237,ADM3,6362416
urkabustaiz,42.9766,-2.91625,Araba / Alava,1350,ADM3,6355281
urnieta,43.22793,-1.96418,Gipuzkoa,6218,ADM3,6358160
urones de castroponce,42.11212,-5.2857,Valladolid,116,ADM3,6362299
urracal,37.39393,-2.34576,Almeria,342,ADM3,6355608
urraul alto,42.78212,-1.22815,Navarra,176,ADM3,6359788
urraul bajo,42.68837,-1.32987,Navarra,292,ADM3,6359789
urrea de gaen,41.16639,-0.48629,Teruel,516,ADM3,6361636
urrea de jalon,41.65514,-1.23742,Zaragoza,423,ADM3,6362955
urretxu,43.09218,-2.31442,Gipuzkoa,6927,ADM3,6358165
urries,42.54966,-1.09781,Zaragoza,50,ADM3,6362956
urrotz,43.08505,-1.70724,Navarra,180,ADM3,6359791
urroz-villa,42.77654,-1.4466,Navarra,398,ADM3,6359790
uruena,41.7379,-5.18137,Valladolid,203,ADM3,6362300
uruenas,41.35775,-3.75731,Segovia,112,ADM3,6360929
urunuela,42.45572,-2.69975,La Rioja,967,ADM3,6359142
urus,42.33452,1.85938,Girona,201,ADM3,6357633
urzainqui,42.83029,-0.94617,Navarra,111,PPLA3,3107156
urzainqui/urzainki,42.83404,-0.91543,Navarra,95,ADM3,6359792
usagre,38.34973,-6.15509,Badajoz,1926,ADM3,6356001
used,41.02905,-1.57971,Zaragoza,250,ADM3,6362957
"useras/useres, les",40.18188,-0.13581,Castello,1017,ADM3,6357072
usurbil,43.27146,-2.04814,Gipuzkoa,6090,ADM3,6358161
utande,40.86613,-2.92189,Guadalajara,42,ADM3,6358058
utebo,41.71559,-1.00454,Zaragoza,19116,ADM3,6362958
uterga,42.71571,-1.75017,Navarra,195,ADM3,6359793
utiel,39.60144,-1.20342,Valencia,12429,ADM3,6362114
utrera,37.0861,-5.78614,Sevilla,51887,ADM3,6361050
utrillas,40.80076,-0.88054,Teruel,3069,ADM3,6361637
uztarroz/uztarroze,42.91936,-0.9567,Navarra,166,ADM3,6359794
vacarisses,41.60798,1.92277,Barcelona,6231,ADM3,6356308
vadillo,41.81539,-3.00242,Soria,131,ADM3,6361218
vadillo de la guarena,41.29567,-5.34435,Zamora,311,ADM3,6362649
vadillo de la sierra,40.61302,-5.13156,Avila,80,ADM3,6355846
vadocondes,41.63349,-3.5705,Burgos,388,ADM3,6356629
val de san lorenzo,42.40444,-6.11422,Leon,578,ADM3,6358720
val de san martin,41.04808,-1.44117,Zaragoza,77,ADM3,6362960
val de san vicente,43.38463,-4.46891,Cantabria,2844,ADM3,6360739
val do dubra,43.01218,-8.6521,Coruna,4234,ADM3,6357355
valacloche,40.18268,-1.08071,Teruel,33,ADM3,6361638
"valadouro, o",43.53657,-7.48776,Lugo,2123,ADM3,6359221
valbona,40.22287,-0.81419,Teruel,187,ADM3,6361639
valbuena de duero,41.66764,-4.27939,Valladolid,490,ADM3,6362301
valbuena de pisuerga,42.15188,-4.22279,Palencia,57,ADM3,6360124
valcabado,41.54869,-5.74663,Zamora,342,ADM3,6362650
valdaliga,43.33763,-4.33457,Cantabria,2317,ADM3,6360735
valdaracete,40.19719,-3.20259,Madrid,626,ADM3,6359374
valdarachas,40.51752,-3.12887,Guadalajara,37,ADM3,6358059
valdastillas,40.14652,-5.92233,Caceres,361,ADM3,6356891
valde-ucieza,42.40008,-4.57546,Palencia,114,ADM3,6360127
valdealgorfa,41.00088,-0.00323,Teruel,581,ADM3,6361640
valdeande,41.82984,-3.52218,Burgos,107,ADM3,6356630
valdearcos de la vega,41.63891,-4.05723,Valladolid,116,ADM3,6362302
valdearenas,40.82847,-2.98953,Guadalajara,95,ADM3,6358060
valdeavellano,40.66305,-2.95855,Guadalajara,95,ADM3,6358061
valdeavellano de tera,41.93629,-2.57534,Soria,205,ADM3,6361219
valdeavero,40.62812,-3.34999,Madrid,1510,ADM3,6359375
valdeaveruelo,40.64978,-3.30727,Guadalajara,1090,ADM3,6358062
valdecaballeros,39.26585,-5.19803,Badajoz,1202,ADM3,6356002
valdecanas de tajo,39.75131,-5.61893,Caceres,136,ADM3,6356892
valdecarros,40.77029,-5.42393,Salamanca,384,ADM3,6360566
valdecasa,40.66788,-5.01453,Avila,70,ADM3,6355847
"valdecolmenas, los",40.11547,-2.47033,Cuenca,105,ADM3,6357591
valdeconcha,40.45377,-2.87097,Guadalajara,43,ADM3,6358063
valdecuenca,40.29615,-1.4073,Teruel,33,ADM3,6361641
valdefinjas,41.42962,-5.46457,Zamora,61,ADM3,6362651
valdefresno,42.61726,-5.47376,Leon,2046,ADM3,6358710
valdefuentes,39.29149,-6.12579,Caceres,1362,ADM3,6356893
valdefuentes de sangusin,40.46971,-5.82232,Salamanca,250,ADM3,6360567
valdefuentes del paramo,42.31687,-5.82216,Leon,354,ADM3,6358711
valdeganga,39.14212,-1.67104,Albacete,1980,ADM3,6355365
valdegena,41.81868,-2.16381,Soria,42,ADM3,6361220
valdegovia,42.8511,-3.10121,Araba / Alava,1067,ADM3,6355282
valdegrudas,40.71692,-3.00541,Guadalajara,67,ADM3,6358064
valdehijaderos,40.42205,-5.84708,Salamanca,87,ADM3,6360568
valdehorna,41.06343,-1.42126,Zaragoza,31,ADM3,6362959
valdehuncar,39.82548,-5.52968,Caceres,200,ADM3,6356894
valdelacalzada,38.89476,-6.70026,Badajoz,2871,ADM3,6356028
valdelacasa,40.5114,-5.76488,Salamanca,262,ADM3,6360569
valdelacasa de tajo,39.72389,-5.29294,Caceres,468,ADM3,6356895
valdelageve,40.37897,-5.9958,Salamanca,90,ADM3,6360570
valdelagua del cerro,41.88748,-2.11066,Soria,17,ADM3,6361221
valdelaguna,40.17737,-3.37225,Madrid,903,ADM3,6359376
valdelarco,37.94582,-6.66071,Huelva,234,ADM3,6358247
valdelcubo,41.22774,-2.67266,Guadalajara,74,ADM3,6358065
valdelinares,40.40008,-0.60901,Teruel,82,ADM3,6361642
valdelosa,41.19054,-5.78111,Salamanca,487,ADM3,6360571
valdeltormo,40.97188,0.09557,Teruel,304,ADM3,6361643
valdelugueros,42.98376,-5.41521,Leon,526,ADM3,6358712
valdemadera,41.98783,-2.05915,La Rioja,9,ADM3,6359143
valdemaluque,41.68847,-3.03965,Soria,207,ADM3,6361222
valdemanco,40.86038,-3.66322,Madrid,927,ADM3,6359377
valdemanco del esteras,38.96433,-4.74204,Ciudad Real,223,ADM3,6357180
valdemaqueda,40.5061,-4.29601,Madrid,761,ADM3,6359378
valdemeca,40.23167,-1.73378,Cuenca,97,ADM3,6357545
valdemierque,40.83134,-5.58135,Salamanca,60,ADM3,6360572
valdemora,42.18747,-5.42131,Leon,85,ADM3,6358713
valdemorales,39.20497,-6.06406,Caceres,227,ADM3,6356896
valdemorillo,40.50643,-4.06059,Madrid,12280,ADM3,6359379
valdemorillo de la sierra,40.04196,-1.78825,Cuenca,88,ADM3,6357546
valdemoro,40.18076,-3.64978,Madrid,74745,ADM3,6359380
valdemoro-sierra,40.12664,-1.77702,Cuenca,142,ADM3,6357547
valdenebro,41.5876,-2.92727,Soria,125,ADM3,6361223
valdenebro de los valles,41.84485,-4.9639,Valladolid,217,ADM3,6362303
valdenuno fernandez,40.75629,-3.37559,Guadalajara,282,ADM3,6358066
valdeobispo,40.08963,-6.23934,Caceres,743,ADM3,6356897
valdeolea,42.90726,-4.18501,Cantabria,1133,ADM3,6360736
valdeolivas,40.50371,-2.45247,Cuenca,250,ADM3,6357548
valdeolmillos,42.04859,-4.42011,Palencia,67,ADM3,6360125
valdeolmos-alalpardo,40.63842,-3.46148,Madrid,3576,ADM3,6359381
valdepenas,38.76667,-3.38333,Ciudad Real,31212,ADM3,2509983
valdepenas de jaen,37.57337,-3.75666,Jaen,4096,ADM3,6358539
valdepenas de la sierra,40.90398,-3.40229,Guadalajara,193,ADM3,6358067
valdepielago,42.87423,-5.41785,Leon,361,ADM3,6358714
valdepielagos,40.75747,-3.46393,Madrid,574,ADM3,6359382
valdepolo,42.56424,-5.21108,Leon,1328,ADM3,6358715
valdeprado,41.95335,-2.12734,Soria,13,ADM3,6361224
valdeprado del rio,42.8955,-4.0582,Cantabria,357,ADM3,6360737
valdeprados,40.82494,-4.27505,Segovia,87,ADM3,6360930
valderas,42.09264,-5.44632,Leon,1943,ADM3,6358716
valderrabano,42.6005,-4.64894,Palencia,61,ADM3,6360126
valderrebollo,40.81004,-2.74113,Guadalajara,40,ADM3,6358068
valderredible,42.85645,-3.95874,Cantabria,1086,ADM3,6360738
valderrey,42.39865,-6.02064,Leon,487,ADM3,6358717
valderrobres,40.85394,0.14523,Teruel,2555,ADM3,6361644
valderrodilla,41.56725,-2.81163,Soria,90,ADM3,6361225
valderrodrigo,41.07547,-6.51078,Salamanca,157,ADM3,6360573
valderrubio,37.23449,-3.82243,Granada,0,ADM3,11395795
valderrueda,42.83963,-4.98181,Leon,979,ADM3,6358718
valdes,43.53338,-6.485,Asturias,13058,ADM3,6359937
valdesamario,42.72795,-6.03114,Leon,222,ADM3,6358719
valdescorriel,42.03786,-5.52747,Zamora,158,ADM3,6362652
valdesotos,40.9772,-3.31112,Guadalajara,25,ADM3,6358069
valdestillas,41.48623,-4.7853,Valladolid,1780,ADM3,6362304
valdetorres,38.91045,-6.06044,Badajoz,1281,ADM3,6356003
valdetorres de jarama,40.69338,-3.51753,Madrid,4170,ADM3,6359383
valdetortola,39.93294,-2.17869,Cuenca,173,ADM3,6357587
valdevacas de montejo,41.52062,-3.62543,Segovia,32,ADM3,6360931
valdevacas y guijar,41.15408,-3.92092,Segovia,117,ADM3,6360932
valdeverdeja,39.80827,-5.26492,Toledo,719,ADM3,6361838
valdevimbre,42.41347,-5.64121,Leon,1038,ADM3,6358721
valdezate,41.59853,-3.93044,Burgos,153,ADM3,6356631
valdilecha,40.29475,-3.29717,Madrid,2840,ADM3,6359384
valdorros,42.17773,-3.71421,Burgos,312,ADM3,6356632
valdovino,43.60936,-8.11152,Coruna,6857,ADM3,6357354
valdunciel,41.11361,-5.68106,Salamanca,101,ADM3,6360574
valdunquillo,42.04323,-5.32726,Valladolid,170,ADM3,6362305
valencia,39.45612,-0.35457,Valencia,797028,ADM3,6362115
valencia de alcantara,39.4846,-7.23648,Caceres,6032,ADM3,6356898
valencia de don juan,42.28391,-5.50554,Leon,5184,ADM3,6358722
valencia de las torres,38.40841,-5.99098,Badajoz,673,ADM3,6356004
valencia del mombuey,38.2478,-7.10416,Badajoz,797,ADM3,6356005
valencia del ventoso,38.27422,-6.48785,Badajoz,2158,ADM3,6356006
valencina de la concepcion,37.41934,-6.06969,Sevilla,8055,ADM3,6361051
valenzuela,37.77077,-4.24015,Cordoba,1317,ADM3,6357258
valenzuela de calatrava,38.83057,-3.78774,Ciudad Real,752,ADM3,6357181
"valeras, las",39.80749,-2.14696,Cuenca,1714,ADM3,6357588
valero,40.54025,-5.96008,Salamanca,341,ADM3,6360575
valfarta,41.55035,-0.11595,Huesca,54,ADM3,6358434
valfermoso de tajuna,40.62158,-2.9557,Guadalajara,64,ADM3,6358070
valga,42.69542,-8.65944,Pontevedra,6072,ADM3,6360253
valganon,42.32544,-3.07784,La Rioja,125,ADM3,6359144
valhermoso,40.77881,-1.98833,Guadalajara,39,ADM3,6358071
valhermoso de la fuente,39.54246,-2.00286,Cuenca,41,ADM3,6357549
valjunquera,40.96928,0.02174,Teruel,336,ADM3,6361645
vall d'alba,40.18031,-0.03223,Castello,3036,ADM3,6357074
"vall d'alcala, la",38.79009,-0.25014,Alicante,175,ADM3,6355507
"vall d'ebo, la",38.80409,-0.18622,Alicante,286,ADM3,6355508
vall de almonacid,39.9,-0.45488,Castello,273,ADM3,6357075
vall de cardos,42.59409,1.21745,Lleida,406,ADM3,6358978
vall de ebo,38.80561,-0.1589,Alicante,346,PPLA3,2509930
vall de gallinera,38.82466,-0.21741,Alicante,676,ADM3,6355509
vall-llobrega,41.88216,3.12904,Girona,904,ADM3,6534160
vallada,38.89829,-0.70784,Valencia,3309,ADM3,6362116
valladolid,41.6523,-4.72854,Valladolid,311501,ADM3,6362308
vallanca,40.06161,-1.35816,Valencia,160,ADM3,6362117
vallarta de bureba,42.59103,-3.19897,Burgos,46,ADM3,6356634
vallat,40.0362,-0.33666,Castello,73,ADM3,6357073
vallbona d'anoia,41.5308,1.70912,Barcelona,1432,ADM3,6356309
vallbona de les monges,41.52503,1.08627,Lleida,253,ADM3,6358962
vallcebre,42.2157,1.81709,Barcelona,274,ADM3,6356310
vallclara,41.36999,0.9868,Tarragona,91,ADM3,6361400
valldemossa,39.71003,2.62037,Illes Balears,2027,ADM3,6533980
valle de abdalagis,36.93207,-4.68257,Malaga,0,PPLA3,2509910
valle de abdalajis,36.93874,-4.67043,Malaga,2716,ADM3,6359497
"valle de altomira, el",40.22701,-2.77016,Cuenca,296,ADM3,6357511
valle de ancares,42.83635,-6.74631,Leon,333,ADM3,6358585
valle de bardaji,42.42733,0.46714,Huesca,52,ADM3,6358435
valle de cerrato,41.90157,-4.35287,Palencia,92,ADM3,6360128
valle de echo,42.71937,-0.73055,Huesca,813,ADM3,6358447
valle de la serena,38.70015,-5.81145,Badajoz,1399,ADM3,6356011
valle de las navas,42.45525,-3.63321,Burgos,588,ADM3,6356694
valle de lierp,42.37801,0.4985,Huesca,52,ADM3,6358436
valle de losa,42.99153,-3.21234,Burgos,565,ADM3,6356697
valle de manzanedo,42.89818,-3.71242,Burgos,152,ADM3,6356635
valle de matamoros,38.38595,-6.7966,Badajoz,425,ADM3,6356012
valle de mena,43.11112,-3.24417,Burgos,3931,ADM3,6356636
valle de oca,42.4417,-3.32411,Burgos,177,ADM3,6356637
valle de santa ana,38.36692,-6.78251,Badajoz,1181,ADM3,6356013
valle de santibanez,42.47735,-3.81911,Burgos,544,ADM3,6356692
valle de sedano,42.72837,-3.76035,Burgos,487,ADM3,6534000
valle de tabladillo,41.36818,-3.83342,Segovia,112,ADM3,6360936
valle de tobalina,42.81039,-3.27269,Burgos,1017,ADM3,6356638
valle de valdebezana,42.96575,-3.80688,Burgos,550,ADM3,6356639
valle de valdelaguna,42.1004,-3.12917,Burgos,199,ADM3,6356640
valle de valdelucio,42.72428,-4.08776,Burgos,347,ADM3,6356641
valle de villaverde,43.23183,-3.27722,Cantabria,355,ADM3,6360745
valle de yerri/deierri,42.72718,-1.98989,Navarra,1525,ADM3,6359807
valle de zamanzas,42.8566,-3.74635,Burgos,76,ADM3,6356642
valle del retortillo,42.21988,-4.78002,Palencia,191,ADM3,6360168
valle del zalabi,37.2835,-3.00219,Granada,2260,ADM3,6357799
valle gran rey,28.1217,-17.32036,Santa Cruz de Tenerife,4860,ADM3,6534199
vallecillo,42.3534,-5.21421,Leon,133,ADM3,6358725
"vallecillo, el",40.24196,-1.57268,Teruel,40,ADM3,6361646
vallehermoso,28.15375,-17.28558,Santa Cruz de Tenerife,3116,ADM3,6534200
vallejera,42.18431,-4.1549,Burgos,40,ADM3,6356643
vallejera de riofrio,40.41863,-5.7167,Salamanca,69,ADM3,6360579
vallelado,41.39282,-4.42327,Segovia,773,ADM3,6360937
valleruela de pedraza,41.17246,-3.82311,Segovia,84,ADM3,6360938
valleruela de sepulveda,41.1919,-3.76641,Segovia,60,ADM3,6360939
valles,38.98961,-0.5555,Valencia,162,ADM3,6363001
valles de palenzuela,42.12347,-4.05964,Burgos,80,ADM3,6356644
vallesa de la guarena,41.15397,-5.31497,Zamora,115,ADM3,6362653
valleseco,28.04796,-15.58029,Las Palmas,3903,ADM3,6360202
vallfogona de balaguer,41.75335,0.83479,Lleida,1853,ADM3,6358964
vallfogona de ripolles,42.18395,2.3048,Girona,223,ADM3,6357628
vallfogona de riucorb,41.55959,1.23892,Tarragona,119,ADM3,6361401
vallgorguina,41.6493,2.49257,Barcelona,2640,ADM3,6356311
vallibona,40.6037,0.07652,Castello,100,ADM3,6357077
vallirana,41.37534,1.92423,Barcelona,14549,ADM3,6356312
vallmoll,41.24882,1.25342,Tarragona,1997,ADM3,6361402
vallromanes,41.52963,2.30336,Barcelona,2480,ADM3,6356313
valls,41.29111,1.23633,Tarragona,25084,ADM3,6361403
valluercanes,42.57746,-3.11821,Burgos,79,ADM3,6356645
valmadrid,41.44893,-0.87993,Zaragoza,112,ADM3,6362961
valmala,42.29008,-3.25341,Burgos,31,ADM3,6356633
valmojado,40.22166,-4.10869,Toledo,4216,ADM3,6361839
valor,37.02941,-3.09421,Granada,693,ADM3,6357785
valoria la buena,41.81059,-4.52629,Valladolid,698,ADM3,6362306
valpalmas,42.16328,-0.85661,Zaragoza,122,ADM3,6362962
valsalabroso,41.10353,-6.48979,Salamanca,160,ADM3,6360576
valsalobre,40.63579,-2.12221,Cuenca,40,ADM3,6357550
valseca,40.99651,-4.16661,Segovia,297,ADM3,6360933
valsequillo,38.47659,-5.38039,Cordoba,399,ADM3,6357259
valsequillo de gran canaria,27.98262,-15.50631,Las Palmas,9157,ADM3,6360201
valtablado del rio,40.72604,-2.40132,Guadalajara,12,ADM3,6358072
valtajeros,41.93925,-2.23296,Soria,24,ADM3,6361226
valtiendas,41.48848,-3.90545,Segovia,130,ADM3,6360934
valtierra,42.20871,-1.61625,Navarra,2523,ADM3,6359796
valtorres,41.30066,-1.74309,Zaragoza,65,ADM3,6362963
valverde,27.79857,-17.93483,Santa Cruz de Tenerife,5075,ADM3,6534198
valverde de alcala,40.40906,-3.29984,Madrid,464,ADM3,6359385
valverde de burguillos,38.32597,-6.53814,Badajoz,309,ADM3,6356007
valverde de campos,41.82663,-5.0338,Valladolid,115,ADM3,6362307
valverde de jucar,39.7036,-2.23555,Cuenca,1242,ADM3,6357551
valverde de la vera,40.10813,-5.49668,Caceres,554,ADM3,6356899
valverde de la virgen,42.56407,-5.68255,Leon,7118,ADM3,6358723
valverde de leganes,38.66416,-6.97977,Badajoz,4238,ADM3,6356008
valverde de llerena,38.20656,-5.80497,Badajoz,676,ADM3,6356009
valverde de los arroyos,41.12986,-3.20659,Guadalajara,90,ADM3,6358073
valverde de merida,38.90134,-6.22025,Badajoz,1138,ADM3,6356010
valverde de valdelacasa,40.4865,-5.78251,Salamanca,78,ADM3,6360577
valverde del camino,37.54581,-6.74951,Huelva,12902,ADM3,6358248
valverde del fresno,40.15785,-6.92949,Caceres,2454,ADM3,6356900
valverde del majano,40.95285,-4.20744,Segovia,1083,ADM3,6360935
valverde-enrique,42.30572,-5.28067,Leon,189,ADM3,6358724
valverdejo,39.62807,-2.02723,Cuenca,113,ADM3,6357552
valverdon,41.04944,-5.7431,Salamanca,288,ADM3,6360578
vandellos i l'hospitalet de l'infant,40.99445,0.8642,Tarragona,5985,ADM3,6361404
vara de rey,39.42031,-2.28359,Cuenca,611,ADM3,6357553
veciana,41.66023,1.4899,Barcelona,169,ADM3,6356314
"vecilla, la",42.82478,-5.40771,Leon,428,ADM3,6358726
vecinos,40.78129,-5.87828,Salamanca,293,ADM3,6360580
vedra,42.78832,-8.47539,Coruna,5043,ADM3,6357356
vega de espinareda,42.77156,-6.73593,Leon,2419,ADM3,6358728
vega de infanzones,42.48721,-5.54297,Leon,925,ADM3,6358729
vega de liebana,43.07684,-4.67018,Cantabria,842,ADM3,6360740
vega de pas,43.15569,-3.77911,Cantabria,824,ADM3,6360741
vega de ruiponce,42.1896,-5.12104,Valladolid,120,ADM3,6362309
vega de san mateo,27.99941,-15.55304,Las Palmas,7765,ADM3,6360203
vega de santa maria,40.83448,-4.65793,Avila,96,ADM3,6355848
vega de tera,42.0015,-6.12475,Zamora,394,ADM3,6362654
vega de tirados,41.04062,-5.89791,Salamanca,200,ADM3,6360581
vega de valcarce,42.66948,-6.97089,Leon,706,ADM3,6358730
vega de valdetronco,41.59522,-5.11228,Valladolid,130,ADM3,6362310
vega de villalobos,41.97606,-5.47275,Zamora,122,ADM3,6362655
vega del codorno,40.43333,-1.95,Cuenca,165,ADM3,3106302
vegacervera,42.89878,-5.57494,Leon,351,ADM3,6358727
vegadeo,43.42479,-7.02773,Asturias,4131,ADM3,6359975
vegalatrave,41.71134,-6.10322,Zamora,114,ADM3,6362656
veganzones,41.21432,-3.99891,Segovia,282,ADM3,6360940
vegaquemada,42.80507,-5.32837,Leon,467,ADM3,6358731
vegas de matute,40.79075,-4.26695,Segovia,293,ADM3,6360941
vegas del condado,42.68467,-5.38523,Leon,1158,ADM3,6358732
vegas del genil,37.16966,-3.68933,Granada,9701,ADM3,6357803
vegaviana,40.04666,-6.72585,Caceres,854,ADM3,7577095
veguillas de la sierra,40.1496,-1.40684,Teruel,27,ADM3,6361647
"veguillas, las",40.74336,-5.82631,Salamanca,288,ADM3,6360582
vejer de la frontera,36.26988,-5.97299,Cadiz,12857,ADM3,6356954
velada,40.01875,-5.01427,Toledo,2860,ADM3,6361840
velamazan,41.48392,-2.72872,Soria,98,ADM3,6361227
velascalvaro,41.23876,-4.96319,Valladolid,182,ADM3,6362311
velayos,40.85081,-4.60462,Avila,262,ADM3,6355849
velefique,37.19868,-2.39703,Almeria,297,ADM3,6355609
velez blanco,37.77008,-2.09012,Almeria,2238,ADM3,6355610
velez de benaudalla,36.83116,-3.49026,Granada,2943,ADM3,6357786
velez rubio,37.59485,-2.05476,Almeria,7071,ADM3,6355611
velez-malaga,36.76071,-4.12321,Malaga,78467,ADM3,6359498
velilla,41.57054,-4.9995,Valladolid,122,ADM3,6362312
velilla de cinca,41.57973,0.25661,Huesca,505,ADM3,6358437
velilla de ebro,41.38212,-0.38921,Zaragoza,208,ADM3,6362964
velilla de jiloca,41.27124,-1.59517,Zaragoza,90,ADM3,6362965
velilla de la sierra,41.79714,-2.4023,Soria,30,ADM3,6361228
velilla de los ajos,41.49668,-2.27836,Soria,31,ADM3,6361229
velilla de san antonio,40.36516,-3.47935,Madrid,12037,ADM3,6359386
velilla del rio carrion,42.90742,-4.77306,Palencia,1493,ADM3,6360129
"velles, la",41.07782,-5.57216,Salamanca,580,ADM3,6360583
vellisca,40.12549,-2.80882,Cuenca,141,ADM3,6357554
velliza,41.58324,-4.94423,Valladolid,114,ADM3,6362313
"vellon, el",40.76963,-3.55809,Madrid,1764,ADM3,6359387
vencillon,41.71097,0.32,Huesca,393,ADM3,6358455
venialbo,41.38778,-5.53897,Zamora,464,ADM3,6362657
venta de banos,41.9371,-4.4645,Palencia,6472,ADM3,6359995
venta del moro,39.42474,-1.43076,Valencia,1443,ADM3,6362118
ventallo,42.14834,3.02652,Girona,816,ADM3,6534161
"ventas con pena aguilera, las",39.56968,-4.23208,Toledo,1301,ADM3,6361841
ventas de huelma,37.07267,-3.82563,Granada,704,ADM3,6357787
"ventas de retamosa, las",40.15641,-4.15182,Toledo,3377,ADM3,6361842
"ventas de san julian, las",39.99678,-5.2876,Toledo,214,ADM3,6361843
ventosa,42.4035,-2.62941,La Rioja,164,ADM3,6359145
ventosa de la cuesta,41.41771,-4.82987,Valladolid,126,ADM3,6362314
ventosa del rio almar,40.93059,-5.34548,Salamanca,123,ADM3,6360584
ventosilla y tejadilla,41.18445,-3.69139,Segovia,30,ADM3,6360942
ventrosa,42.17623,-2.83796,La Rioja,70,ADM3,6359146
venturada,40.79941,-3.62026,Madrid,1897,ADM3,6359388
vera,37.20536,-1.84358,Almeria,15010,ADM3,6355612
vera de moncayo,41.83506,-1.67794,Zaragoza,317,ADM3,6362966
verdu,41.60954,1.14086,Lleida,1008,ADM3,6358965
verea,42.10421,-7.99046,Ourense,1150,ADM3,6359900
"verger, el",38.85382,0.00057,Alicante,4992,ADM3,6355511
verges,42.07161,3.045,Girona,1193,ADM3,6534162
verin,41.88679,-7.40906,Ourense,14707,ADM3,6359901
vertavillo,41.8186,-4.3002,Palencia,215,ADM3,6360130
vespella de gaia,41.20723,1.35132,Tarragona,395,ADM3,6361406
vezdemarban,41.67539,-5.36939,Zamora,532,ADM3,6362658
viacamp y litera,42.06748,0.63482,Huesca,40,ADM3,6358439
viana,42.4944,-2.3495,Navarra,4022,ADM3,6359798
viana de cega,41.52539,-4.76551,Valladolid,1987,ADM3,6362315
viana de duero,41.52637,-2.46349,Soria,67,ADM3,6361230
viana de jadraque,41.02823,-2.7858,Guadalajara,53,ADM3,6358074
viana do bolo,42.15081,-7.07125,Ourense,3180,ADM3,6359902
viandar de la vera,40.1375,-5.54567,Caceres,268,ADM3,6356901
vianos,38.58109,-2.5066,Albacete,400,ADM3,6355366
viator,36.90468,-2.39454,Almeria,5492,ADM3,6355613
vic,41.92706,2.24971,Barcelona,41191,ADM3,6356315
vicar,36.81925,-2.67696,Almeria,24042,ADM3,6355614
"vicedo, o",43.71328,-7.65436,Lugo,1895,ADM3,6359222
vicien,42.04713,-0.45021,Huesca,137,ADM3,6358440
"victoria de acentejo, la",28.42288,-16.45572,Santa Cruz de Tenerife,9049,ADM3,6360646
"victoria, la",37.68566,-4.85516,Cordoba,2379,ADM3,6357260
"vid de bureba, la",42.63673,-3.29449,Burgos,23,ADM3,6356647
"vid de ojeda, la",42.65609,-4.40099,Palencia,111,ADM3,6360053
"vid y barrios, la",41.62466,-3.49106,Burgos,280,ADM3,6356646
vidangoz/bidankoze,42.81912,-1.00525,Navarra,94,ADM3,6359799
vidayanes,41.91896,-5.58807,Zamora,97,ADM3,6362659
videmala,41.60818,-6.02106,Zamora,158,ADM3,6362660
"vidola, la",41.15146,-6.48019,Salamanca,141,ADM3,6360585
vidra,42.12191,2.30713,Girona,163,ADM3,6357636
vidreres,41.77426,2.81043,Girona,7732,ADM3,6534163
vielha e mijaran,42.68462,0.77263,Lleida,5454,ADM3,6358966
vierlas,41.93063,-1.6802,Zaragoza,88,ADM3,6362967
vigo,42.20365,-8.72296,Pontevedra,297355,ADM3,6360254
viguera,42.30542,-2.53884,La Rioja,435,ADM3,6359147
vila de cruces,42.8,-8.21667,Pontevedra,6085,ADM3,3105678
vila-real,39.93009,-0.1276,Castello,51357,ADM3,6357085
vila-rodona,41.31159,1.36844,Tarragona,1280,ADM3,6361412
vila-sacra,42.26381,3.01794,Girona,671,ADM3,6534175
vila-sana,41.66536,0.91369,Lleida,710,ADM3,6358974
vila-seca,41.10172,1.14434,Tarragona,22052,ADM3,6361413
vilabella,41.24267,1.33388,Tarragona,829,ADM3,6361407
vilabertran,42.28183,2.97897,Girona,911,ADM3,6534164
vilablareix,41.95536,2.78573,Girona,2427,ADM3,6534165
vilaboa,42.33491,-8.6447,Pontevedra,5965,ADM3,6360255
vilada,42.13553,1.92844,Barcelona,486,ADM3,6356316
viladamat,42.13464,3.07377,Girona,451,ADM3,6534166
viladasens,42.0968,2.92436,Girona,208,ADM3,6534167
viladecans,41.30826,2.02765,Barcelona,65188,ADM3,6356318
viladecavalls,41.55651,1.95454,Barcelona,7411,ADM3,6356317
vilademuls,42.132,2.86351,Girona,780,ADM3,6534168
viladrau,41.84922,2.37439,Girona,1087,ADM3,6357637
vilafames,40.11417,-0.08312,Castello,1935,ADM3,6357078
vilafant,42.24755,2.94004,Girona,5523,ADM3,6534169
vilaflor,28.15599,-16.64002,Santa Cruz de Tenerife,1825,ADM3,6360647
vilafranca de bonany,39.56878,3.08613,Illes Balears,2971,ADM3,6533982
vilafranca del penedes,41.34709,1.70826,Barcelona,39035,ADM3,6356322
vilagarcia de arousa,42.59707,-8.75165,Pontevedra,37621,ADM3,6360256
vilagrassa,41.64332,1.0825,Lleida,633,ADM3,6358967
vilajuiga,42.32506,3.09055,Girona,1177,ADM3,6534170
vilalba,43.32521,-7.65968,Lugo,15116,ADM3,6359223
vilalba dels arcs,41.15991,0.39473,Tarragona,717,ADM3,6361417
vilalba sasserra,41.64178,2.46273,Barcelona,703,ADM3,6356323
vilaller,42.53421,0.75831,Lleida,667,ADM3,7577093
vilallonga de ter,42.34373,2.27506,Girona,466,ADM3,6357638
vilallonga del camp,41.21308,1.19787,Tarragona,2204,ADM3,6361408
vilamacolum,42.19489,3.05534,Girona,289,ADM3,6534171
vilamalla,42.21746,2.97163,Girona,1101,ADM3,6534172
vilamaniscle,42.37594,3.06868,Girona,176,ADM3,6534173
vilamarin,42.45224,-7.89952,Ourense,2119,ADM3,6359903
vilamartin de valdeorras,42.44644,-7.05798,Ourense,1988,ADM3,6359904
vilamarxant,39.57437,-0.64787,Valencia,9491,ADM3,6362120
vilamos,42.74818,0.71911,Lleida,159,ADM3,6358969
vilanant,42.25417,2.8885,Girona,376,ADM3,6534174
vilanova d'alcolea,40.25187,0.09398,Castello,688,ADM3,6357082
vilanova d'escornalbou,41.11188,0.93067,Tarragona,570,ADM3,6361409
vilanova de arousa,42.55737,-8.78994,Pontevedra,10590,ADM3,6360257
vilanova de bellpuig,41.60348,0.9587,Lleida,1213,ADM3,6358970
vilanova de l'aguda,41.8828,1.254,Lleida,242,ADM3,6358971
vilanova de la barca,41.68619,0.73142,Lleida,1160,ADM3,6358976
vilanova de meia,41.99487,0.99584,Lleida,423,ADM3,6358972
vilanova de prades,41.34412,0.94561,Tarragona,129,ADM3,6361410
vilanova de sau,41.94504,2.42337,Barcelona,328,ADM3,6356320
vilanova de segria,41.70907,0.61882,Lleida,896,ADM3,6358973
vilanova del cami,41.56251,1.63351,Barcelona,12585,ADM3,6356319
vilanova del valles,41.55901,2.30301,Barcelona,5062,ADM3,6356327
vilanova i la geltru,41.22231,1.72176,Barcelona,66591,ADM3,6356324
vilaplana,41.24842,1.02463,Tarragona,628,ADM3,6361411
vilar de barrio,42.16943,-7.53473,Ourense,1572,ADM3,6359905
vilar de canes,40.34904,-0.06865,Castello,187,ADM3,6357084
vilar de santos,42.08927,-7.80074,Ourense,922,ADM3,6359906
vilardevos,41.92261,-7.29158,Ourense,2131,ADM3,6359907
vilarino,42.16667,-7.18333,Ourense,169,PPLA3,3104932
vilarino de conso,42.15094,-7.28205,Ourense,632,ADM3,6359908
vilarmaior,43.34878,-8.11832,Coruna,1261,ADM3,6357358
vilarnaz,42.4005,-7.86306,Ourense,0,PPLA3,11919589
vilasantar,43.06381,-8.10451,Coruna,1368,ADM3,6357357
vilassar de dalt,41.52606,2.34705,Barcelona,8865,ADM3,6356236
vilassar de mar,41.50665,2.38545,Barcelona,19918,ADM3,6356241
vilauer,42.14307,2.95305,Girona,142,ADM3,6534176
vilaverd,41.34039,1.1764,Tarragona,493,ADM3,6361414
vilches,38.22776,-3.47746,Jaen,4831,ADM3,6358540
vilena,42.61724,-3.32302,Burgos,34,ADM3,6356648
"villa de don fadrique, la",39.64092,-3.19757,Toledo,4102,ADM3,6361845
villa de mazo,28.5885,-17.77687,Santa Cruz de Tenerife,4898,ADM3,6534201
villa de ves,39.19887,-1.25763,Albacete,53,ADM3,6355367
villa del campo,40.15745,-6.47421,Caceres,538,ADM3,6356902
villa del prado,40.26915,-4.3046,Madrid,6495,ADM3,6359390
villa del rey,39.66548,-6.80978,Caceres,141,ADM3,6356903
villa del rio,37.97953,-4.29383,Cordoba,7463,ADM3,6357261
villabanez,41.62714,-4.51832,Valladolid,537,ADM3,6362317
villabaruz de campos,42.01126,-4.99627,Valladolid,42,ADM3,6362318
villabasta de valdavia,42.55824,-4.61836,Palencia,32,ADM3,6360131
villablanca,37.30642,-7.33015,Huelva,2975,ADM3,6358249
villablino,42.97792,-6.34327,Leon,10220,ADM3,6358733
villabona,43.18638,-2.03086,Gipuzkoa,5872,ADM3,6358163
villabragima,41.8407,-5.10587,Valladolid,1091,ADM3,6362319
villabraz,42.25595,-5.442,Leon,110,ADM3,6358734
villabrazaro,42.06081,-5.71693,Zamora,284,ADM3,6362661
villabuena de alava,42.54606,-2.66539,Araba / Alava,319,ADM3,6355284
villabuena del puente,41.38276,-5.38132,Zamora,813,ADM3,6362662
villacanas,39.60512,-3.37797,Toledo,10515,ADM3,6361844
villacarralon,42.19335,-5.04364,Valladolid,82,ADM3,6362320
villacarriedo,43.2215,-3.82479,Cantabria,1752,ADM3,6360742
villacarrillo,38.09235,-2.94042,Jaen,11442,ADM3,6358541
villacastin,40.76364,-4.41601,Segovia,1637,ADM3,6360943
villacid de campos,42.08298,-5.11785,Valladolid,91,ADM3,6362321
villacidaler,42.21801,-4.97503,Palencia,52,ADM3,6360132
villaciervos,41.76815,-2.65912,Soria,98,ADM3,6361231
villaco,41.73288,-4.2661,Valladolid,103,ADM3,6362322
villaconancio,41.86837,-4.21349,Palencia,70,ADM3,6360133
villaconejos,40.11731,-3.49014,Madrid,3363,ADM3,6359389
villaconejos de trabaque,40.39956,-2.3319,Cuenca,457,ADM3,6357555
villada,42.27026,-4.95276,Palencia,1080,ADM3,6360134
villadangos del paramo,42.52271,-5.77041,Leon,1111,ADM3,6358735
villademor de la vega,42.26864,-5.58304,Leon,395,ADM3,6358737
villadepera,41.54034,-6.13879,Zamora,253,ADM3,6362663
villadiego,42.54957,-4.00549,Burgos,1694,ADM3,6356651
villadoz,41.17297,-1.26241,Zaragoza,80,ADM3,6362969
villaeles de valdavia,42.57586,-4.55823,Palencia,67,ADM3,6360135
villaescusa,43.36375,-3.85281,Cantabria,3755,ADM3,6360743
villaescusa,41.19005,-5.45584,Zamora,293,ADM3,6362664
villaescusa de haro,39.60708,-2.59944,Cuenca,587,ADM3,6357556
villaescusa de roa,41.72712,-4.02611,Burgos,129,ADM3,6356652
villaescusa la sombria,42.41185,-3.40681,Burgos,70,ADM3,6356653
villaespasa,42.11078,-3.39617,Burgos,17,ADM3,6356654
villafafila,41.84063,-5.59626,Zamora,567,ADM3,6362665
villafeliche,41.18472,-1.50088,Zaragoza,163,ADM3,6362970
villaferruena,42.09232,-5.87269,Zamora,118,ADM3,6362666
villaflor,40.75475,-4.87645,Avila,134,ADM3,6355850
villaflores,41.10034,-5.24977,Salamanca,312,ADM3,6360587
villafrades de campos,42.07586,-4.95811,Valladolid,91,ADM3,6362323
villafranca,42.27799,-1.73127,Navarra,2958,ADM3,6359801
villafranca de cordoba,37.96088,-4.55704,Cordoba,4832,ADM3,6357262
villafranca de duero,41.43783,-5.31746,Valladolid,311,ADM3,6362324
villafranca de ebro,41.57452,-0.60652,Zaragoza,828,ADM3,6362971
villafranca de la sierra,40.49042,-5.0979,Avila,151,ADM3,6355851
villafranca de los barros,38.55622,-6.33636,Badajoz,13329,ADM3,6356014
villafranca de los caballeros,39.45439,-3.34005,Toledo,5373,ADM3,6361846
villafranca de ordizia,43.0541,-2.17632,Gipuzkoa,0,PPLA3,3105599
villafranca del bierzo,42.68545,-6.80945,Leon,3463,ADM3,6358738
villafranca del campo,40.70354,-1.36439,Teruel,290,ADM3,6361648
villafranca del cid/vilafranca,40.43085,-0.26507,Castello,2494,ADM3,6357079
villafranca montes de oca,42.37776,-3.30846,Burgos,132,ADM3,6356655
villafrechos,41.90093,-5.20822,Valladolid,546,ADM3,6362325
villafruela,41.92486,-3.9225,Burgos,224,ADM3,6356656
villafuerte,41.72534,-4.31712,Valladolid,117,ADM3,6362326
villafufre,43.26523,-3.8687,Cantabria,1103,ADM3,6360744
villagalijo,42.34837,-3.19264,Burgos,68,ADM3,6356657
villagarcia de campos,41.771,-5.16727,Valladolid,371,ADM3,6362327
villagarcia de la torre,38.30804,-6.06704,Badajoz,994,ADM3,6356015
villagarcia del llano,39.33504,-1.82836,Cuenca,806,ADM3,6357557
villagaton,42.64642,-6.18864,Leon,638,ADM3,6358739
villageriz,42.11538,-5.95112,Zamora,47,ADM3,6362667
villagomez la nueva,42.14868,-5.15369,Valladolid,67,ADM3,6362328
villagonzalo,38.84622,-6.21051,Badajoz,1321,ADM3,6356016
villagonzalo de tormes,40.90044,-5.50707,Salamanca,224,ADM3,6360588
villagonzalo pedernales,42.30051,-3.73359,Burgos,1676,ADM3,6356658
villahan,42.05553,-4.14492,Palencia,111,ADM3,6360136
villaharta,38.1376,-4.89874,Cordoba,754,ADM3,6357263
villahermosa,38.81877,-2.82658,Ciudad Real,2180,ADM3,6357182
villahermosa del campo,41.11431,-1.22431,Teruel,91,ADM3,6361649
villahermosa del rio,40.19614,-0.41687,Castello,506,ADM3,6357080
villaherreros,42.39148,-4.46761,Palencia,229,ADM3,6360137
villahoz,42.06854,-3.90475,Burgos,351,ADM3,6356659
villajoyosa,38.51124,-0.23209,Alicante,33293,ADM3,6355512
villalaco,42.14225,-4.2657,Palencia,70,ADM3,6360138
villalan de campos,42.01752,-5.20992,Valladolid,44,ADM3,6362329
villalar de los comuneros,41.54031,-5.14819,Valladolid,468,ADM3,6362330
villalazan,41.50134,-5.59009,Zamora,317,ADM3,6362668
villalba de duero,41.6801,-3.75172,Burgos,678,ADM3,6356660
villalba de guardo,42.72266,-4.82651,Palencia,199,ADM3,6360139
villalba de la lampreana,41.75211,-5.62053,Zamora,267,ADM3,6362669
villalba de la loma,42.17663,-5.19173,Valladolid,60,ADM3,6362331
villalba de la sierra,40.23034,-2.08386,Cuenca,554,ADM3,6357558
villalba de los alcores,41.84347,-4.86282,Valladolid,461,ADM3,6362332
villalba de los barros,38.61633,-6.51558,Badajoz,1614,ADM3,6356017
villalba de los llanos,40.79309,-5.97462,Salamanca,150,ADM3,6360589
villalba de perejil,41.33836,-1.55126,Zaragoza,86,ADM3,6362972
villalba de rioja,42.61018,-2.89411,La Rioja,148,ADM3,6359148
villalba del alcor,37.4023,-6.49341,Huelva,3444,ADM3,6358250
villalba del rey,40.35685,-2.67735,Cuenca,599,ADM3,6357559
villalbarba,41.60544,-5.20775,Valladolid,133,ADM3,6362333
villalbilla,40.44976,-3.34517,Madrid,13421,ADM3,6359391
villalbilla de burgos,42.34732,-3.78016,Burgos,1190,ADM3,6356661
villalbilla de gumiel,41.81611,-3.62835,Burgos,105,ADM3,6356662
villalcampo,41.52348,-6.05441,Zamora,537,ADM3,6362670
villalcazar de sirga,42.31413,-4.5417,Palencia,165,ADM3,6360140
villalcon,42.29888,-4.85209,Palencia,67,ADM3,6360141
villaldemiro,42.24375,-3.97613,Burgos,76,ADM3,6356663
villalengua,41.42386,-1.87618,Zaragoza,295,ADM3,6362973
villalgordo del jucar,39.31687,-2.05922,Albacete,1240,ADM3,6355368
villalgordo del marquesado,39.68027,-2.50893,Cuenca,101,ADM3,6357560
villalmanzo,42.0696,-3.72651,Burgos,443,ADM3,6356664
villalobar de rioja,42.49047,-2.96744,La Rioja,68,ADM3,6359149
villalobon,42.02532,-4.47335,Palencia,1475,ADM3,6360142
villalobos,41.94706,-5.48732,Zamora,303,ADM3,6362671
villalon de campos,42.11691,-5.03714,Valladolid,1858,ADM3,6362334
villalonga,38.88939,-0.22682,Valencia,4449,ADM3,6362119
villalonso,41.59381,-5.29987,Zamora,91,ADM3,6362672
villalpando,41.82406,-5.41788,Zamora,1610,ADM3,6362673
villalpardo,39.46517,-1.60518,Cuenca,1148,ADM3,6357561
villalube,41.61884,-5.54396,Zamora,199,ADM3,6362674
villaluenga de la sagra,40.02965,-3.90723,Toledo,4083,ADM3,6361847
villaluenga de la vega,42.52804,-4.77472,Palencia,595,ADM3,6360143
villaluenga del rosario,36.69085,-5.36573,Cadiz,471,ADM3,6356955
villamalea,39.36888,-1.52645,Albacete,4164,ADM3,6355369
villamalur,39.96115,-0.40305,Castello,92,ADM3,6357081
villamanan,42.33965,-5.60159,Leon,1282,ADM3,6358741
villamandos,42.18192,-5.59136,Leon,326,ADM3,6358740
villamanin,42.97312,-5.70508,Leon,1109,ADM3,6358759
villamanrique,38.50282,-3.02579,Ciudad Real,1370,ADM3,6357183
villamanrique de la condesa,37.23879,-6.31854,Sevilla,4266,ADM3,6361052
villamanrique de tajo,40.07027,-3.24308,Madrid,795,ADM3,6359392
villamanta,40.30017,-4.12162,Madrid,2501,ADM3,6359393
villamantilla,40.3411,-4.13989,Madrid,1420,ADM3,6359394
villamartin,36.85139,-5.5945,Cadiz,12394,ADM3,6356956
villamartin de campos,42.01128,-4.67877,Palencia,187,ADM3,6360144
villamartin de don sancho,42.58345,-5.08912,Leon,157,ADM3,6358742
villamayor,41.00097,-5.70383,Salamanca,6683,ADM3,6360590
villamayor de calatrava,38.80183,-4.21008,Ciudad Real,636,ADM3,6357184
villamayor de campos,41.91033,-5.36105,Zamora,422,ADM3,6362675
villamayor de gallego,41.69433,-0.73196,Zaragoza,2854,ADM3,7577085
villamayor de los montes,42.1093,-3.76302,Burgos,226,ADM3,6356665
villamayor de monjardin,42.62739,-2.11143,Navarra,137,ADM3,6359802
villamayor de santiago,39.75258,-2.90072,Cuenca,3000,ADM3,6357562
villamayor de trevino,42.46806,-4.13312,Burgos,84,ADM3,6356666
villambistia,42.41196,-3.25933,Burgos,46,ADM3,6356667
villamediana,42.04996,-4.3766,Palencia,191,ADM3,6360145
villamediana de iregua,42.43302,-2.4078,La Rioja,7212,ADM3,6359150
villamedianilla,42.16692,-4.14402,Burgos,10,ADM3,6356668
villamejil,42.56769,-6.01456,Leon,773,ADM3,6358743
villamena,36.97532,-3.59647,Granada,1028,ADM3,6357800
villameriel,42.54911,-4.47127,Palencia,122,ADM3,6360146
villamesias,39.25008,-5.8859,Caceres,278,ADM3,6356904
villamiel,40.14846,-6.81584,Caceres,640,ADM3,6356905
villamiel de la sierra,42.20073,-3.41016,Burgos,37,ADM3,6356669
villamiel de toledo,39.98658,-4.12934,Toledo,941,ADM3,6361848
villaminaya,39.71574,-3.87832,Toledo,589,ADM3,6361849
villamol,42.45081,-5.04995,Leon,182,ADM3,6358744
villamontan de la valduerna,42.3041,-6.00804,Leon,858,ADM3,6358745
villamor de los escuderos,41.25368,-5.56686,Zamora,450,ADM3,6362676
villamoratiel de las matas,42.40005,-5.31187,Leon,156,ADM3,6358746
villamoronta,42.40208,-4.69704,Palencia,279,ADM3,6360147
villamuelas,39.80131,-3.73573,Toledo,729,ADM3,6361850
villamuera de la cueza,42.25336,-4.67115,Palencia,50,ADM3,6360148
villamuriel de campos,41.94651,-5.19978,Valladolid,64,ADM3,6362335
villamuriel de cerrato,41.9547,-4.50596,Palencia,6354,ADM3,6360149
villan de tordesillas,41.59575,-4.92301,Valladolid,137,ADM3,6362336
villanazar,41.96882,-5.78082,Zamora,327,ADM3,6362677
villangomez,42.19047,-3.76954,Burgos,255,ADM3,6356670
villanova,42.55039,0.45703,Huesca,171,ADM3,6358441
villanua,42.68925,-0.51352,Huesca,447,ADM3,6358442
villanubla,41.70064,-4.83682,Valladolid,2367,ADM3,6362337
villanueva de alcardete,39.68988,-3.05513,Toledo,3761,ADM3,6361851
villanueva de alcoron,40.67196,-2.23387,Guadalajara,188,ADM3,6358075
villanueva de algaidas,37.18107,-4.40953,Malaga,4485,ADM3,6359499
villanueva de argano,42.38052,-3.9325,Burgos,111,ADM3,6356671
villanueva de argecilla,40.90469,-2.91125,Guadalajara,43,ADM3,6358076
villanueva de avila,40.37284,-4.82395,Avila,252,ADM3,6355866
villanueva de azoague,41.96873,-5.64618,Zamora,327,ADM3,6362678
villanueva de bogas,39.7246,-3.66006,Toledo,816,ADM3,6361852
villanueva de cameros,42.15658,-2.64154,La Rioja,92,ADM3,6359151
villanueva de campean,41.34989,-5.778,Zamora,143,ADM3,6362679
villanueva de carazo,41.98073,-3.31746,Burgos,32,ADM3,6356672
villanueva de castellon,39.07668,-0.51803,Valencia,7482,ADM3,6362121
villanueva de cordoba,38.31742,-4.6328,Cordoba,9440,ADM3,6357264
villanueva de duero,41.50953,-4.85152,Valladolid,1200,ADM3,6362338
villanueva de gallego,41.77858,-0.84852,Zaragoza,4814,ADM3,6362974
villanueva de gomez,40.88172,-4.71502,Avila,144,ADM3,6355852
villanueva de gormaz,41.47453,-3.05758,Soria,10,ADM3,6361232
villanueva de guadamejud,40.21802,-2.50055,Cuenca,104,ADM3,6357563
villanueva de gumiel,41.74321,-3.6293,Burgos,298,ADM3,6356673
villanueva de huerva,41.36738,-1.03891,Zaragoza,376,ADM3,6362976
villanueva de jiloca,41.08465,-1.38103,Zaragoza,73,ADM3,6362975
villanueva de la canada,40.45006,-3.98344,Madrid,18425,ADM3,6359395
villanueva de la concepcion,36.93072,-4.53199,Malaga,3465,ADM3,8630122
villanueva de la condesa,42.1518,-5.09596,Valladolid,64,ADM3,6362339
villanueva de la fuente,38.69485,-2.71589,Ciudad Real,2430,ADM3,6357185
villanueva de la jara,39.42237,-2.0076,Cuenca,2390,ADM3,6357564
villanueva de la reina,38.16076,-3.88475,Jaen,3358,ADM3,6358542
villanueva de la serena,39.00931,-5.73039,Badajoz,26071,ADM3,6356018
villanueva de la sierra,40.20217,-6.41694,Caceres,466,ADM3,6356906
villanueva de la torre,40.59376,-3.30308,Guadalajara,6438,ADM3,6358077
villanueva de la vera,40.16122,-5.41811,Caceres,2147,ADM3,6356907
villanueva de las cruces,37.6077,-7.00072,Huelva,412,ADM3,6358251
villanueva de las manzanas,42.463,-5.46805,Leon,522,ADM3,6358747
villanueva de las peras,41.9289,-5.98695,Zamora,116,ADM3,6362680
villanueva de las torres,37.53496,-3.10869,Granada,700,ADM3,6357788
villanueva de los caballeros,41.77266,-5.28076,Valladolid,214,ADM3,6362340
villanueva de los castillejos,37.44952,-7.18774,Huelva,2785,ADM3,6358252
villanueva de los infantes,38.7086,-3.03332,Ciudad Real,5727,ADM3,6357186
villanueva de los infantes,41.71017,-4.48201,Valladolid,118,ADM3,6362341
villanueva de mesia,37.21454,-4.01404,Granada,0,PPLA3,2509542
villanueva de oscos,43.32591,-6.99349,Asturias,345,ADM3,6359976
villanueva de perales,40.37458,-4.08262,Madrid,1486,ADM3,6359397
villanueva de san carlos,38.59534,-3.87956,Ciudad Real,356,ADM3,6357187
villanueva de san juan,37.07167,-5.18541,Sevilla,1323,ADM3,6361055
villanueva de san mancio,41.92732,-5.01049,Valladolid,109,ADM3,6362342
villanueva de sigena,41.68404,-0.03098,Huesca,340,ADM3,6358443
villanueva de tapia,37.18561,-4.34247,Malaga,1629,ADM3,6359502
villanueva de teba,42.64915,-3.16169,Burgos,46,ADM3,6356674
villanueva de viver,40.06427,-0.63138,Castello,77,ADM3,6357083
villanueva del aceral,41.0425,-4.86502,Avila,155,ADM3,6355853
villanueva del ariscal,37.39616,-6.13989,Sevilla,6159,ADM3,6361053
villanueva del arzobispo,38.17129,-2.95204,Jaen,8942,ADM3,6358543
villanueva del campillo,40.58569,-5.19019,Avila,112,ADM3,6355854
villanueva del campo,41.98924,-5.39085,Zamora,954,ADM3,6362681
villanueva del conde,40.50827,-6.01363,Salamanca,175,ADM3,6360591
villanueva del duque,38.38136,-5.0005,Cordoba,1611,ADM3,6357265
villanueva del fresno,38.38752,-7.16544,Badajoz,3617,ADM3,6356019
villanueva del pardillo,40.49106,-3.96849,Madrid,16509,ADM3,6359396
villanueva del rebollar,42.239,-4.73194,Palencia,87,ADM3,6360150
villanueva del rebollar de la sierra,40.90331,-1.00985,Teruel,47,ADM3,6361650
villanueva del rey,38.19286,-5.15533,Cordoba,1167,ADM3,6357266
villanueva del rio segura,38.10488,-1.32377,Murcia,2445,ADM3,6359546
villanueva del rio y minas,37.63911,-5.71075,Sevilla,5203,ADM3,6361054
villanueva del rosario,37.00992,-4.37796,Malaga,3641,ADM3,6359500
villanueva del trabuco,37.04786,-4.32211,Malaga,5482,ADM3,6359501
villanueva mesia,37.22062,-4.01576,Granada,2108,ADM3,6357789
villanuno de valdavia,42.52558,-4.51551,Palencia,99,ADM3,6360151
villaobispo de otero,42.5028,-6.05161,Leon,653,ADM3,6358748
villaornate y castro,42.19852,-5.52289,Leon,401,ADM3,6358760
villapalacios,38.57892,-2.62942,Albacete,682,ADM3,6355370
villaprovedo,42.51956,-4.40455,Palencia,69,ADM3,6360152
villaquejida,42.11039,-5.55269,Leon,979,ADM3,6358749
villaquilambre,42.65862,-5.52674,Leon,18124,ADM3,6358750
villaquiran de la puebla,42.28277,-4.09893,Burgos,49,ADM3,6356675
villaquiran de los infantes,42.22725,-4.00778,Burgos,151,ADM3,6356676
villar de arganan,40.67751,-6.70755,Salamanca,101,ADM3,6360592
"villar de arnedo, el",42.31383,-2.07791,La Rioja,652,ADM3,6359152
villar de canas,39.8095,-2.58571,Cuenca,431,ADM3,6357565
villar de ciervo,40.75509,-6.76593,Salamanca,297,ADM3,6360593
villar de corneja,40.47704,-5.44121,Avila,48,ADM3,6355855
villar de domingo garcia,40.2018,-2.26925,Cuenca,238,ADM3,6357566
villar de fallaves,41.92511,-5.3448,Zamora,62,ADM3,6362684
villar de gallimazo,40.94854,-5.29282,Salamanca,173,ADM3,6360594
villar de la encina,39.63051,-2.52707,Cuenca,173,ADM3,6357567
villar de la yegua,40.71757,-6.70795,Salamanca,208,ADM3,6360595
villar de los navarros,41.17168,-1.01407,Zaragoza,147,ADM3,6362977
villar de olalla,40.00208,-2.23785,Cuenca,1242,ADM3,6357570
villar de peralonso,41.0398,-6.20865,Salamanca,272,ADM3,6360596
villar de plasencia,40.147,-6.04393,Caceres,236,ADM3,6356909
villar de rena,39.09442,-5.79925,Badajoz,1438,ADM3,6356021
villar de samaniego,41.12364,-6.43152,Salamanca,97,ADM3,6360597
villar de torre,42.36674,-2.86595,La Rioja,244,ADM3,6359153
villar del ala,41.91437,-2.56089,Soria,56,ADM3,6361233
villar del arzobispo,39.69914,-0.81618,Valencia,3777,ADM3,6362122
villar del buey,41.33589,-6.273,Zamora,700,ADM3,6362685
villar del campo,41.79623,-2.14937,Soria,23,ADM3,6361234
villar del cobo,40.39772,-1.67842,Teruel,158,ADM3,6361651
villar del humo,39.85828,-1.64374,Cuenca,273,ADM3,6357568
villar del infantado,40.43814,-2.48583,Cuenca,45,ADM3,6357569
villar del olmo,40.33414,-3.23688,Madrid,2135,ADM3,6359398
villar del pedroso,39.67057,-5.25178,Caceres,655,ADM3,6356908
villar del pozo,38.85397,-3.97235,Ciudad Real,94,ADM3,6357188
villar del rey,39.11894,-6.81627,Badajoz,2355,ADM3,6356020
villar del rio,42.06356,-2.39935,Soria,165,ADM3,6361235
villar del salz,40.6811,-1.47674,Teruel,58,ADM3,6361652
villar y velasco,40.13759,-2.39121,Cuenca,104,ADM3,6357594
villaralbo,41.49988,-5.66493,Zamora,1904,ADM3,6362682
villaralto,38.45833,-4.98308,Cordoba,1282,ADM3,6357267
villarcayo de merindad de castilla la vieja,42.94222,-3.56567,Burgos,4791,ADM3,6356693
villardeciervos,41.95202,-6.29903,Zamora,456,ADM3,6362683
villardefrades,41.72454,-5.25981,Valladolid,189,ADM3,6362343
villardiegua de la ribera,41.53742,-6.19974,Zamora,147,ADM3,6362686
villardiga,41.82463,-5.48519,Zamora,96,ADM3,6362687
villardompardo,37.84392,-3.99781,Jaen,1101,ADM3,6358544
villardondiego,41.57467,-5.39961,Zamora,108,ADM3,6362688
villarejo,42.36724,-2.89256,La Rioja,34,ADM3,6359154
villarejo de fuentes,39.75861,-2.6766,Cuenca,648,ADM3,6357571
villarejo de la penuela,40.0808,-2.39637,Cuenca,25,ADM3,6357572
villarejo de montalban,39.77049,-4.54269,Toledo,71,ADM3,6361853
villarejo de orbigo,42.43285,-5.9126,Leon,3244,ADM3,6358751
villarejo de salvanes,40.11841,-3.26941,Madrid,7452,ADM3,6359399
villarejo del valle,40.32227,-4.99332,Avila,424,ADM3,6355856
villarejo-periesteban,39.88966,-2.4523,Cuenca,417,ADM3,6357573
villares de jadraque,41.09865,-3.02838,Guadalajara,65,ADM3,6358078
villares de la reina,41.01078,-5.65834,Salamanca,6033,ADM3,6360598
villares de orbigo,42.4781,-5.91635,Leon,708,ADM3,6358752
"villares de soria, los",41.87706,-2.36334,Soria,99,ADM3,6361236
villares de yeltes,40.88074,-6.42014,Salamanca,132,ADM3,6360599
villares del saz,39.83479,-2.52338,Cuenca,615,ADM3,6357574
"villares, los",37.68833,-3.83152,Jaen,5974,ADM3,6358545
villargordo del cabriel,39.54192,-1.48614,Valencia,651,ADM3,6362123
villariezo,42.26753,-3.73192,Burgos,569,ADM3,6356677
villarino de los aires,41.23321,-6.44425,Salamanca,938,ADM3,6360600
villarluengo,40.66156,-0.50128,Teruel,163,ADM3,6361653
villarmayor,41.04308,-5.95633,Salamanca,215,ADM3,6360601
villarmentero de campos,42.29257,-4.51721,Palencia,14,ADM3,6360153
villarmentero de esgueva,41.68773,-4.55135,Valladolid,109,ADM3,6362344
villarmuerto,41.06522,-6.35008,Salamanca,44,ADM3,6360602
villarquemado,40.53479,-1.22612,Teruel,870,ADM3,6361654
villarrabe,42.41729,-4.7958,Palencia,248,ADM3,6360154
villarramiel,42.04235,-4.9018,Palencia,901,ADM3,6360155
villarrasa,37.40205,-6.62964,Huelva,2203,ADM3,6358253
villarreal de huerva,41.20815,-1.26711,Zaragoza,270,ADM3,6362978
villarrin de campos,41.79057,-5.65563,Zamora,510,ADM3,6362689
villarrobledo,39.19657,-2.60463,Albacete,26583,ADM3,6355371
villarrodrigo,38.48828,-2.68639,Jaen,462,ADM3,6358546
villarroya,42.13838,-2.06338,La Rioja,9,ADM3,6359155
villarroya de la sierra,41.47823,-1.78442,Zaragoza,397,ADM3,6362979
villarroya de los pinares,40.51105,-0.65577,Teruel,163,ADM3,6361655
villarroya del campo,41.1473,-1.32819,Zaragoza,70,ADM3,6362980
villarrubia de los ojos,39.2035,-3.6405,Ciudad Real,11116,ADM3,6357189
villarrubia de santiago,40.00845,-3.33947,Toledo,2799,ADM3,6361854
villarrubio,39.94758,-2.89469,Cuenca,241,ADM3,6357575
villarta,39.44401,-1.60519,Cuenca,955,ADM3,6357576
villarta de los montes,39.21825,-4.75255,Badajoz,550,ADM3,6356022
villarta de san juan,39.20986,-3.4306,Ciudad Real,3066,ADM3,6357190
villarta-quintana,42.40597,-3.05913,La Rioja,161,ADM3,6359156
villas de la ventosa,40.24184,-2.4172,Cuenca,298,ADM3,6357577
villasabariego,42.54605,-5.38733,Leon,1248,ADM3,6358753
villasandino,42.37427,-4.10803,Burgos,213,ADM3,6356678
villasarracino,42.40666,-4.50796,Palencia,153,ADM3,6360156
villasayas,41.3582,-2.61607,Soria,75,ADM3,6361237
villasbuenas,41.03251,-6.58791,Salamanca,226,ADM3,6360603
villasbuenas de gata,40.1535,-6.62556,Caceres,436,ADM3,6356910
villasdardo,41.00609,-6.16674,Salamanca,20,ADM3,6360604
villaseca de arciel,41.61857,-2.1477,Soria,38,ADM3,6361238
villaseca de henares,40.96694,-2.80033,Guadalajara,34,ADM3,6358079
villaseca de la sagra,39.96725,-3.85727,Toledo,1890,ADM3,6361855
villaseca de uceda,40.84288,-3.3261,Guadalajara,55,ADM3,6358080
villaseco de los gamitos,41.03847,-6.10319,Salamanca,173,ADM3,6360605
villaseco de los reyes,41.14108,-6.14574,Salamanca,401,ADM3,6360606
villaseco del pan,41.47482,-5.9949,Zamora,249,ADM3,6362690
villaselan,42.57256,-5.03049,Leon,225,ADM3,6358754
villasequilla,39.86461,-3.70505,Toledo,2662,ADM3,6361856
villasexmir,41.63265,-5.06239,Valladolid,89,ADM3,6362345
villasila de valdavia,42.55324,-4.54115,Palencia,73,ADM3,6360157
villasrubias,40.32462,-6.62058,Salamanca,227,ADM3,6360607
villastar,40.26855,-1.16025,Teruel,551,ADM3,6361656
villasur de herreros,42.27755,-3.34695,Burgos,285,ADM3,6356679
villatobas,39.87046,-3.32723,Toledo,2701,ADM3,6361857
villatoro,40.53146,-5.10247,Avila,191,ADM3,6355857
villatorres,37.93522,-3.69227,Jaen,4467,ADM3,6358549
villatoya,39.33238,-1.32934,Albacete,135,ADM3,6355372
villatuelda,41.80124,-3.87434,Burgos,50,ADM3,6356680
villatuerta,42.6305,-1.92988,Navarra,1137,ADM3,6359804
villaturde,42.37649,-4.6786,Palencia,183,ADM3,6360158
villaturiel,42.53462,-5.52526,Leon,1941,ADM3,6358755
villaumbrales,42.07812,-4.60759,Palencia,738,ADM3,6360159
villava/atarrabia,42.83223,-1.60933,Navarra,10496,ADM3,6359805
villavaliente,39.1144,-1.4734,Albacete,268,ADM3,6355373
villavaquerin,41.65626,-4.43791,Valladolid,201,ADM3,6362346
villavelayo,42.1688,-2.98772,La Rioja,51,ADM3,6359157
villavellid,41.7012,-5.27456,Valladolid,63,ADM3,6362347
villavendimio,41.57919,-5.33442,Zamora,177,ADM3,6362691
villaverde de guadalimar,38.46144,-2.51042,Albacete,404,ADM3,6355374
villaverde de guarena,41.07217,-5.50544,Salamanca,158,ADM3,6360608
villaverde de iscar,41.2962,-4.5614,Segovia,685,ADM3,6360944
villaverde de medina,41.32478,-5.01524,Valladolid,535,ADM3,6362348
villaverde de montejo,41.50545,-3.66759,Segovia,43,ADM3,6360945
villaverde de rioja,42.32183,-2.81371,La Rioja,70,ADM3,6359158
villaverde del monte,42.13731,-3.84447,Burgos,148,ADM3,6356681
villaverde del rio,37.60083,-5.89514,Sevilla,7614,ADM3,6361056
villaverde y pasaconsol,39.77842,-2.27824,Cuenca,374,ADM3,6357578
villaverde-mogina,42.15121,-4.05022,Burgos,78,ADM3,6356682
villaveza de valverde,41.93328,-5.85532,Zamora,101,ADM3,6362693
villaveza del agua,41.90853,-5.6696,Zamora,225,ADM3,6362692
villavicencio de los caballeros,42.04911,-5.22862,Valladolid,248,ADM3,6362349
villaviciosa,43.47535,-5.41763,Asturias,14989,ADM3,6359977
villaviciosa de cordoba,38.07404,-5.01526,Cordoba,3514,ADM3,6357268
villaviciosa de odon,40.35936,-3.91422,Madrid,26708,ADM3,6359400
villavieja de yeltes,40.86574,-6.45564,Salamanca,899,ADM3,6360609
villavieja del lozoya,41.02302,-3.68807,Madrid,273,ADM3,6359401
villaviudas,41.95942,-4.32918,Palencia,394,ADM3,6360160
villayerno morquillas,42.39697,-3.64059,Burgos,218,ADM3,6356683
villayon,43.4214,-6.70759,Asturias,1460,ADM3,6359978
villazala,42.37741,-5.84629,Leon,779,ADM3,6358756
villazanzo de valderaduey,42.56881,-4.95016,Leon,520,ADM3,6358757
villazopeque,42.19769,-4.01593,Burgos,60,ADM3,6356684
villegas,42.46803,-4.01651,Burgos,101,ADM3,6355237
villeguillo,41.25273,-4.57768,Segovia,154,ADM3,6360946
villel,40.21922,-1.1967,Teruel,336,ADM3,6361657
villel de mesa,41.12902,-1.99381,Guadalajara,217,ADM3,6358081
villena,38.64191,-0.94476,Alicante,34894,ADM3,6355513
villerias de campos,41.94543,-4.85941,Palencia,106,ADM3,6360161
villodre,42.21161,-4.24622,Palencia,20,ADM3,6360162
villodrigo,42.15205,-4.08184,Palencia,135,ADM3,6360163
villoldo,42.26015,-4.60111,Palencia,398,ADM3,6360164
villora,39.73971,-1.60363,Cuenca,162,ADM3,6357579
villores,40.68034,-0.20678,Castello,48,ADM3,6357087
villoria,40.99033,-5.35911,Salamanca,1481,ADM3,6360610
villoruebo,42.17308,-3.44569,Burgos,71,ADM3,6356685
villoruela,41.00971,-5.39386,Salamanca,885,ADM3,6360611
villoslada de cameros,42.0709,-2.6995,La Rioja,360,ADM3,6359159
villota del paramo,42.57695,-4.88253,Palencia,353,ADM3,6360165
villovieco,42.31276,-4.46191,Palencia,80,ADM3,6360166
vilobi d'onyar,41.88601,2.73467,Girona,3053,ADM3,6534177
vilobi del penedes,41.38943,1.66971,Barcelona,1106,ADM3,6356321
vilopriu,42.10998,2.99175,Girona,217,ADM3,6534178
viloria,41.45417,-4.38044,Valladolid,368,ADM3,6362316
viloria de rioja,42.41824,-3.10107,Burgos,49,ADM3,6356649
"viluena, la",41.28296,-1.72124,Zaragoza,59,ADM3,6362968
vilvestre,41.10274,-6.73533,Salamanca,478,ADM3,6360586
vilviestre del pinar,41.93892,-3.06976,Burgos,656,ADM3,6356650
vimbodi,41.40069,1.05056,Tarragona,1030,PPLA3,3104603
vimbodi i poblet,41.36233,1.04664,Tarragona,1007,ADM3,6361418
vimianzo,43.11382,-9.02354,Coruna,7977,ADM3,6357359
vinaceite,41.25954,-0.57804,Teruel,176,ADM3,6361658
vinaixa,41.43729,0.98146,Lleida,450,ADM3,6358977
vinalesa,39.53426,-0.36671,Valencia,3205,ADM3,6362124
vinaros,40.49881,0.45673,Castello,28615,ADM3,6357088
vinas,41.78458,-6.45028,Zamora,225,ADM3,6362694
vindel,40.58322,-2.38266,Cuenca,15,ADM3,6357580
vinebre,41.21743,0.63038,Tarragona,427,ADM3,6361419
vinegra de morana,40.85562,-4.92742,Avila,57,ADM3,6355858
viniegra de abajo,42.12599,-2.88111,La Rioja,97,ADM3,6359160
viniegra de arriba,42.08119,-2.82467,La Rioja,54,ADM3,6359161
vinuela,36.86158,-4.14531,Malaga,2040,ADM3,6359503
vinuelas,40.79378,-3.34518,Guadalajara,130,ADM3,6358082
vinuesa,41.95001,-2.77398,Soria,975,ADM3,6361239
vinyols i els arcs,41.09376,1.05779,Tarragona,1936,ADM3,6361420
visiedo,40.67438,-1.11077,Teruel,132,ADM3,6361659
"viso de san juan, el",40.15131,-3.97427,Toledo,3930,ADM3,6361858
"viso del alcor, el",37.38827,-5.71455,Sevilla,18990,ADM3,6361057
viso del marques,38.5003,-3.53837,Ciudad Real,2721,ADM3,6357191
"viso, el",38.48961,-4.96033,Cordoba,2763,ADM3,6357269
vistabella,41.20827,-1.16423,Zaragoza,51,ADM3,6362981
vistabella del maestrazgo,40.32293,-0.30081,Castello,419,ADM3,6357089
vita,40.82841,-5.00054,Avila,92,ADM3,6355859
vitigudino,41.01291,-6.41966,Salamanca,2866,ADM3,6360612
vitoria-gasteiz,42.84627,-2.67225,Araba / Alava,242223,ADM3,6355286
viveiro,43.6555,-7.58279,Lugo,16108,ADM3,6359224
vivel del rio martin,40.88826,-0.92044,Teruel,86,ADM3,6361660
viver,39.93591,-0.6328,Castello,1666,ADM3,6357090
viver i serrateix,41.9502,1.79864,Barcelona,178,ADM3,6356325
viveros,38.80684,-2.57423,Albacete,356,ADM3,6355375
vizcainos,42.09786,-3.27315,Burgos,53,ADM3,6356686
vizmanos,42.03693,-2.40562,Soria,27,ADM3,6361240
viznar,37.23253,-3.54482,Granada,937,ADM3,6357790
voto,43.35562,-3.48669,Cantabria,2798,ADM3,6360746
vozmediano,41.84205,-1.83876,Soria,41,ADM3,6361241
wamba,41.67725,-4.91253,Valladolid,355,ADM3,6362350
xalo,38.72159,-0.0366,Alicante,3301,ADM3,6355457
xativa,39.00081,-0.54095,Valencia,29196,ADM3,6362010
xeraco,39.03578,-0.21312,Valencia,6230,ADM3,6362008
xeresa,39.01296,-0.23503,Valencia,2294,ADM3,6362011
xermade,43.37699,-7.79688,Lugo,2101,ADM3,6359182
xerta,40.90295,0.46335,Tarragona,1277,ADM3,6361295
xinzo de limia,42.01898,-7.70073,Ourense,10358,ADM3,6359850
xirivella,39.46608,-0.42787,Valencia,30213,ADM3,6361975
xove,43.69375,-7.50398,Lugo,3512,ADM3,6359186
xunqueira de ambia,42.18473,-7.71949,Ourense,1649,ADM3,6359854
xunqueira de espadanedo,42.33302,-7.63208,Ourense,892,ADM3,6359855
yaiza,28.96329,-13.76312,Las Palmas,15131,ADM3,6360204
yanguas,42.11716,-2.32504,Soria,123,ADM3,6361242
yanguas de eresma,41.06692,-4.25148,Segovia,159,ADM3,6360947
yatova,39.35882,-0.92221,Valencia,2136,ADM3,6362125
"yebenes, los",39.47215,-3.91658,Toledo,6367,ADM3,6361859
yebes,40.54894,-3.1048,Guadalajara,2177,ADM3,6358083
yebra,40.35136,-2.95558,Guadalajara,632,ADM3,6358084
yebra de basa,42.48701,-0.2435,Huesca,155,ADM3,6358444
yecla,38.65514,-1.1296,Murcia,34234,ADM3,6359547
yecla de yeltes,40.94678,-6.48063,Salamanca,285,ADM3,6360613
yecora/iekora,42.55691,-2.46343,Araba / Alava,285,ADM3,6355287
yelamos de abajo,40.62045,-2.85148,Guadalajara,70,ADM3,6358085
yelamos de arriba,40.64569,-2.83912,Guadalajara,110,ADM3,6358086
yeles,40.1214,-3.78375,Toledo,5069,ADM3,6361860
yelo,41.22022,-2.542,Soria,48,ADM3,6361243
yemeda,39.75383,-1.7319,Cuenca,41,ADM3,6357581
yepes,39.90678,-3.68159,Toledo,5150,ADM3,6361861
yernes y tameza,43.26393,-6.10852,Asturias,166,ADM3,6359979
yerri,42.70161,-1.93806,Navarra,1436,PPLA3,6269610
yesa,42.62586,-1.18595,Navarra,252,ADM3,6359808
yesero,42.63781,-0.22375,Huesca,60,ADM3,6358445
yeste,38.31521,-2.30886,Albacete,3157,ADM3,6355376
yuncler,40.05208,-3.90546,Toledo,3724,ADM3,6361862
yunclillos,40.0154,-4.00394,Toledo,856,ADM3,6361863
yuncos,40.0909,-3.88794,Toledo,10587,ADM3,6361864
yunquera,36.73543,-4.92715,Malaga,3139,ADM3,6359504
yunquera de henares,40.75555,-3.17482,Guadalajara,3728,ADM3,6358087
"yunta, la",40.92936,-1.66405,Guadalajara,115,ADM3,6358088
zabalza/zabaltza,42.7727,-1.79711,Navarra,282,ADM3,6359809
zael,42.10995,-3.82807,Burgos,115,ADM3,6356687
zafarraya,36.98647,-4.16086,Granada,2113,ADM3,6357791
zafra,38.44471,-6.4572,Badajoz,16753,ADM3,6356023
zafra de zancara,39.90162,-2.52592,Cuenca,147,ADM3,6357582
zafrilla,40.23026,-1.63946,Cuenca,88,ADM3,6357583
zagra,37.25875,-4.1781,Granada,937,ADM3,6357805
zahara,36.83795,-5.44117,Cadiz,1511,ADM3,6356957
zahinos,38.3282,-6.98567,Badajoz,2877,ADM3,6356024
"zaida, la",41.33057,-0.42933,Zaragoza,433,ADM3,6362982
zaidin,41.62331,0.28254,Huesca,1807,ADM3,6358446
zalamea de la serena,38.65252,-5.71566,Badajoz,3884,ADM3,6356025
zalamea la real,37.63742,-6.66012,Huelva,3365,ADM3,6358254
zaldibar,43.1703,-2.51814,Bizkaia,3062,ADM3,6362434
zaldibia,43.0201,-2.13876,Gipuzkoa,1522,ADM3,6358166
zaldivia,43.0372,-2.1506,Gipuzkoa,0,PPLA3,3104358
zalduondo,42.90178,-2.33978,Araba / Alava,194,ADM3,6355288
zalla,43.21667,-3.13333,Bizkaia,8442,ADM3,3104354
zamarra,40.5006,-6.44121,Salamanca,113,ADM3,6360614
zamayon,41.16041,-5.82775,Salamanca,189,ADM3,6360615
zambrana,42.65866,-2.82778,Araba / Alava,430,ADM3,6355289
zamora,41.52259,-5.80054,Zamora,65362,ADM3,6362695
zamudio,43.28902,-2.86651,Bizkaia,3281,ADM3,6362439
zaorejas,40.76473,-2.16427,Guadalajara,158,ADM3,6358089
zapardiel de la canada,40.61418,-5.31858,Avila,114,ADM3,6355860
zapardiel de la ribera,40.30797,-5.31848,Avila,119,ADM3,6355861
zaragoza,41.64829,-0.88303,Zaragoza,691037,ADM3,6362983
zarapicos,41.03752,-5.83848,Salamanca,54,ADM3,6360616
zaratamo,43.20992,-2.86955,Bizkaia,1663,ADM3,6362435
zaratan,41.65554,-4.79254,Valladolid,5843,ADM3,6362351
zarautz,43.28096,-2.16722,Gipuzkoa,22650,ADM3,6358167
zarra,39.1053,-1.11397,Valencia,548,ADM3,6362127
zarraton,42.51878,-2.87125,La Rioja,299,ADM3,6359162
zarza de granadilla,40.26127,-6.08124,Caceres,1850,ADM3,6356911
zarza de montanchez,39.23895,-6.02929,Caceres,596,ADM3,6356912
"zarza de pumareda, la",41.15707,-6.61889,Salamanca,159,ADM3,6360617
zarza de tajo,40.02972,-3.11881,Cuenca,327,ADM3,6357584
zarza la mayor,39.90697,-6.83949,Caceres,1409,ADM3,6356913
"zarza, la",38.80084,-6.27056,Badajoz,3645,ADM3,6356027
"zarza, la",41.26845,-4.76293,Valladolid,124,ADM3,6362352
zarza-capilla,38.75562,-5.13479,Badajoz,382,ADM3,6356026
zarzalejo,40.545,-4.17091,Madrid,1620,ADM3,6359402
zarzosa,42.17312,-2.35414,La Rioja,16,ADM3,6359163
zarzosa de rio pisuerga,42.54613,-4.25638,Burgos,34,ADM3,6356688
zarzuela,40.25967,-2.14445,Cuenca,222,ADM3,6357585
zarzuela de jadraque,41.06595,-3.04899,Guadalajara,40,ADM3,6358090
zarzuela del monte,40.81125,-4.32637,Segovia,583,ADM3,6360948
zarzuela del pinar,41.26595,-4.17963,Segovia,491,ADM3,6360949
zas,43.10308,-8.92642,Coruna,5109,ADM3,6357360
zazuar,41.6752,-3.55026,Burgos,256,ADM3,6356689
zeanuri,43.10324,-2.74349,Bizkaia,1312,ADM3,6362370
zeberio,43.16074,-2.86731,Bizkaia,1075,ADM3,6362371
zegama,42.97037,-2.29288,Gipuzkoa,1553,ADM3,6358115
zerain,43.01068,-2.2848,Gipuzkoa,265,ADM3,6358116
zestoa,43.23996,-2.25875,Gipuzkoa,3661,ADM3,6358117
zierbena,43.3543,-3.09074,Bizkaia,1461,ADM3,6362447
zigoitia,42.97258,-2.72226,Araba / Alava,1747,ADM3,6355256
ziordia,42.8703,-2.22834,Navarra,394,ADM3,6359621
ziortza-bolibar,43.24483,-2.55689,Bizkaia,418,ADM3,7577097
zizur mayor/zizur nagusia,42.7925,-1.6923,Navarra,14084,ADM3,6359818
zizurkil,43.21322,-2.07748,Gipuzkoa,2910,ADM3,6358118
"zoma, la",40.77558,-0.61199,Teruel,28,ADM3,6361661
zorita,39.28758,-5.67261,Caceres,1586,ADM3,6356914
zorita de la frontera,41.01468,-5.20495,Salamanca,210,ADM3,6360618
zorita de los canes,40.33308,-2.8923,Guadalajara,98,ADM3,6358091
zorita del maestrazgo,40.74047,-0.17381,Castello,146,ADM3,6357091
zorraquin,42.31938,-3.04309,La Rioja,89,ADM3,6359164
zotes del paramo,42.26942,-5.74401,Leon,485,ADM3,6358758
"zubia, la",37.11195,-3.57142,Granada,18375,ADM3,6357792
zubieta,43.12759,-1.76109,Navarra,295,ADM3,6359810
zucaina,40.1342,-0.43358,Castello,187,ADM3,6357092
zuera,41.8892,-0.75176,Zaragoza,8766,ADM3,6362984
zufre,37.82744,-6.38344,Huelva,918,ADM3,6358255
zugarramurdi,43.2756,-1.54322,Navarra,243,ADM3,6359811
zuheros,37.54021,-4.33131,Cordoba,741,ADM3,6357270
zuia,42.96032,-2.83791,Araba / Alava,2372,ADM3,6355290
zujar,37.57208,-2.84714,Granada,2989,ADM3,6357793
zumaia,43.28765,-2.24611,Gipuzkoa,9581,ADM3,6358169
zumarraga,43.0902,-2.31331,Gipuzkoa,10024,ADM3,6358168
zuneda,42.60316,-3.22165,Burgos,61,ADM3,6356690
zuniga,42.69269,-2.29198,Navarra,108,ADM3,6359812
zurgena,37.35882,-2.0348,Almeria,3184,ADM3,6355615
